# File generated by ImageToStl.com - Free Image and 3D model conversion tools

mtllib wine_glass.mtl

o obj1
v 0.88399142 0.00118464 -0.28722623
v 0.82811242 0.0011847 -0.42194432
v 0.88003737 0.00822508 -0.44840139
v 0.93941998 0.00822496 -0.3052361
v 0.75196815 0.00118464 -0.54633677
v 0.79911852 0.00822496 -0.58059353
v 0.75474483 0.02605331 -0.54835421
v 0.83117032 0.02605337 -0.42350245
v 0.88725567 0.02605331 -0.28828683
v 0.65719372 0.0011847 -0.65719366
v 0.69840157 0.00822508 -0.69840157
v 0.54633677 0.00118464 -0.75196803
v 0.58059353 0.00822496 -0.79911852
v 0.54835421 0.02605331 -0.75474477
v 0.65962046 0.02605337 -0.65962052
v 0.42194429 0.0011847 -0.82811242
v 0.44840139 0.00822508 -0.88003725
v 0.2872262 0.00118464 -0.88399136
v 0.30523607 0.00822496 -0.93941998
v 0.28828683 0.02605331 -0.88725561
v 0.42350242 0.02605337 -0.83117038
v 0.14539209 0.0011847 -0.91796958
v 0.15450858 0.00822508 -0.97552872
v -0 0.00118464 -0.92948347
v 0 0.00822496 -0.98776472
v -1E-08 0.02605331 -0.93291569
v 0.14592898 0.02605337 -0.92135936
v -0.14539209 0.0011847 -0.91796952
v -0.15450858 0.00822508 -0.97552872
v -0.2872262 0.00118464 -0.88399136
v -0.30523604 0.00822496 -0.93941987
v -0.28828683 0.02605331 -0.88725561
v -0.14592898 0.02605337 -0.92135936
v -0.42194426 0.0011847 -0.8281123
v -0.44840133 0.00822508 -0.88003713
v -0.54633665 0.00118464 -0.75196785
v -0.58059341 0.00822496 -0.7991184
v -0.54835415 0.02605331 -0.75474453
v -0.42350239 0.02605337 -0.83117026
v -0.65719354 0.0011847 -0.65719354
v -0.69840133 0.00822508 -0.69840133
v -0.75196779 0.00118464 -0.54633659
v -0.79911822 0.00822496 -0.58059335
v -0.75474459 0.02605331 -0.54835409
v -0.65962034 0.02605337 -0.65962034
v -0.82811207 0.0011847 -0.42194417
v -0.88003701 0.00822508 -0.44840127
v -0.88399118 0.00118464 -0.28722614
v -0.93941975 0.00822496 -0.30523595
v -0.88725543 0.02605331 -0.28828678
v -0.83117008 0.02605337 -0.4235023
v -0.91796929 0.0011847 -0.14539205
v -0.97552848 0.00822508 -0.15450853
v -0.92948323 0.00118464 -1E-08
v -0.9877643 0.00822496 0
v -0.93291551 0.02605331 -1E-08
v -0.92135912 0.02605337 -0.14592893
v -0.91796929 0.0011847 0.14539203
v -0.97552848 0.00822508 0.15450853
v -0.88399118 0.00118464 0.28722608
v -0.93941975 0.00822496 0.30523595
v -0.88725543 0.02605331 0.28828675
v -0.92135912 0.02605337 0.14592893
v -0.82811207 0.0011847 0.42194414
v -0.88003695 0.00822508 0.44840121
v -0.75196773 0.00118464 0.54633647
v -0.79911816 0.00822496 0.58059329
v -0.75474441 0.02605331 0.54835397
v -0.83117008 0.02605337 0.42350227
v -0.65719348 0.0011847 0.65719342
v -0.69840127 0.00822508 0.69840121
v -0.54633653 0.00118464 0.75196773
v -0.58059335 0.00822496 0.7991181
v -0.54835403 0.02605331 0.75474441
v -0.65962029 0.02605337 0.65962023
v -0.42194414 0.0011847 0.82811195
v -0.44840121 0.00822508 0.88003689
v -0.28722614 0.00118464 0.88399106
v -0.30523595 0.00822496 0.93941963
v -0.28828675 0.02605331 0.88725537
v -0.4235023 0.02605337 0.8311699
v -0.14539208 0.0011847 0.91796917
v -0.15450855 0.00822508 0.97552842
v -4E-08 0.00118464 0.92948318
v -3E-08 0.00822496 0.98776424
v -4E-08 0.02605331 0.93291545
v -0.14592896 0.02605337 0.92135894
v 0.14539199 0.0011847 0.91796917
v 0.15450847 0.00822508 0.97552836
v 0.28722602 0.00118464 0.88399094
v 0.30523589 0.00822496 0.93941963
v 0.28828663 0.02605331 0.88725531
v 0.14592889 0.02605337 0.92135894
v 0.42194408 0.0011847 0.82811195
v 0.44840109 0.00822508 0.88003683
v 0.54633635 0.00118464 0.75196767
v 0.58059323 0.00822496 0.79911804
v 0.54835385 0.02605331 0.75474429
v 0.42350218 0.02605337 0.8311699
v 0.65719336 0.0011847 0.65719336
v 0.69840109 0.00822508 0.69840121
v 0.75196767 0.00118464 0.54633647
v 0.79911804 0.00822496 0.58059329
v 0.75474435 0.02605331 0.54835391
v 0.65962017 0.02605337 0.65962017
v 0.82811195 0.0011847 0.42194411
v 0.88003677 0.00822508 0.44840115
v 0.88399094 0.00118464 0.28722602
v 0.93941957 0.00822496 0.30523592
v 0.88725531 0.02605331 0.28828669
v 0.83116984 0.02605337 0.42350221
v 0.91796905 0.0011847 0.14539202
v 0.97552824 0.00822508 0.1545085
v 0.92948318 0.00118464 -3E-08
v 0.98776424 0.00822496 -2E-08
v 0.93291539 0.02605331 -3E-08
v 0.92135882 0.02605337 0.14592892
v 0.91796935 0.0011847 -0.1453921
v 0.9755286 0.00822508 -0.15450859
v 0.88399142 0.00118464 -0.28722623
v 0.93941998 0.00822496 -0.3052361
v 0.88725567 0.02605331 -0.28828683
v 0.92135912 0.02605337 -0.14592901
v 0.75196815 0.00118464 -0.54633677
v 0.82811242 0.0011847 -0.42194432
v 0.67233783 0.01995921 -0.34257317
v 0.61051697 0.01995927 -0.44356635
v 0.88399142 0.00118464 -0.28722623
v 0.71770537 0.01995927 -0.23319663
v 0.51999074 0.05262101 -0.16895527
v 0.48712125 0.05262089 -0.24820052
v 0.44233087 0.05262095 -0.32137194
v 0.54633677 0.00118464 -0.75196803
v 0.65719372 0.0011847 -0.65719366
v 0.53357029 0.01995921 -0.53357029
v 0.44356629 0.01995927 -0.61051679
v 0.75196815 0.00118464 -0.54633677
v 0.61051697 0.01995927 -0.44356635
v 0.44233087 0.05262095 -0.32137194
v 0.38658157 0.05262089 -0.38658151
v 0.32137185 0.05262095 -0.44233066
v 0.2872262 0.00118464 -0.88399136
v 0.42194429 0.0011847 -0.82811242
v 0.34257311 0.01995921 -0.67233771
v 0.23319656 0.01995927 -0.71770537
v 0.54633677 0.00118464 -0.75196803
v 0.44356629 0.01995927 -0.61051679
v 0.32137185 0.05262095 -0.44233066
v 0.24820042 0.05262089 -0.48712113
v 0.16895515 0.05262095 -0.5199908
v -0 0.00118464 -0.92948347
v 0.14539209 0.0011847 -0.91796958
v 0.11804262 0.01995921 -0.74529195
v -3E-08 0.01995927 -0.75464004
v 0.2872262 0.00118464 -0.88399136
v 0.23319656 0.01995927 -0.71770537
v 0.16895515 0.05262095 -0.5199908
v 0.085524 0.05262089 -0.53997779
v -5E-08 0.05262095 -0.54675055
v -0.2872262 0.00118464 -0.88399136
v -0.14539209 0.0011847 -0.91796952
v -0.11804266 0.01995921 -0.74529195
v -0.23319659 0.01995927 -0.71770525
v -0 0.00118464 -0.92948347
v -3E-08 0.01995927 -0.75464004
v -5E-08 0.05262095 -0.54675055
v -0.0855241 0.05262089 -0.53997773
v -0.16895521 0.05262095 -0.51999074
v -0.54633665 0.00118464 -0.75196785
v -0.42194426 0.0011847 -0.8281123
v -0.34257308 0.01995921 -0.67233765
v -0.4435662 0.01995927 -0.61051667
v -0.2872262 0.00118464 -0.88399136
v -0.23319659 0.01995927 -0.71770525
v -0.16895521 0.05262095 -0.51999074
v -0.24820048 0.05262089 -0.48712105
v -0.32137185 0.05262095 -0.44233057
v -0.75196779 0.00118464 -0.54633659
v -0.65719354 0.0011847 -0.65719354
v -0.53357005 0.01995921 -0.53357011
v -0.61051649 0.01995927 -0.4435662
v -0.54633665 0.00118464 -0.75196785
v -0.4435662 0.01995927 -0.61051667
v -0.32137185 0.05262095 -0.44233057
v -0.38658139 0.05262089 -0.38658139
v -0.44233051 0.05262095 -0.32137191
v -0.88399118 0.00118464 -0.28722614
v -0.82811207 0.0011847 -0.42194417
v -0.67233753 0.01995921 -0.34257305
v -0.71770513 0.01995927 -0.23319656
v -0.75196779 0.00118464 -0.54633659
v -0.61051649 0.01995927 -0.4435662
v -0.44233051 0.05262095 -0.32137191
v -0.48712093 0.05262089 -0.24820048
v -0.51999062 0.05262095 -0.16895522
v -0.92948323 0.00118464 -1E-08
v -0.91796929 0.0011847 -0.14539205
v -0.74529177 0.01995921 -0.11804265
v -0.75463974 0.01995927 -4E-08
v -0.88399118 0.00118464 -0.28722614
v -0.71770513 0.01995927 -0.23319656
v -0.51999062 0.05262095 -0.16895522
v -0.53997755 0.05262089 -0.0855241
v -0.54675043 0.05262095 -8E-08
v -0.88399118 0.00118464 0.28722608
v -0.91796929 0.0011847 0.14539203
v -0.74529171 0.01995921 0.11804256
v -0.71770513 0.01995927 0.23319645
v -0.92948323 0.00118464 -1E-08
v -0.75463974 0.01995927 -4E-08
v -0.54675043 0.05262095 -8E-08
v -0.53997755 0.05262089 0.08552394
v -0.51999062 0.05262095 0.16895504
v -0.75196773 0.00118464 0.54633647
v -0.82811207 0.0011847 0.42194414
v -0.67233741 0.01995921 0.34257293
v -0.61051649 0.01995927 0.44356602
v -0.88399118 0.00118464 0.28722608
v -0.71770513 0.01995927 0.23319645
v -0.51999062 0.05262095 0.16895504
v -0.48712093 0.05262089 0.24820025
v -0.44233045 0.05262095 0.32137159
v -0.54633653 0.00118464 0.75196773
v -0.65719348 0.0011847 0.65719342
v -0.53357005 0.01995921 0.53356987
v -0.44356614 0.01995927 0.61051637
v -0.75196773 0.00118464 0.54633647
v -0.61051649 0.01995927 0.44356602
v -0.44233045 0.05262095 0.32137159
v -0.38658133 0.05262089 0.38658112
v -0.32137185 0.05262095 0.44233033
v -0.28722614 0.00118464 0.88399106
v -0.42194414 0.0011847 0.82811195
v -0.34257302 0.01995921 0.67233735
v -0.23319653 0.01995927 0.71770501
v -0.54633653 0.00118464 0.75196773
v -0.44356614 0.01995927 0.61051637
v -0.32137185 0.05262095 0.44233033
v -0.24820043 0.05262089 0.48712075
v -0.16895518 0.05262095 0.51999044
v -4E-08 0.00118464 0.92948318
v -0.14539208 0.0011847 0.91796917
v -0.11804264 0.01995921 0.74529159
v -5E-08 0.01995927 0.75463963
v -0.28722614 0.00118464 0.88399106
v -0.23319653 0.01995927 0.71770501
v -0.16895518 0.05262095 0.51999044
v -0.08552408 0.05262089 0.53997737
v -7E-08 0.05262095 0.54675013
v 0.28722602 0.00118464 0.88399094
v 0.14539199 0.0011847 0.91796917
v 0.11804253 0.01995921 0.74529165
v 0.23319641 0.01995927 0.71770501
v -4E-08 0.00118464 0.92948318
v -5E-08 0.01995927 0.75463963
v -7E-08 0.05262095 0.54675013
v 0.08552392 0.05262089 0.53997737
v 0.168955 0.05262095 0.51999038
v 0.54633635 0.00118464 0.75196767
v 0.42194408 0.0011847 0.82811195
v 0.34257284 0.01995921 0.67233735
v 0.44356599 0.01995927 0.61051637
v 0.28722602 0.00118464 0.88399094
v 0.23319641 0.01995927 0.71770501
v 0.168955 0.05262095 0.51999038
v 0.24820024 0.05262089 0.48712072
v 0.32137164 0.05262095 0.44233024
v 0.75196767 0.00118464 0.54633647
v 0.65719336 0.0011847 0.65719336
v 0.53356981 0.01995921 0.53356987
v 0.61051631 0.01995927 0.44356602
v 0.54633635 0.00118464 0.75196767
v 0.44356599 0.01995927 0.61051637
v 0.32137164 0.05262095 0.44233024
v 0.38658112 0.05262089 0.38658109
v 0.44233027 0.05262095 0.32137159
v 0.88399094 0.00118464 0.28722602
v 0.82811195 0.0011847 0.42194411
v 0.67233729 0.01995921 0.3425729
v 0.71770495 0.01995927 0.23319642
v 0.75196767 0.00118464 0.54633647
v 0.61051631 0.01995927 0.44356602
v 0.44233027 0.05262095 0.32137159
v 0.48712069 0.05262089 0.24820024
v 0.51999044 0.05262095 0.168955
v 0.92948318 0.00118464 -3E-08
v 0.91796905 0.0011847 0.14539202
v 0.74529147 0.01995921 0.11804254
v 0.75463963 0.01995927 -6E-08
v 0.88399094 0.00118464 0.28722602
v 0.71770495 0.01995927 0.23319642
v 0.51999044 0.05262095 0.168955
v 0.53997731 0.05262089 0.08552393
v 0.54675019 0.05262095 -9E-08
v 0.88399142 0.00118464 -0.28722623
v 0.91796935 0.0011847 -0.1453921
v 0.74529177 0.01995921 -0.11804269
v 0.71770537 0.01995927 -0.23319663
v 0.92948318 0.00118464 -3E-08
v 0.75463963 0.01995927 -6E-08
v 0.54675019 0.05262095 -9E-08
v 0.53997749 0.05262089 -0.08552413
v 0.51999074 0.05262101 -0.16895527
v 0.44233087 0.05262095 -0.32137194
v 0.48712125 0.05262089 -0.24820052
v 0.34687036 0.08724213 -0.1767392
v 0.31497598 0.08724207 -0.22884327
v 0.51999074 0.05262101 -0.16895527
v 0.37027615 0.08724207 -0.12031008
v 0.2564992 0.13553447 -0.08334175
v 0.24028549 0.13553441 -0.12243158
v 0.21819144 0.13553447 -0.1585253
v 0.32137185 0.05262095 -0.44233066
v 0.38658157 0.05262089 -0.38658151
v 0.27527785 0.08724213 -0.27527782
v 0.22884315 0.08724207 -0.31497583
v 0.44233087 0.05262095 -0.32137194
v 0.31497598 0.08724207 -0.22884327
v 0.21819144 0.13553447 -0.1585253
v 0.19069159 0.13553441 -0.19069164
v 0.15852515 0.13553447 -0.21819144
v 0.16895515 0.05262095 -0.5199908
v 0.24820042 0.05262089 -0.48712113
v 0.17673904 0.08724213 -0.3468703
v 0.12030989 0.08724207 -0.37027624
v 0.32137185 0.05262095 -0.44233066
v 0.22884315 0.08724207 -0.31497583
v 0.15852515 0.13553447 -0.21819144
v 0.12243137 0.13553441 -0.24028552
v 0.08334154 0.13553447 -0.25649935
v -5E-08 0.05262095 -0.54675055
v 0.085524 0.05262089 -0.53997779
v 0.06090008 0.08724213 -0.38450855
v -7E-08 0.08724207 -0.38933131
v 0.16895515 0.05262095 -0.5199908
v 0.12030989 0.08724207 -0.37027624
v 0.08334154 0.13553447 -0.25649935
v 0.04218692 0.13553441 -0.26635841
v -9E-08 0.13553447 -0.26969925
v -0.16895521 0.05262095 -0.51999074
v -0.0855241 0.05262089 -0.53997773
v -0.06090021 0.08724213 -0.38450855
v -0.12031001 0.08724207 -0.37027624
v -5E-08 0.05262095 -0.54675055
v -7E-08 0.08724207 -0.38933131
v -9E-08 0.13553447 -0.26969925
v -0.04218709 0.13553441 -0.26635841
v -0.08334168 0.13553447 -0.25649935
v -0.32137185 0.05262095 -0.44233057
v -0.24820048 0.05262089 -0.48712105
v -0.17673916 0.08724213 -0.34687027
v -0.2288432 0.08724207 -0.31497577
v -0.16895521 0.05262095 -0.51999074
v -0.12031001 0.08724207 -0.37027624
v -0.08334168 0.13553447 -0.25649935
v -0.12243152 0.13553441 -0.24028547
v -0.15852524 0.13553447 -0.21819139
v -0.44233051 0.05262095 -0.32137191
v -0.38658139 0.05262089 -0.38658139
v -0.2752777 0.08724213 -0.27527779
v -0.31497571 0.08724207 -0.22884324
v -0.32137185 0.05262095 -0.44233057
v -0.2288432 0.08724207 -0.31497577
v -0.15852524 0.13553447 -0.21819139
v -0.19069156 0.13553441 -0.19069162
v -0.21819133 0.13553447 -0.15852532
v -0.51999062 0.05262095 -0.16895522
v -0.48712093 0.05262089 -0.24820048
v -0.34687018 0.08724213 -0.1767392
v -0.37027612 0.08724207 -0.12031005
v -0.44233051 0.05262095 -0.32137191
v -0.31497571 0.08724207 -0.22884324
v -0.21819133 0.13553447 -0.15852532
v -0.24028543 0.13553441 -0.12243156
v -0.25649926 0.13553447 -0.08334173
v -0.54675043 0.05262095 -8E-08
v -0.53997755 0.05262089 -0.0855241
v -0.38450846 0.08724213 -0.06090024
v -0.38933122 0.08724207 -1.1E-07
v -0.51999062 0.05262095 -0.16895522
v -0.37027612 0.08724207 -0.12031005
v -0.25649926 0.13553447 -0.08334173
v -0.26635835 0.13553441 -0.04218713
v -0.26969919 0.13553447 -1.3E-07
v -0.51999062 0.05262095 0.16895504
v -0.53997755 0.05262089 0.08552394
v -0.38450846 0.08724213 0.06090002
v -0.37027612 0.08724207 0.1203098
v -0.54675043 0.05262095 -8E-08
v -0.38933122 0.08724207 -1.1E-07
v -0.26969919 0.13553447 -1.3E-07
v -0.26635835 0.13553441 0.04218686
v -0.25649926 0.13553447 0.08334145
v -0.44233045 0.05262095 0.32137159
v -0.48712093 0.05262089 0.24820025
v -0.34687018 0.08724213 0.1767389
v -0.31497571 0.08724207 0.2288429
v -0.51999062 0.05262095 0.16895504
v -0.37027612 0.08724207 0.1203098
v -0.25649926 0.13553447 0.08334145
v -0.24028541 0.13553441 0.12243124
v -0.21819134 0.13553447 0.15852496
v -0.32137185 0.05262095 0.44233033
v -0.38658133 0.05262089 0.38658112
v -0.2752777 0.08724213 0.27527747
v -0.22884318 0.08724207 0.3149755
v -0.44233045 0.05262095 0.32137159
v -0.31497571 0.08724207 0.2288429
v -0.21819134 0.13553447 0.15852496
v -0.19069156 0.13553441 0.19069129
v -0.15852523 0.13553447 0.21819107
v -0.16895518 0.05262095 0.51999044
v -0.24820043 0.05262089 0.48712075
v -0.17673914 0.08724213 0.34686995
v -0.12031 0.08724207 0.37027586
v -0.32137185 0.05262095 0.44233033
v -0.22884318 0.08724207 0.3149755
v -0.15852523 0.13553447 0.21819107
v -0.12243152 0.13553441 0.24028516
v -0.08334167 0.13553447 0.25649899
v -7E-08 0.05262095 0.54675013
v -0.08552408 0.05262089 0.53997737
v -0.0609002 0.08724213 0.38450819
v -9E-08 0.08724207 0.38933098
v -0.16895518 0.05262095 0.51999044
v -0.12031 0.08724207 0.37027586
v -0.08334167 0.13553447 0.25649899
v -0.04218708 0.13553441 0.26635805
v -1E-07 0.13553447 0.26969892
v 0.168955 0.05262095 0.51999038
v 0.08552392 0.05262089 0.53997737
v 0.06090002 0.08724213 0.38450819
v 0.12030979 0.08724207 0.37027586
v -7E-08 0.05262095 0.54675013
v -9E-08 0.08724207 0.38933098
v -1E-07 0.13553447 0.26969892
v 0.04218687 0.13553441 0.26635808
v 0.08334146 0.13553447 0.25649896
v 0.32137164 0.05262095 0.44233024
v 0.24820024 0.05262089 0.48712072
v 0.17673892 0.08724213 0.34686995
v 0.22884296 0.08724207 0.31497547
v 0.168955 0.05262095 0.51999038
v 0.12030979 0.08724207 0.37027586
v 0.08334146 0.13553447 0.25649896
v 0.12243128 0.13553441 0.24028513
v 0.15852502 0.13553447 0.21819104
v 0.44233027 0.05262095 0.32137159
v 0.38658112 0.05262089 0.38658109
v 0.27527747 0.08724213 0.27527744
v 0.31497547 0.08724207 0.2288429
v 0.32137164 0.05262095 0.44233024
v 0.22884296 0.08724207 0.31497547
v 0.15852502 0.13553447 0.21819104
v 0.19069132 0.13553441 0.19069126
v 0.21819109 0.13553447 0.15852498
v 0.51999044 0.05262095 0.168955
v 0.48712069 0.05262089 0.24820024
v 0.34686995 0.08724213 0.17673889
v 0.37027586 0.08724207 0.12030979
v 0.44233027 0.05262095 0.32137159
v 0.31497547 0.08724207 0.2288429
v 0.21819109 0.13553447 0.15852498
v 0.24028517 0.13553441 0.12243125
v 0.25649905 0.13553447 0.08334144
v 0.54675019 0.05262095 -9E-08
v 0.53997731 0.05262089 0.08552393
v 0.38450822 0.08724213 0.06090001
v 0.38933101 0.08724207 -1.2E-07
v 0.51999044 0.05262095 0.168955
v 0.37027586 0.08724207 0.12030979
v 0.25649905 0.13553447 0.08334144
v 0.26635814 0.13553441 0.04218685
v 0.26969898 0.13553447 -1.4E-07
v 0.51999074 0.05262101 -0.16895527
v 0.53997749 0.05262089 -0.08552413
v 0.38450831 0.08724213 -0.06090026
v 0.37027615 0.08724207 -0.12031008
v 0.54675019 0.05262095 -9E-08
v 0.38933101 0.08724207 -1.2E-07
v 0.26969898 0.13553447 -1.4E-07
v 0.26635823 0.13553441 -0.04218714
v 0.2564992 0.13553447 -0.08334175
v 0.21819144 0.13553447 -0.1585253
v 0.24028549 0.13553441 -0.12243158
v 0.15606669 0.20920962 -0.07952004
v 0.14171651 0.20920956 -0.10296312
v 0.2564992 0.13553447 -0.08334175
v 0.16659762 0.20920956 -0.05413099
v 0.1018586 0.27726305 -0.03309604
v 0.09541993 0.27726299 -0.04861903
v 0.08664614 0.27726299 -0.06295224
v 0.15852515 0.13553447 -0.21819144
v 0.19069159 0.13553441 -0.19069164
v 0.12385518 0.20920962 -0.12385533
v 0.1029629 0.20920956 -0.14171657
v 0.21819144 0.13553447 -0.1585253
v 0.14171651 0.20920956 -0.10296312
v 0.08664614 0.27726299 -0.06295224
v 0.07572564 0.27726299 -0.07572586
v 0.06295199 0.27726299 -0.08664632
v 0.08334154 0.13553447 -0.25649935
v 0.12243137 0.13553441 -0.24028552
v 0.07951979 0.20920962 -0.15606681
v 0.05413074 0.20920956 -0.16659778
v 0.15852515 0.13553447 -0.21819144
v 0.1029629 0.20920956 -0.14171657
v 0.06295199 0.27726299 -0.08664632
v 0.04861876 0.27726299 -0.09542012
v 0.03309577 0.27726299 -0.10185879
v -9E-08 0.13553447 -0.26969925
v 0.04218692 0.13553441 -0.26635841
v 0.02740059 0.20920962 -0.1730013
v -1E-07 0.20920956 -0.17517123
v 0.08334154 0.13553447 -0.25649935
v 0.05413074 0.20920956 -0.16659778
v 0.03309577 0.27726299 -0.10185879
v 0.01675282 0.27726299 -0.10577396
v -1.1E-07 0.27726299 -0.10710064
v -0.08334168 0.13553447 -0.25649935
v -0.04218709 0.13553441 -0.26635841
v -0.02740078 0.20920962 -0.1730013
v -0.05413093 0.20920956 -0.16659778
v -9E-08 0.13553447 -0.26969925
v -1E-07 0.20920956 -0.17517123
v -1.1E-07 0.27726299 -0.10710064
v -0.01675303 0.27726299 -0.10577396
v -0.03309598 0.27726299 -0.10185881
v -0.15852524 0.13553447 -0.21819139
v -0.12243152 0.13553441 -0.24028547
v -0.07951998 0.20920962 -0.15606679
v -0.10296305 0.20920956 -0.14171654
v -0.08334168 0.13553447 -0.25649935
v -0.05413093 0.20920956 -0.16659778
v -0.03309598 0.27726299 -0.10185881
v -0.04861897 0.27726299 -0.09542011
v -0.06295218 0.27726299 -0.08664631
v -0.21819133 0.13553447 -0.15852532
v -0.19069156 0.13553441 -0.19069162
v -0.12385525 0.20920962 -0.12385531
v -0.14171648 0.20920956 -0.10296311
v -0.15852524 0.13553447 -0.21819139
v -0.10296305 0.20920956 -0.14171654
v -0.06295218 0.27726299 -0.08664631
v -0.07572579 0.27726299 -0.07572585
v -0.08664624 0.27726299 -0.06295224
v -0.25649926 0.13553447 -0.08334173
v -0.24028543 0.13553441 -0.12243156
v -0.15606673 0.20920962 -0.07952003
v -0.16659771 0.20920956 -0.05413097
v -0.21819133 0.13553447 -0.15852532
v -0.14171648 0.20920956 -0.10296311
v -0.08664624 0.27726299 -0.06295224
v -0.09542005 0.27726299 -0.04861902
v -0.10185875 0.27726299 -0.03309603
v -0.26969919 0.13553447 -1.3E-07
v -0.26635835 0.13553441 -0.04218713
v -0.17300124 0.20920962 -0.02740083
v -0.17517114 0.20920956 -1.5E-07
v -0.25649926 0.13553447 -0.08334173
v -0.16659771 0.20920956 -0.05413097
v -0.10185875 0.27726299 -0.03309603
v -0.1057739 0.27726299 -0.01675308
v -0.10710058 0.27726299 -1.6E-07
v -0.25649926 0.13553447 0.08334145
v -0.26635835 0.13553441 0.04218686
v -0.17300124 0.20920962 0.02740053
v -0.16659771 0.20920956 0.05413066
v -0.26969919 0.13553447 -1.3E-07
v -0.17517114 0.20920956 -1.5E-07
v -0.10710058 0.27726299 -1.6E-07
v -0.1057739 0.27726299 0.01675276
v -0.10185874 0.27726299 0.0330957
v -0.21819134 0.13553447 0.15852496
v -0.24028541 0.13553441 0.12243124
v -0.15606673 0.20920962 0.0795197
v -0.1417165 0.20920956 0.10296276
v -0.25649926 0.13553447 0.08334145
v -0.16659771 0.20920956 0.05413066
v -0.10185874 0.27726299 0.0330957
v -0.09542005 0.27726299 0.04861869
v -0.08664624 0.27726299 0.06295189
v -0.15852523 0.13553447 0.21819107
v -0.19069156 0.13553441 0.19069129
v -0.12385525 0.20920962 0.12385497
v -0.10296305 0.20920956 0.14171623
v -0.21819134 0.13553447 0.15852496
v -0.1417165 0.20920956 0.10296276
v -0.08664624 0.27726299 0.06295189
v -0.07572579 0.27726299 0.0757255
v -0.06295219 0.27726299 0.08664598
v -0.08334167 0.13553447 0.25649899
v -0.12243152 0.13553441 0.24028516
v -0.07951997 0.20920962 0.15606645
v -0.05413092 0.20920956 0.16659743
v -0.15852523 0.13553447 0.21819107
v -0.10296305 0.20920956 0.14171623
v -0.06295219 0.27726299 0.08664598
v -0.04861897 0.27726299 0.09541976
v -0.03309597 0.27726299 0.10185845
v -1E-07 0.13553447 0.26969892
v -0.04218708 0.13553441 0.26635805
v -0.02740078 0.20920962 0.17300095
v -1.1E-07 0.20920956 0.17517084
v -0.08334167 0.13553447 0.25649899
v -0.05413092 0.20920956 0.16659743
v -0.03309597 0.27726299 0.10185845
v -0.01675303 0.27726299 0.1057736
v -1.1E-07 0.27726299 0.10710029
v 0.08334146 0.13553447 0.25649896
v 0.04218687 0.13553441 0.26635808
v 0.02740056 0.20920962 0.17300095
v 0.05413069 0.20920956 0.16659743
v -1E-07 0.13553447 0.26969892
v -1.1E-07 0.20920956 0.17517084
v -1.1E-07 0.27726299 0.10710029
v 0.0167528 0.27726299 0.1057736
v 0.03309574 0.27726299 0.10185844
v 0.15852502 0.13553447 0.21819104
v 0.12243128 0.13553441 0.24028513
v 0.07951974 0.20920962 0.15606643
v 0.10296281 0.20920956 0.14171621
v 0.08334146 0.13553447 0.25649896
v 0.05413069 0.20920956 0.16659743
v 0.03309574 0.27726299 0.10185844
v 0.04861873 0.27726299 0.09541975
v 0.06295195 0.27726299 0.08664595
v 0.21819109 0.13553447 0.15852498
v 0.19069132 0.13553441 0.19069126
v 0.12385501 0.20920962 0.12385495
v 0.14171626 0.20920956 0.10296275
v 0.15852502 0.13553447 0.21819104
v 0.10296281 0.20920956 0.14171621
v 0.06295195 0.27726299 0.08664595
v 0.07572555 0.27726299 0.07572549
v 0.08664601 0.27726299 0.06295189
v 0.25649905 0.13553447 0.08334144
v 0.24028517 0.13553441 0.12243125
v 0.15606649 0.20920962 0.0795197
v 0.16659747 0.20920956 0.05413065
v 0.21819109 0.13553447 0.15852498
v 0.14171626 0.20920956 0.10296275
v 0.08664601 0.27726299 0.06295189
v 0.09541981 0.27726299 0.04861868
v 0.10185851 0.27726299 0.03309569
v 0.26969898 0.13553447 -1.4E-07
v 0.26635814 0.13553441 0.04218685
v 0.17300101 0.20920962 0.02740052
v 0.17517094 0.20920956 -1.5E-07
v 0.25649905 0.13553447 0.08334144
v 0.16659747 0.20920956 0.05413065
v 0.10185851 0.27726299 0.03309569
v 0.10577367 0.27726299 0.01675275
v 0.10710036 0.27726299 -1.6E-07
v 0.2564992 0.13553447 -0.08334175
v 0.26635823 0.13553441 -0.04218714
v 0.17300108 0.20920962 -0.02740084
v 0.16659762 0.20920956 -0.05413099
v 0.26969898 0.13553447 -1.4E-07
v 0.17517094 0.20920956 -1.5E-07
v 0.10710036 0.27726299 -1.6E-07
v 0.1057737 0.27726299 -0.01675309
v 0.1018586 0.27726305 -0.03309604
v 0.08664614 0.27726299 -0.06295224
v 0.09541993 0.27726299 -0.04861903
v 0.05955112 0.30869019 -0.03034299
v 0.05407543 0.30869019 -0.03928829
v 0.1018586 0.27726305 -0.03309604
v 0.06356946 0.30869019 -0.02065516
v 0.04179179 0.31852579 -0.01357918
v 0.03915005 0.31852567 -0.01994815
v 0.03555023 0.31852573 -0.02582897
v 0.06295199 0.27726299 -0.08664632
v 0.07572564 0.27726299 -0.07572586
v 0.04725999 0.30869019 -0.04726025
v 0.03928801 0.30869019 -0.05407567
v 0.08664614 0.27726299 -0.06295224
v 0.05407543 0.30869019 -0.03928829
v 0.03555023 0.31852573 -0.02582897
v 0.03106962 0.31852567 -0.0310699
v 0.02582869 0.31852573 -0.03555049
v 0.03309577 0.27726299 -0.10185879
v 0.04861876 0.27726299 -0.09542012
v 0.03034271 0.30869019 -0.05955135
v 0.02065488 0.30869019 -0.0635697
v 0.06295199 0.27726299 -0.08664632
v 0.03928801 0.30869019 -0.05407567
v 0.02582869 0.31852573 -0.03555049
v 0.01994786 0.31852567 -0.03915031
v 0.01357889 0.31852573 -0.04179205
v -1.1E-07 0.27726299 -0.10710064
v 0.01675282 0.27726299 -0.10577396
v 0.01045532 0.30869019 -0.06601313
v -1.1E-07 0.30869019 -0.06684111
v 0.03309577 0.27726299 -0.10185879
v 0.02065488 0.30869019 -0.0635697
v 0.01357889 0.31852573 -0.04179205
v 0.00687349 0.31852567 -0.04339841
v -1.1E-07 0.31852573 -0.04394274
v -0.03309598 0.27726299 -0.10185881
v -0.01675303 0.27726299 -0.10577396
v -0.01045554 0.30869019 -0.06601313
v -0.0206551 0.30869019 -0.06356969
v -1.1E-07 0.27726299 -0.10710064
v -1.1E-07 0.30869019 -0.06684111
v -1.1E-07 0.31852573 -0.04394274
v -0.00687372 0.31852567 -0.04339841
v -0.01357912 0.31852573 -0.04179205
v -0.06295218 0.27726299 -0.08664631
v -0.04861897 0.27726299 -0.09542011
v -0.03034293 0.30869019 -0.05955134
v -0.03928823 0.30869019 -0.05407564
v -0.03309598 0.27726299 -0.10185881
v -0.0206551 0.30869019 -0.06356969
v -0.01357912 0.31852573 -0.04179205
v -0.01994809 0.31852567 -0.0391503
v -0.02582891 0.31852573 -0.03555047
v -0.08664624 0.27726299 -0.06295224
v -0.07572579 0.27726299 -0.07572585
v -0.04726018 0.30869019 -0.04726024
v -0.05407558 0.30869019 -0.03928828
v -0.06295218 0.27726299 -0.08664631
v -0.03928823 0.30869019 -0.05407564
v -0.02582891 0.31852573 -0.03555047
v -0.03106982 0.31852567 -0.03106988
v -0.03555041 0.31852573 -0.02582896
v -0.10185875 0.27726299 -0.03309603
v -0.09542005 0.27726299 -0.04861902
v -0.05955128 0.30869019 -0.03034299
v -0.06356964 0.30869019 -0.02065515
v -0.08664624 0.27726299 -0.06295224
v -0.05407558 0.30869019 -0.03928828
v -0.03555041 0.31852573 -0.02582896
v -0.03915024 0.31852567 -0.01994815
v -0.04179199 0.31852573 -0.01357917
v -0.10710058 0.27726299 -1.6E-07
v -0.1057739 0.27726299 -0.01675308
v -0.06601307 0.30869019 -0.01045559
v -0.06684105 0.30869019 -1.7E-07
v -0.10185875 0.27726299 -0.03309603
v -0.06356964 0.30869019 -0.02065515
v -0.04179199 0.31852573 -0.01357917
v -0.04339835 0.31852567 -0.00687378
v -0.04394268 0.31852573 -1.7E-07
v -0.10185874 0.27726299 0.0330957
v -0.1057739 0.27726299 0.01675276
v -0.06601307 0.30869019 0.01045526
v -0.06356964 0.30869019 0.02065482
v -0.10710058 0.27726299 -1.6E-07
v -0.06684105 0.30869019 -1.7E-07
v -0.04394268 0.31852573 -1.7E-07
v -0.04339835 0.31852567 0.00687343
v -0.04179199 0.31852573 0.01357882
v -0.08664624 0.27726299 0.06295189
v -0.09542005 0.27726299 0.04861869
v -0.05955128 0.30869019 0.03034264
v -0.05407558 0.30869019 0.03928793
v -0.10185874 0.27726299 0.0330957
v -0.06356964 0.30869019 0.02065482
v -0.04179199 0.31852573 0.01357882
v -0.03915024 0.31852567 0.0199478
v -0.03555041 0.31852573 0.02582861
v -0.06295219 0.27726299 0.08664598
v -0.07572579 0.27726299 0.0757255
v -0.04726018 0.30869019 0.04725989
v -0.03928823 0.30869019 0.05407531
v -0.08664624 0.27726299 0.06295189
v -0.05407558 0.30869019 0.03928793
v -0.03555041 0.31852573 0.02582861
v -0.03106982 0.31852567 0.03106954
v -0.02582891 0.31852573 0.03555013
v -0.03309597 0.27726299 0.10185845
v -0.04861897 0.27726299 0.09541976
v -0.03034293 0.30869019 0.05955099
v -0.0206551 0.30869019 0.06356934
v -0.06295219 0.27726299 0.08664598
v -0.03928823 0.30869019 0.05407531
v -0.02582891 0.31852573 0.03555013
v -0.01994809 0.31852567 0.03914995
v -0.01357912 0.31852573 0.0417917
v -1.1E-07 0.27726299 0.10710029
v -0.01675303 0.27726299 0.1057736
v -0.01045554 0.30869019 0.06601277
v -1.1E-07 0.30869019 0.06684075
v -0.03309597 0.27726299 0.10185845
v -0.0206551 0.30869019 0.06356934
v -0.01357912 0.31852573 0.0417917
v -0.00687372 0.31852567 0.04339805
v -1.2E-07 0.31852573 0.04394238
v 0.03309574 0.27726299 0.10185844
v 0.0167528 0.27726299 0.1057736
v 0.01045531 0.30869019 0.06601277
v 0.02065486 0.30869019 0.06356934
v -1.1E-07 0.27726299 0.10710029
v -1.1E-07 0.30869019 0.06684075
v -1.2E-07 0.31852573 0.04394238
v 0.00687349 0.31852567 0.04339805
v 0.01357888 0.31852573 0.04179169
v 0.06295195 0.27726299 0.08664595
v 0.04861873 0.27726299 0.09541975
v 0.03034269 0.30869019 0.05955098
v 0.03928799 0.30869019 0.05407529
v 0.03309574 0.27726299 0.10185844
v 0.02065486 0.30869019 0.06356934
v 0.01357888 0.31852573 0.04179169
v 0.01994785 0.31852567 0.03914994
v 0.02582867 0.31852573 0.03555011
v 0.08664601 0.27726299 0.06295189
v 0.07572555 0.27726299 0.07572549
v 0.04725994 0.30869019 0.04725988
v 0.05407535 0.30869019 0.03928792
v 0.06295195 0.27726299 0.08664595
v 0.03928799 0.30869019 0.05407529
v 0.02582867 0.31852573 0.03555011
v 0.03106958 0.31852567 0.03106952
v 0.03555017 0.31852573 0.02582861
v 0.10185851 0.27726299 0.03309569
v 0.09541981 0.27726299 0.04861868
v 0.05955104 0.30869019 0.03034264
v 0.0635694 0.30869019 0.02065481
v 0.08664601 0.27726299 0.06295189
v 0.05407535 0.30869019 0.03928792
v 0.03555017 0.31852573 0.02582861
v 0.03915 0.31852567 0.0199478
v 0.04179175 0.31852573 0.01357882
v 0.10710036 0.27726299 -1.6E-07
v 0.10577367 0.27726299 0.01675275
v 0.06601283 0.30869019 0.01045525
v 0.06684082 0.30869019 -1.7E-07
v 0.10185851 0.27726299 0.03309569
v 0.0635694 0.30869019 0.02065481
v 0.04179175 0.31852573 0.01357882
v 0.04339811 0.31852567 0.00687343
v 0.04394245 0.31852573 -1.7E-07
v 0.1018586 0.27726305 -0.03309604
v 0.1057737 0.27726299 -0.01675309
v 0.06601286 0.30869019 -0.0104556
v 0.06356946 0.30869019 -0.02065516
v 0.10710036 0.27726299 -1.6E-07
v 0.06684082 0.30869019 -1.7E-07
v 0.04394245 0.31852573 -1.7E-07
v 0.04339813 0.31852567 -0.00687378
v 0.04179179 0.31852579 -0.01357918
v 0.03555023 0.31852573 -0.02582897
v 0.03915005 0.31852567 -0.01994815
v 0.02490655 0.32180423 -0.01269074
v 0.02261641 0.32180417 -0.01643201
v 0.04179179 0.31852579 -0.01357918
v 0.02658718 0.32180417 -0.00863891
v 0.01980346 0.32180417 -0.00632072
v 0.01658078 0.32180417 -0.00754898
v 0.01502475 0.32180417 -0.00977443
v 0.02582869 0.31852573 -0.03555049
v 0.03106962 0.31852567 -0.0310699
v 0.01976592 0.32180423 -0.0197662
v 0.01643173 0.32180417 -0.02261668
v 0.03555023 0.31852573 -0.02582897
v 0.02261641 0.32180417 -0.01643201
v 0.01502475 0.32180417 -0.00977443
v 0.01312064 0.32180417 -0.01175772
v 0.01090739 0.32180417 -0.01345329
v 0.01357889 0.31852573 -0.04179205
v 0.01994786 0.31852567 -0.03915031
v 0.01269045 0.32180423 -0.02490682
v 0.00863861 0.32180417 -0.02658745
v 0.02582869 0.31852573 -0.03555049
v 0.01643173 0.32180417 -0.02261668
v 0.01090739 0.32180417 -0.01345329
v 0.00842392 0.32180417 -0.01481555
v 0.0057343 0.32180417 -0.01581524
v -1.1E-07 0.31852573 -0.04394274
v 0.00687349 0.31852567 -0.04339841
v 0.00437275 0.32180423 -0.02760939
v -1.2E-07 0.32180417 -0.02795568
v 0.01357889 0.31852573 -0.04179205
v 0.00863861 0.32180417 -0.02658745
v 0.0057343 0.32180417 -0.01581524
v 0.00290261 0.32180417 -0.01642313
v -1.2E-07 0.32180417 -0.01662912
v -0.01357912 0.31852573 -0.04179205
v -0.00687372 0.31852567 -0.04339841
v -0.00437299 0.32180423 -0.02760939
v -0.00863885 0.32180417 -0.02658745
v -1.1E-07 0.31852573 -0.04394274
v -1.2E-07 0.32180417 -0.02795568
v -1.2E-07 0.32180417 -0.01662912
v -0.00290284 0.32180417 -0.01642313
v -0.00573453 0.32180417 -0.01581524
v -0.02582891 0.31852573 -0.03555047
v -0.01994809 0.31852567 -0.0391503
v -0.01269068 0.32180423 -0.02490681
v -0.01643195 0.32180417 -0.02261667
v -0.01357912 0.31852573 -0.04179205
v -0.00863885 0.32180417 -0.02658745
v -0.00573453 0.32180417 -0.01581524
v -0.00842415 0.32180417 -0.01481554
v -0.01090762 0.32180417 -0.01345328
v -0.03555041 0.31852573 -0.02582896
v -0.03106982 0.31852567 -0.03106988
v -0.01976613 0.32180423 -0.01976619
v -0.02261661 0.32180417 -0.01643201
v -0.02582891 0.31852573 -0.03555047
v -0.01643195 0.32180417 -0.02261667
v -0.01090762 0.32180417 -0.01345328
v -0.01312086 0.32180417 -0.01175772
v -0.01502496 0.32180417 -0.00977443
v -0.04179199 0.31852573 -0.01357917
v -0.03915024 0.31852567 -0.01994815
v -0.02490675 0.32180423 -0.01269073
v -0.02658739 0.32180417 -0.0086389
v -0.03555041 0.31852573 -0.02582896
v -0.02261661 0.32180417 -0.01643201
v -0.01502496 0.32180417 -0.00977443
v -0.01658099 0.32180417 -0.00754898
v -0.01980368 0.32180417 -0.00632072
v -0.04394268 0.31852573 -1.7E-07
v -0.04339835 0.31852567 -0.00687378
v -0.02760933 0.32180423 -0.00437304
v -0.02795563 0.32180417 -1.7E-07
v -0.04179199 0.31852573 -0.01357917
v -0.02658739 0.32180417 -0.0086389
v -0.01980368 0.32180417 -0.00632072
v -0.01800219 0.32180417 -0.00317496
v -0.01820818 0.32180417 -1.8E-07
v -0.04179199 0.31852573 0.01357882
v -0.04339835 0.31852567 0.00687343
v -0.02760933 0.32180423 0.0043727
v -0.02658739 0.32180417 0.00863855
v -0.04394268 0.31852573 -1.7E-07
v -0.02795563 0.32180417 -1.7E-07
v -0.01820818 0.32180417 -1.8E-07
v -0.01800219 0.32180417 0.00317461
v -0.01980368 0.32180417 0.00632037
v -0.03555041 0.31852573 0.02582861
v -0.03915024 0.31852567 0.0199478
v -0.02490675 0.32180423 0.01269038
v -0.02261661 0.32180417 0.01643166
v -0.04179199 0.31852573 0.01357882
v -0.02658739 0.32180417 0.00863855
v -0.01980368 0.32180417 0.00632037
v -0.01658099 0.32180417 0.00754862
v -0.01502496 0.32180417 0.00977407
v -0.02582891 0.31852573 0.03555013
v -0.03106982 0.31852567 0.03106954
v -0.01976613 0.32180423 0.01976584
v -0.01643195 0.32180417 0.02261632
v -0.03555041 0.31852573 0.02582861
v -0.02261661 0.32180417 0.01643166
v -0.01502496 0.32180417 0.00977407
v -0.01312086 0.32180417 0.01175736
v -0.01090762 0.32180417 0.01345293
v -0.01357912 0.31852573 0.0417917
v -0.01994809 0.31852567 0.03914995
v -0.01269068 0.32180423 0.02490646
v -0.00863885 0.32180417 0.0265871
v -0.02582891 0.31852573 0.03555013
v -0.01643195 0.32180417 0.02261632
v -0.01090762 0.32180417 0.01345293
v -0.00842415 0.32180417 0.01481519
v -0.00573453 0.32180417 0.01581489
v -1.2E-07 0.31852573 0.04394238
v -0.00687372 0.31852567 0.04339805
v -0.00437299 0.32180423 0.02760903
v -1.2E-07 0.32180417 0.02795533
v -0.01357912 0.31852573 0.0417917
v -0.00863885 0.32180417 0.0265871
v -0.00573453 0.32180417 0.01581489
v -0.00290284 0.32180417 0.01642277
v -1.2E-07 0.32180417 0.01662876
v 0.01357888 0.31852573 0.04179169
v 0.00687349 0.31852567 0.04339805
v 0.00437275 0.32180423 0.02760903
v 0.00863861 0.32180417 0.02658709
v -1.2E-07 0.31852573 0.04394238
v -1.2E-07 0.32180417 0.02795533
v -1.2E-07 0.32180417 0.01662876
v 0.00290261 0.32180417 0.01642277
v 0.0057343 0.32180417 0.01581489
v 0.02582867 0.31852573 0.03555011
v 0.01994785 0.31852567 0.03914994
v 0.01269044 0.32180423 0.02490646
v 0.01643171 0.32180417 0.02261631
v 0.01357888 0.31852573 0.04179169
v 0.00863861 0.32180417 0.02658709
v 0.0057343 0.32180417 0.01581489
v 0.00842392 0.32180417 0.01481519
v 0.01090739 0.32180417 0.01345292
v 0.03555017 0.31852573 0.02582861
v 0.03106958 0.31852567 0.03106952
v 0.01976589 0.32180423 0.01976584
v 0.02261637 0.32180417 0.01643165
v 0.02582867 0.31852573 0.03555011
v 0.01643171 0.32180417 0.02261631
v 0.01090739 0.32180417 0.01345292
v 0.01312063 0.32180417 0.01175736
v 0.01502472 0.32180417 0.00977407
v 0.04179175 0.31852573 0.01357882
v 0.03915 0.31852567 0.0199478
v 0.02490652 0.32180423 0.01269038
v 0.02658715 0.32180417 0.00863855
v 0.03555017 0.31852573 0.02582861
v 0.02261637 0.32180417 0.01643165
v 0.01502472 0.32180417 0.00977407
v 0.01658075 0.32180417 0.00754862
v 0.01980344 0.32180417 0.00632037
v 0.04394245 0.31852573 -1.7E-07
v 0.04339811 0.31852567 0.00687343
v 0.02760909 0.32180423 0.00437269
v 0.02795539 0.32180417 -1.8E-07
v 0.04179175 0.31852573 0.01357882
v 0.02658715 0.32180417 0.00863855
v 0.01980344 0.32180417 0.00632037
v 0.01800195 0.32180417 0.00317461
v 0.01820795 0.32180417 -1.8E-07
v 0.04179179 0.31852579 -0.01357918
v 0.04339813 0.31852567 -0.00687378
v 0.02760911 0.32180423 -0.00437305
v 0.02658718 0.32180417 -0.00863891
v 0.04394245 0.31852573 -1.7E-07
v 0.02795539 0.32180417 -1.8E-07
v 0.01820795 0.32180417 -1.8E-07
v 0.01800196 0.32180417 -0.00317497
v 0.01980346 0.32180417 -0.00632072
v 0.00906595 0.32180417 -0.00623937
v 0.00700174 0.32180423 -0.00687114
v 0.00842392 0.32180417 -0.01481555
v 0.00906594 0.32180417 -1.8E-07
v 0.00700174 0.32180417 -1.8E-07
v 0.00476619 0.32180417 -1.8E-07
v 0.00476619 0.32180417 -0.00733478
v -0.01252625 0.32180417 -0.00453321
v -0.01393311 0.32180417 -0.00350111
v -0.01658099 0.32180417 -0.00754898
v -0.01255013 0.32180417 -1.8E-07
v -0.01402864 0.32180417 -1.8E-07
v -0.01800219 0.32180417 -0.00317496
v 0.00476619 0.32180417 0.00733442
v 0.00700174 0.32180423 0.00687079
v 0.00842392 0.32180417 0.01481519
v 0.00906594 0.32180417 0.00623901
v -0.01393311 0.32180417 0.00350075
v -0.01800219 0.32180417 0.00317461
v -0.01252625 0.32180417 0.00453285
v -0.01658099 0.32180417 0.00754862
v -0.00476643 0.32180417 -0.00733478
v -0.00700198 0.32180417 -0.00687114
v -0.00842415 0.32180417 -0.01481554
v -0.00476643 0.32180417 -1.8E-07
v -0.00700198 0.32180411 -1.8E-07
v -0.00906618 0.32180417 -1.8E-07
v -0.00906618 0.32180417 -0.00623936
v -0.00906618 0.32180417 0.00623901
v -0.00700198 0.32180417 0.00687079
v -0.00842415 0.32180417 0.01481519
v -0.00476643 0.32180417 0.00733442
v -0.01090578 0.32180417 0.00545265
v -0.01312086 0.32180417 0.01175736
v -0.01090578 0.32180411 -1.8E-07
v -0.01090577 0.32180417 -0.00545301
v -0.01312086 0.32180417 -0.01175772
v -1.2E-07 0.32180417 -0.00771223
v -0.0024128 0.32180423 -0.0076167
v -0.00290284 0.32180417 -0.01642313
v -1.2E-07 0.32180417 -1.8E-07
v -0.0024128 0.32180417 -1.8E-07
v -0.0024128 0.32180417 0.00761634
v -0.00290284 0.32180417 0.01642277
v -1.2E-07 0.32180417 0.00771187
v 0.00241256 0.32180417 -1.8E-07
v 0.00241256 0.32180423 0.00761634
v 0.00290261 0.32180417 0.01642277
v 0.00241256 0.32180423 -0.0076167
v 0.00290261 0.32180417 -0.01642313
v 0.01658078 0.32180417 -0.00754898
v 0.01393289 0.32180423 -0.00350111
v 0.01252603 0.32180417 -0.00453321
v 0.01800196 0.32180417 -0.00317497
v 0.01402842 0.32180417 -1.8E-07
v 0.01254991 0.32180417 -1.8E-07
v 0.01252602 0.32180417 0.00453285
v 0.01393288 0.32180423 0.00350075
v 0.01658075 0.32180417 0.00754862
v 0.01800195 0.32180417 0.00317461
v 0.01090554 0.32180423 0.00545265
v 0.01312063 0.32180417 0.01175736
v 0.01090554 0.32180417 -1.8E-07
v 0.01090555 0.32180423 -0.00545301
v 0.01312064 0.32180417 -0.01175772
v 0.88725567 0.02605331 -0.28828683
v 0.83117032 0.02605337 -0.42350245
v 0.68456948 0.03964269 -0.34880564
v 0.73076248 0.03964269 -0.23743922
v 0.75474483 0.02605331 -0.54835421
v 0.62162375 0.03964269 -0.4516362
v 0.45960975 0.05868512 -0.33392611
v 0.50614989 0.05868506 -0.25789639
v 0.54030359 0.05868506 -0.17555541
v 0.75474483 0.02605331 -0.54835421
v 0.65962046 0.02605337 -0.65962052
v 0.54327738 0.03964269 -0.54327744
v 0.62162375 0.03964269 -0.4516362
v 0.54835421 0.02605331 -0.75474477
v 0.45163611 0.03964269 -0.62162387
v 0.33392602 0.05868512 -0.45960981
v 0.40168282 0.05868506 -0.40168288
v 0.45960975 0.05868512 -0.33392611
v 0.54835421 0.02605331 -0.75474477
v 0.42350242 0.02605337 -0.83117038
v 0.34880555 0.03964269 -0.68456948
v 0.45163611 0.03964269 -0.62162387
v 0.28828683 0.02605331 -0.88725561
v 0.23743913 0.03964269 -0.7307626
v 0.17555527 0.05868512 -0.54030377
v 0.25789621 0.05868506 -0.50614995
v 0.33392602 0.05868512 -0.45960981
v 0.28828683 0.02605331 -0.88725561
v 0.14592898 0.02605337 -0.92135936
v 0.12019017 0.03964269 -0.75885111
v 0.23743913 0.03964269 -0.7307626
v -1E-08 0.02605331 -0.93291569
v -3E-08 0.03964269 -0.76836938
v -6E-08 0.05868512 -0.56810898
v 0.08886494 0.05868506 -0.56107157
v 0.17555527 0.05868512 -0.54030377
v -1E-08 0.02605331 -0.93291569
v -0.14592898 0.02605337 -0.92135936
v -0.12019024 0.03964269 -0.75885117
v -3E-08 0.03964269 -0.76836938
v -0.28828683 0.02605331 -0.88725561
v -0.23743917 0.03964269 -0.7307626
v -0.17555538 0.05868512 -0.54030377
v -0.08886508 0.05868506 -0.56107157
v -6E-08 0.05868512 -0.56810898
v -0.28828683 0.02605331 -0.88725561
v -0.42350239 0.02605337 -0.83117026
v -0.34880558 0.03964269 -0.68456942
v -0.23743917 0.03964269 -0.7307626
v -0.54835415 0.02605331 -0.75474453
v -0.45163602 0.03964269 -0.62162369
v -0.33392599 0.05868512 -0.45960969
v -0.2578963 0.05868506 -0.50614989
v -0.17555538 0.05868512 -0.54030377
v -0.54835415 0.02605331 -0.75474453
v -0.65962034 0.02605337 -0.65962034
v -0.54327726 0.03964269 -0.54327726
v -0.45163602 0.03964269 -0.62162369
v -0.75474459 0.02605331 -0.54835409
v -0.62162358 0.03964269 -0.45163602
v -0.45960966 0.05868512 -0.33392599
v -0.40168273 0.05868506 -0.40168273
v -0.33392599 0.05868512 -0.45960969
v -0.75474459 0.02605331 -0.54835409
v -0.83117008 0.02605337 -0.4235023
v -0.6845693 0.03964269 -0.34880549
v -0.62162358 0.03964269 -0.45163602
v -0.88725543 0.02605331 -0.28828678
v -0.73076242 0.03964269 -0.23743911
v -0.54030359 0.05868512 -0.17555533
v -0.50614983 0.05868506 -0.25789624
v -0.45960966 0.05868512 -0.33392599
v -0.88725543 0.02605331 -0.28828678
v -0.92135912 0.02605337 -0.14592893
v -0.75885093 0.03964269 -0.12019021
v -0.73076242 0.03964269 -0.23743911
v -0.93291551 0.02605331 -1E-08
v -0.76836908 0.03964269 -4E-08
v -0.5681088 0.05868512 -7E-08
v -0.56107146 0.05868506 -0.08886506
v -0.54030359 0.05868512 -0.17555533
v -0.93291551 0.02605331 -1E-08
v -0.92135912 0.02605337 0.14592893
v -0.75885093 0.03964269 0.12019013
v -0.76836908 0.03964269 -4E-08
v -0.88725543 0.02605331 0.28828675
v -0.73076242 0.03964269 0.23743905
v -0.54030359 0.05868512 0.1755552
v -0.5610714 0.05868506 0.08886491
v -0.5681088 0.05868512 -7E-08
v -0.88725543 0.02605331 0.28828675
v -0.83117008 0.02605337 0.42350227
v -0.68456924 0.03964269 0.3488054
v -0.73076242 0.03964269 0.23743905
v -0.75474441 0.02605331 0.54835397
v -0.62162352 0.03964269 0.45163587
v -0.4596096 0.05868512 0.33392584
v -0.50614977 0.05868506 0.2578961
v -0.54030359 0.05868512 0.1755552
v -0.75474441 0.02605331 0.54835397
v -0.65962029 0.02605337 0.65962023
v -0.5432772 0.03964269 0.54327714
v -0.62162352 0.03964269 0.45163587
v -0.54835403 0.02605331 0.75474441
v -0.45163596 0.03964269 0.6216234
v -0.33392596 0.05868512 0.45960948
v -0.40168265 0.05868506 0.40168256
v -0.4596096 0.05868512 0.33392584
v -0.54835403 0.02605331 0.75474441
v -0.4235023 0.02605337 0.8311699
v -0.34880546 0.03964269 0.68456912
v -0.45163596 0.03964269 0.6216234
v -0.28828675 0.02605331 0.88725537
v -0.2374391 0.03964269 0.73076224
v -0.17555532 0.05868512 0.54030335
v -0.25789621 0.05868506 0.50614959
v -0.33392596 0.05868512 0.45960948
v -0.28828675 0.02605331 0.88725537
v -0.14592896 0.02605337 0.92135894
v -0.12019021 0.03964269 0.75885081
v -0.2374391 0.03964269 0.73076224
v -4E-08 0.02605331 0.93291545
v -5E-08 0.03964269 0.76836884
v -7E-08 0.05868512 0.56810862
v -0.08886504 0.05868506 0.56107122
v -0.17555532 0.05868512 0.54030335
v -4E-08 0.02605331 0.93291545
v 0.14592889 0.02605337 0.92135894
v 0.12019011 0.03964269 0.75885075
v -5E-08 0.03964269 0.76836884
v 0.28828663 0.02605331 0.88725531
v 0.23743901 0.03964269 0.73076224
v 0.1755552 0.05868512 0.54030335
v 0.08886492 0.05868506 0.56107122
v -7E-08 0.05868512 0.56810862
v 0.28828663 0.02605331 0.88725531
v 0.42350218 0.02605337 0.8311699
v 0.34880534 0.03964269 0.68456912
v 0.23743901 0.03964269 0.73076224
v 0.54835385 0.02605331 0.75474429
v 0.45163581 0.03964269 0.6216234
v 0.33392575 0.05868512 0.45960945
v 0.25789607 0.05868506 0.50614959
v 0.1755552 0.05868512 0.54030335
v 0.54835385 0.02605331 0.75474429
v 0.65962017 0.02605337 0.65962017
v 0.54327703 0.03964269 0.54327708
v 0.45163581 0.03964269 0.6216234
v 0.75474435 0.02605331 0.54835391
v 0.62162334 0.03964269 0.45163587
v 0.45960942 0.05868512 0.33392581
v 0.4016825 0.05868506 0.40168256
v 0.33392575 0.05868512 0.45960945
v 0.75474435 0.02605331 0.54835391
v 0.83116984 0.02605337 0.42350221
v 0.68456906 0.03964269 0.34880537
v 0.62162334 0.03964269 0.45163587
v 0.88725531 0.02605331 0.28828669
v 0.73076218 0.03964269 0.23743902
v 0.54030335 0.05868512 0.1755552
v 0.50614953 0.05868506 0.2578961
v 0.45960942 0.05868512 0.33392581
v 0.88725531 0.02605331 0.28828669
v 0.92135882 0.02605337 0.14592892
v 0.75885063 0.03964269 0.12019011
v 0.73076218 0.03964269 0.23743902
v 0.93291539 0.02605331 -3E-08
v 0.76836884 0.03964269 -5E-08
v 0.56810856 0.05868512 -9E-08
v 0.56107116 0.05868506 0.0888649
v 0.54030335 0.05868512 0.1755552
v 0.93291539 0.02605331 -3E-08
v 0.92135912 0.02605337 -0.14592901
v 0.75885093 0.03964269 -0.12019026
v 0.76836884 0.03964269 -5E-08
v 0.88725567 0.02605331 -0.28828683
v 0.73076248 0.03964269 -0.23743922
v 0.54030359 0.05868506 -0.17555541
v 0.56107128 0.05868506 -0.08886509
v 0.56810856 0.05868512 -9E-08
v 0.54030359 0.05868506 -0.17555541
v 0.50614989 0.05868506 -0.25789639
v 0.36182666 0.09287208 -0.1843601
v 0.38624173 0.09287226 -0.12549782
v 0.45960975 0.05868512 -0.33392611
v 0.32855701 0.09287226 -0.23871078
v 0.22222297 0.15045601 -0.16145456
v 0.24472515 0.15045613 -0.12469395
v 0.26123849 0.15045607 -0.08488187
v 0.45960975 0.05868512 -0.33392611
v 0.40168282 0.05868506 -0.40168288
v 0.28714734 0.09287208 -0.28714743
v 0.32855701 0.09287226 -0.23871078
v 0.33392602 0.05868512 -0.45960981
v 0.23871067 0.09287226 -0.32855716
v 0.1614545 0.15045601 -0.22222316
v 0.19421515 0.15045613 -0.19421525
v 0.22222297 0.15045601 -0.16145456
v 0.33392602 0.05868512 -0.45960981
v 0.25789621 0.05868506 -0.50614995
v 0.18435995 0.09287208 -0.36182684
v 0.23871067 0.09287226 -0.32855716
v 0.17555527 0.05868512 -0.54030377
v 0.12549761 0.09287226 -0.38624197
v 0.08488165 0.15045601 -0.26123881
v 0.12469381 0.15045613 -0.24472539
v 0.1614545 0.15045601 -0.22222316
v 0.17555527 0.05868512 -0.54030377
v 0.08886494 0.05868506 -0.56107157
v 0.06352607 0.09287208 -0.40108812
v 0.12549761 0.09287226 -0.38624197
v -6E-08 0.05868512 -0.56810898
v -8E-08 0.09287226 -0.4061189
v -9E-08 0.15045601 -0.27468267
v 0.04296652 0.15045613 -0.27128008
v 0.08488165 0.15045601 -0.26123881
v -6E-08 0.05868512 -0.56810898
v -0.08886508 0.05868506 -0.56107157
v -0.06352624 0.09287208 -0.40108812
v -8E-08 0.09287226 -0.4061189
v -0.17555538 0.05868512 -0.54030377
v -0.12549776 0.09287226 -0.38624197
v -0.08488181 0.15045601 -0.26123881
v -0.04296672 0.15045613 -0.27128005
v -9E-08 0.15045601 -0.27468267
v -0.17555538 0.05868512 -0.54030377
v -0.2578963 0.05868506 -0.50614989
v -0.18436003 0.09287208 -0.36182678
v -0.12549776 0.09287226 -0.38624197
v -0.33392599 0.05868512 -0.45960969
v -0.23871066 0.09287226 -0.3285571
v -0.1614545 0.15045601 -0.22222315
v -0.1246939 0.15045613 -0.24472538
v -0.08488181 0.15045601 -0.26123881
v -0.33392599 0.05868512 -0.45960969
v -0.40168273 0.05868506 -0.40168273
v -0.28714734 0.09287208 -0.28714737
v -0.23871066 0.09287226 -0.3285571
v -0.45960966 0.05868512 -0.33392599
v -0.32855701 0.09287226 -0.23871067
v -0.22222309 0.15045601 -0.1614545
v -0.19421519 0.15045613 -0.19421522
v -0.1614545 0.15045601 -0.22222315
v -0.45960966 0.05868512 -0.33392599
v -0.50614983 0.05868506 -0.25789624
v -0.36182669 0.09287208 -0.18436001
v -0.32855701 0.09287226 -0.23871067
v -0.54030359 0.05868512 -0.17555533
v -0.38624188 0.09287226 -0.12549774
v -0.26123866 0.15045601 -0.08488182
v -0.24472533 0.15045613 -0.12469391
v -0.22222309 0.15045601 -0.1614545
v -0.54030359 0.05868512 -0.17555533
v -0.56107146 0.05868506 -0.08886506
v -0.40108797 0.09287208 -0.06352624
v -0.38624188 0.09287226 -0.12549774
v -0.5681088 0.05868512 -7E-08
v -0.40611875 0.09287226 -1.1E-07
v -0.27468258 0.15045601 -1.3E-07
v -0.27127999 0.15045613 -0.04296673
v -0.26123866 0.15045601 -0.08488182
v -0.5681088 0.05868512 -7E-08
v -0.5610714 0.05868506 0.08886491
v -0.40108797 0.09287208 0.06352603
v -0.40611875 0.09287226 -1.1E-07
v -0.54030359 0.05868512 0.1755552
v -0.38624185 0.09287226 0.12549753
v -0.26123869 0.15045601 0.08488157
v -0.27127999 0.15045613 0.04296647
v -0.27468258 0.15045601 -1.3E-07
v -0.54030359 0.05868512 0.1755552
v -0.50614977 0.05868506 0.2578961
v -0.36182669 0.09287208 0.18435979
v -0.38624185 0.09287226 0.12549753
v -0.4596096 0.05868512 0.33392584
v -0.32855701 0.09287226 0.23871042
v -0.22222309 0.15045601 0.1614542
v -0.24472533 0.15045613 0.12469362
v -0.26123869 0.15045601 0.08488157
v -0.4596096 0.05868512 0.33392584
v -0.40168265 0.05868506 0.40168256
v -0.28714728 0.09287208 0.2871471
v -0.32855701 0.09287226 0.23871042
v -0.33392596 0.05868512 0.45960948
v -0.23871061 0.09287226 0.32855681
v -0.16145445 0.15045601 0.22222279
v -0.19421518 0.15045613 0.19421488
v -0.22222309 0.15045601 0.1614542
v -0.33392596 0.05868512 0.45960948
v -0.25789621 0.05868506 0.50614959
v -0.18435998 0.09287208 0.36182651
v -0.23871061 0.09287226 0.32855681
v -0.17555532 0.05868512 0.54030335
v -0.12549771 0.09287226 0.38624164
v -0.08488179 0.15045601 0.2612384
v -0.12469385 0.15045613 0.24472503
v -0.16145445 0.15045601 0.22222279
v -0.17555532 0.05868512 0.54030335
v -0.08886504 0.05868506 0.56107122
v -0.06352622 0.09287208 0.40108776
v -0.12549771 0.09287226 0.38624164
v -7E-08 0.05868512 0.56810862
v -8E-08 0.09287226 0.40611854
v -9E-08 0.15045601 0.27468234
v -0.0429667 0.15045613 0.27127969
v -0.08488179 0.15045601 0.2612384
v -7E-08 0.05868512 0.56810862
v 0.08886492 0.05868506 0.56107122
v 0.06352606 0.09287208 0.40108773
v -8E-08 0.09287226 0.40611854
v 0.1755552 0.05868512 0.54030335
v 0.12549755 0.09287226 0.38624164
v 0.0848816 0.15045601 0.26123843
v 0.04296651 0.15045613 0.27127969
v -9E-08 0.15045601 0.27468234
v 0.1755552 0.05868512 0.54030335
v 0.25789607 0.05868506 0.50614959
v 0.18435982 0.09287208 0.36182648
v 0.12549755 0.09287226 0.38624164
v 0.33392575 0.05868512 0.45960945
v 0.23871043 0.09287226 0.32855678
v 0.16145426 0.15045601 0.22222281
v 0.12469366 0.15045613 0.24472503
v 0.0848816 0.15045601 0.26123843
v 0.33392575 0.05868512 0.45960945
v 0.4016825 0.05868506 0.40168256
v 0.2871471 0.09287208 0.2871471
v 0.23871043 0.09287226 0.32855678
v 0.45960942 0.05868512 0.33392581
v 0.32855678 0.09287226 0.23871042
v 0.22222285 0.15045601 0.16145419
v 0.19421495 0.15045613 0.1942149
v 0.16145426 0.15045601 0.22222281
v 0.45960942 0.05868512 0.33392581
v 0.50614953 0.05868506 0.2578961
v 0.36182645 0.09287208 0.18435979
v 0.32855678 0.09287226 0.23871042
v 0.54030335 0.05868512 0.1755552
v 0.38624164 0.09287226 0.12549753
v 0.26123843 0.15045601 0.08488155
v 0.24472509 0.15045613 0.12469362
v 0.22222285 0.15045601 0.16145419
v 0.54030335 0.05868512 0.1755552
v 0.56107116 0.05868506 0.0888649
v 0.40108773 0.09287208 0.06352603
v 0.38624164 0.09287226 0.12549753
v 0.56810856 0.05868512 -9E-08
v 0.40611851 0.09287226 -1.1E-07
v 0.27468234 0.15045601 -1.4E-07
v 0.27127972 0.15045613 0.04296647
v 0.26123843 0.15045601 0.08488155
v 0.56810856 0.05868512 -9E-08
v 0.56107128 0.05868506 -0.08886509
v 0.40108776 0.09287208 -0.06352627
v 0.40611851 0.09287226 -1.1E-07
v 0.54030359 0.05868506 -0.17555541
v 0.38624173 0.09287226 -0.12549782
v 0.26123849 0.15045607 -0.08488187
v 0.27127972 0.15045613 -0.04296676
v 0.27468234 0.15045601 -1.4E-07
v 0.26123849 0.15045607 -0.08488187
v 0.24472515 0.15045613 -0.12469395
v 0.14797066 0.23968923 -0.07539508
v 0.15795527 0.23968923 -0.0513231
v 0.22222297 0.15045601 -0.16145456
v 0.13436495 0.23968923 -0.09762202
v 0.07539994 0.47970051 -0.05478148
v 0.08303492 0.47970057 -0.04230865
v 0.08863788 0.47970057 -0.02880046
v 0.22222297 0.15045601 -0.16145456
v 0.19421515 0.15045613 -0.19421525
v 0.1174303 0.23968923 -0.11743046
v 0.13436495 0.23968923 -0.09762202
v 0.1614545 0.15045601 -0.22222316
v 0.0976219 0.23968923 -0.1343652
v 0.0547813 0.47970051 -0.07540022
v 0.06589694 0.47970057 -0.06589716
v 0.07539994 0.47970051 -0.05478148
v 0.1614545 0.15045601 -0.22222316
v 0.12469381 0.15045613 -0.24472539
v 0.0753949 0.23968923 -0.14797093
v 0.0976219 0.23968923 -0.1343652
v 0.08488165 0.15045601 -0.26123881
v 0.05132285 0.23968923 -0.15795557
v 0.0288002 0.47970051 -0.08863817
v 0.04230843 0.47970057 -0.08303521
v 0.0547813 0.47970051 -0.07540022
v 0.08488165 0.15045601 -0.26123881
v 0.04296652 0.15045613 -0.27128008
v 0.02597926 0.23968923 -0.16402695
v 0.05132285 0.23968923 -0.15795557
v -9E-08 0.15045601 -0.27468267
v -1E-07 0.23968923 -0.16608432
v -1.1E-07 0.47970051 -0.09319973
v 0.01457843 0.47970057 -0.0920452
v 0.0288002 0.47970051 -0.08863817
v -9E-08 0.15045601 -0.27468267
v -0.04296672 0.15045613 -0.27128005
v -0.02597948 0.23968923 -0.16402695
v -1E-07 0.23968923 -0.16608432
v -0.08488181 0.15045601 -0.26123881
v -0.05132305 0.23968923 -0.15795557
v -0.02880041 0.47970051 -0.08863817
v -0.01457865 0.47970057 -0.0920452
v -1.1E-07 0.47970051 -0.09319973
v -0.08488181 0.15045601 -0.26123881
v -0.1246939 0.15045613 -0.24472538
v -0.07539503 0.23968923 -0.14797094
v -0.05132305 0.23968923 -0.15795557
v -0.1614545 0.15045601 -0.22222315
v -0.09762195 0.23968923 -0.13436519
v -0.05478143 0.47970051 -0.07540021
v -0.04230859 0.47970057 -0.08303521
v -0.02880041 0.47970051 -0.08863817
v -0.1614545 0.15045601 -0.22222315
v -0.19421519 0.15045613 -0.19421522
v -0.1174304 0.23968923 -0.11743045
v -0.09762195 0.23968923 -0.13436519
v -0.22222309 0.15045601 -0.1614545
v -0.13436514 0.23968923 -0.097622
v -0.07540016 0.47970051 -0.05478147
v -0.06589709 0.47970057 -0.06589715
v -0.05478143 0.47970051 -0.07540021
v -0.22222309 0.15045601 -0.1614545
v -0.24472533 0.15045613 -0.12469391
v -0.14797089 0.23968923 -0.07539505
v -0.13436514 0.23968923 -0.097622
v -0.26123866 0.15045601 -0.08488182
v -0.15795551 0.23968923 -0.05132307
v -0.08863812 0.47970051 -0.02880044
v -0.08303515 0.47970057 -0.04230863
v -0.07540016 0.47970051 -0.05478147
v -0.26123866 0.15045601 -0.08488182
v -0.27127999 0.15045613 -0.04296673
v -0.16402689 0.23968923 -0.02597951
v -0.15795551 0.23968923 -0.05132307
v -0.27468258 0.15045601 -1.3E-07
v -0.16608423 0.23968923 -1.5E-07
v -0.09319966 0.47970051 -1.6E-07
v -0.09204513 0.47970057 -0.01457869
v -0.08863812 0.47970051 -0.02880044
v -0.27468258 0.15045601 -1.3E-07
v -0.27127999 0.15045613 0.04296647
v -0.16402689 0.23968923 0.02597921
v -0.16608423 0.23968923 -1.5E-07
v -0.26123869 0.15045601 0.08488157
v -0.15795553 0.23968923 0.05132277
v -0.08863812 0.47970051 0.02880012
v -0.09204514 0.47970057 0.01457837
v -0.09319966 0.47970051 -1.6E-07
v -0.26123869 0.15045601 0.08488157
v -0.24472533 0.15045613 0.12469362
v -0.14797089 0.23968923 0.07539473
v -0.15795553 0.23968923 0.05132277
v -0.22222309 0.15045601 0.1614542
v -0.13436514 0.23968923 0.09762166
v -0.07540016 0.47970051 0.05478112
v -0.08303514 0.47970057 0.0423083
v -0.08863812 0.47970051 0.02880012
v -0.22222309 0.15045601 0.1614542
v -0.19421518 0.15045613 0.19421488
v -0.11743039 0.23968923 0.11743011
v -0.13436514 0.23968923 0.09762166
v -0.16145445 0.15045601 0.22222279
v -0.09762193 0.23968923 0.13436483
v -0.0547814 0.47970051 0.07539986
v -0.06589708 0.47970057 0.0658968
v -0.07540016 0.47970051 0.05478112
v -0.16145445 0.15045601 0.22222279
v -0.12469385 0.15045613 0.24472503
v -0.075395 0.23968923 0.14797057
v -0.09762193 0.23968923 0.13436483
v -0.08488179 0.15045601 0.2612384
v -0.05132303 0.23968923 0.1579552
v -0.0288004 0.47970051 0.08863782
v -0.04230858 0.47970057 0.08303485
v -0.0547814 0.47970051 0.07539986
v -0.08488179 0.15045601 0.2612384
v -0.0429667 0.15045613 0.27127969
v -0.02597946 0.23968923 0.16402659
v -0.05132303 0.23968923 0.1579552
v -9E-08 0.15045601 0.27468234
v -1E-07 0.23968923 0.16608398
v -1.1E-07 0.47970051 0.09319936
v -0.01457865 0.47970057 0.09204485
v -0.0288004 0.47970051 0.08863782
v -9E-08 0.15045601 0.27468234
v 0.04296651 0.15045613 0.27127969
v 0.02597926 0.23968923 0.16402659
v -1E-07 0.23968923 0.16608398
v 0.0848816 0.15045601 0.26123843
v 0.05132282 0.23968923 0.1579552
v 0.02880018 0.47970051 0.08863783
v 0.01457843 0.47970057 0.09204484
v -1.1E-07 0.47970051 0.09319936
v 0.0848816 0.15045601 0.26123843
v 0.12469366 0.15045613 0.24472503
v 0.07539479 0.23968923 0.14797059
v 0.05132282 0.23968923 0.1579552
v 0.16145426 0.15045601 0.22222281
v 0.09762172 0.23968923 0.13436484
v 0.05478118 0.47970051 0.07539986
v 0.04230836 0.47970057 0.08303485
v 0.02880018 0.47970051 0.08863783
v 0.16145426 0.15045601 0.22222281
v 0.19421495 0.15045613 0.1942149
v 0.11743017 0.23968923 0.11743011
v 0.09762172 0.23968923 0.13436484
v 0.22222285 0.15045601 0.16145419
v 0.1343649 0.23968923 0.09762166
v 0.07539992 0.47970051 0.05478112
v 0.06589685 0.47970057 0.0658968
v 0.05478118 0.47970051 0.07539986
v 0.22222285 0.15045601 0.16145419
v 0.24472509 0.15045613 0.12469362
v 0.14797065 0.23968923 0.07539473
v 0.1343649 0.23968923 0.09762166
v 0.26123843 0.15045601 0.08488155
v 0.15795527 0.23968923 0.05132277
v 0.08863788 0.47970051 0.02880012
v 0.08303491 0.47970057 0.0423083
v 0.07539992 0.47970051 0.05478112
v 0.26123843 0.15045601 0.08488155
v 0.27127972 0.15045613 0.04296647
v 0.16402665 0.23968923 0.02597921
v 0.15795527 0.23968923 0.05132277
v 0.27468234 0.15045601 -1.4E-07
v 0.16608399 0.23968923 -1.5E-07
v 0.09319942 0.47970051 -1.7E-07
v 0.09204489 0.47970057 0.01457837
v 0.08863788 0.47970051 0.02880012
v 0.27468234 0.15045601 -1.4E-07
v 0.27127972 0.15045613 -0.04296676
v 0.16402665 0.23968923 -0.02597953
v 0.16608399 0.23968923 -1.5E-07
v 0.26123849 0.15045607 -0.08488187
v 0.15795527 0.23968923 -0.0513231
v 0.08863788 0.47970057 -0.02880046
v 0.0920449 0.47970057 -0.01457871
v 0.09319942 0.47970051 -1.7E-07
v 0.08863788 0.47970057 -0.02880046
v 0.08303492 0.47970057 -0.04230865
v 0.06138966 0.98961926 -0.03127984
v 0.06553208 0.98961926 -0.02129292
v 0.07539994 0.47970051 -0.05478148
v 0.05574494 0.98961926 -0.0405013
v 0.05990885 1.5558936 -0.04348155
v 0.06595677 1.55589354 -0.0336069
v 0.07039063 1.55589354 -0.02290984
v 0.07539994 0.47970051 -0.05478148
v 0.06589694 0.47970057 -0.06589716
v 0.04871915 0.98961926 -0.04871938
v 0.05574494 0.98961926 -0.0405013
v 0.0547813 0.47970051 -0.07540022
v 0.0405011 0.98961926 -0.05574523
v 0.04351754 1.5558936 -0.05988583
v 0.05235702 1.55589354 -0.05231759
v 0.05990885 1.5558936 -0.04348155
v 0.0547813 0.47970051 -0.07540022
v 0.04230843 0.47970057 -0.08303521
v 0.03127961 0.98961926 -0.06138996
v 0.0405011 0.98961926 -0.05574523
v 0.0288002 0.47970051 -0.08863817
v 0.02129264 0.98961926 -0.06553238
v 0.02287672 1.5558936 -0.07040767
v 0.03360668 1.55589354 -0.06595708
v 0.04351754 1.5558936 -0.05988583
v 0.0288002 0.47970051 -0.08863817
v 0.01457843 0.47970057 -0.0920452
v 0.01077815 0.98961926 -0.06805128
v 0.02129264 0.98961926 -0.06553238
v -1.1E-07 0.47970051 -0.09319973
v -1.1E-07 0.98961926 -0.06890485
v -1.1E-07 1.5558936 -0.07403103
v 0.01158 1.55589354 -0.07311396
v 0.02287672 1.5558936 -0.07040767
v -1.1E-07 0.47970051 -0.09319973
v -0.01457865 0.47970057 -0.0920452
v -0.01077837 0.98961926 -0.06805128
v -1.1E-07 0.98961926 -0.06890485
v -0.02880041 0.47970051 -0.08863817
v -0.02129286 0.98961926 -0.06553238
v -0.02287694 1.5558936 -0.07040767
v -0.01158023 1.55589354 -0.07311396
v -1.1E-07 1.5558936 -0.07403103
v -0.02880041 0.47970051 -0.08863817
v -0.04230859 0.47970057 -0.08303521
v -0.03127978 0.98961926 -0.06138996
v -0.02129286 0.98961926 -0.06553238
v -0.05478143 0.47970051 -0.07540021
v -0.04050124 0.98961926 -0.05574523
v -0.04351433 1.5558936 -0.05989239
v -0.03360684 1.55589354 -0.06595708
v -0.02287694 1.5558936 -0.07040767
v -0.05478143 0.47970051 -0.07540021
v -0.06589709 0.47970057 -0.06589715
v -0.04871932 0.98961926 -0.04871938
v -0.04050124 0.98961926 -0.05574523
v -0.07540016 0.47970051 -0.05478147
v -0.05574517 0.98961926 -0.04050129
v -0.05989233 1.5558936 -0.04351439
v -0.0523438 1.55589354 -0.05234386
v -0.04351433 1.5558936 -0.05989239
v -0.07540016 0.47970051 -0.05478147
v -0.08303515 0.47970057 -0.04230863
v -0.0613899 0.98961926 -0.03127982
v -0.05574517 0.98961926 -0.04050129
v -0.08863812 0.47970051 -0.02880044
v -0.06553232 0.98961926 -0.02129291
v -0.07040761 1.5558936 -0.02287698
v -0.06595702 1.55589354 -0.03360689
v -0.05989233 1.5558936 -0.04351439
v -0.08863812 0.47970051 -0.02880044
v -0.09204513 0.47970057 -0.01457869
v -0.06805122 0.98961926 -0.01077842
v -0.06553232 0.98961926 -0.02129291
v -0.09319966 0.47970051 -1.6E-07
v -0.06890479 0.98961926 -1.7E-07
v -0.07403097 1.5558936 -1.7E-07
v -0.0731139 1.55589354 -0.01158027
v -0.07040761 1.5558936 -0.02287698
v -0.09319966 0.47970051 -1.6E-07
v -0.09204514 0.47970057 0.01457837
v -0.06805122 0.98961926 0.01077809
v -0.06890479 0.98961926 -1.7E-07
v -0.08863812 0.47970051 0.02880012
v -0.06553232 0.98961926 0.02129257
v -0.07040761 1.5558936 0.02287665
v -0.0731139 1.55589354 0.01157994
v -0.07403097 1.5558936 -1.7E-07
v -0.08863812 0.47970051 0.02880012
v -0.08303514 0.47970057 0.0423083
v -0.0613899 0.98961926 0.03127949
v -0.06553232 0.98961926 0.02129257
v -0.07540016 0.47970051 0.05478112
v -0.05574517 0.98961926 0.04050095
v -0.05989233 1.5558936 0.04351404
v -0.06595701 1.55589354 0.03360655
v -0.07040761 1.5558936 0.02287665
v -0.07540016 0.47970051 0.05478112
v -0.06589708 0.47970057 0.0658968
v -0.04871932 0.98961926 0.04871903
v -0.05574517 0.98961926 0.04050095
v -0.0547814 0.47970051 0.07539986
v -0.04050123 0.98961926 0.05574487
v -0.04351432 1.5558936 0.05989204
v -0.0523438 1.55589354 0.05234351
v -0.05989233 1.5558936 0.04351404
v -0.0547814 0.47970051 0.07539986
v -0.04230858 0.47970057 0.08303485
v -0.03127977 0.98961926 0.0613896
v -0.04050123 0.98961926 0.05574487
v -0.0288004 0.47970051 0.08863782
v -0.02129285 0.98961926 0.06553202
v -0.02287693 1.5558936 0.07040732
v -0.03360683 1.55589354 0.06595672
v -0.04351432 1.5558936 0.05989204
v -0.0288004 0.47970051 0.08863782
v -0.01457865 0.47970057 0.09204485
v -0.01077837 0.98961926 0.06805092
v -0.02129285 0.98961926 0.06553202
v -1.1E-07 0.47970051 0.09319936
v -1.1E-07 0.98961926 0.06890449
v -1.1E-07 1.5558936 0.07403067
v -0.01158022 1.55589354 0.07311361
v -0.02287693 1.5558936 0.07040732
v -1.1E-07 0.47970051 0.09319936
v 0.01457843 0.47970057 0.09204484
v 0.01077815 0.98961926 0.06805092
v -1.1E-07 0.98961926 0.06890449
v 0.02880018 0.47970051 0.08863783
v 0.02129263 0.98961926 0.06553202
v 0.02287671 1.5558936 0.07040732
v 0.01158 1.55589354 0.07311361
v -1.1E-07 1.5558936 0.07403067
v 0.02880018 0.47970051 0.08863783
v 0.04230836 0.47970057 0.08303485
v 0.03127955 0.98961926 0.0613896
v 0.02129263 0.98961926 0.06553202
v 0.05478118 0.47970051 0.07539986
v 0.040501 0.98961926 0.05574487
v 0.0435141 1.5558936 0.05989204
v 0.03360661 1.55589354 0.06595672
v 0.02287671 1.5558936 0.07040732
v 0.05478118 0.47970051 0.07539986
v 0.06589685 0.47970057 0.0658968
v 0.04871909 0.98961926 0.04871903
v 0.040501 0.98961926 0.05574487
v 0.07539992 0.47970051 0.05478112
v 0.05574493 0.98961926 0.04050095
v 0.0598921 1.5558936 0.04351404
v 0.05234357 1.55589354 0.05234351
v 0.0435141 1.5558936 0.05989204
v 0.07539992 0.47970051 0.05478112
v 0.08303491 0.47970057 0.0423083
v 0.06138966 0.98961926 0.03127949
v 0.05574493 0.98961926 0.04050095
v 0.08863788 0.47970051 0.02880012
v 0.06553208 0.98961926 0.02129257
v 0.07040738 1.5558936 0.02287665
v 0.06595678 1.55589354 0.03360655
v 0.0598921 1.5558936 0.04351404
v 0.08863788 0.47970051 0.02880012
v 0.09204489 0.47970057 0.01457837
v 0.06805098 0.98961926 0.01077809
v 0.06553208 0.98961926 0.02129257
v 0.09319942 0.47970051 -1.7E-07
v 0.06890455 0.98961926 -1.7E-07
v 0.07402739 1.5558936 -6.74E-06
v 0.07311366 1.55589354 0.01157994
v 0.07040738 1.5558936 0.02287665
v 0.09319942 0.47970051 -1.7E-07
v 0.0920449 0.47970057 -0.01457871
v 0.06805098 0.98961926 -0.01077843
v 0.06890455 0.98961926 -1.7E-07
v 0.08863788 0.47970057 -0.02880046
v 0.06553208 0.98961926 -0.02129292
v 0.07039063 1.55589354 -0.02290984
v 0.07310027 1.55589354 -0.01160656
v 0.07402739 1.5558936 -6.74E-06
v 0.08870587 2.21560538 -0.06417877
v 0.10431052 2.30654609 -0.07560621
v 0.11479926 2.30654609 -0.05849339
v 0.09757761 2.21560502 -0.04971853
v 0.12805089 2.32337272 -0.09298958
v 0.14099886 2.32337272 -0.07184274
v 0.15049635 2.32337272 -0.04893781
v 0.12247866 2.30654597 -0.03994915
v 0.10406149 2.21560538 -0.0340416
v 0.06439577 2.21560538 -0.08856633
v 0.07575083 2.30654609 -0.10421759
v 0.09115883 2.30654609 -0.09100037
v 0.07751843 2.21560502 -0.07728066
v 0.09302565 2.32337272 -0.12802786
v 0.11191078 2.32337272 -0.11187131
v 0.12805089 2.32337272 -0.09298958
v 0.10431052 2.30654609 -0.07560621
v 0.08870587 2.21560538 -0.06417877
v 0.03384427 2.21560538 -0.10416222
v 0.03981751 2.30654609 -0.12254593
v 0.0584932 2.30654609 -0.11479957
v 0.04971834 2.21560502 -0.09757794
v 0.04890471 2.32337272 -0.1505134
v 0.07184257 2.32337272 -0.14099915
v 0.09302565 2.32337272 -0.12802786
v 0.07575083 2.30654609 -0.10421759
v 0.06439577 2.21560538 -0.08856633
v -1.1E-07 2.21560538 -0.10952266
v -1.1E-07 2.30654609 -0.12885244
v 0.02015533 2.30654609 -0.12725627
v 0.0171317 2.21560502 -0.10816594
v -1E-07 2.32337272 -0.15825917
v 0.02475521 2.32337272 -0.15629873
v 0.04890471 2.32337272 -0.1505134
v 0.03981751 2.30654609 -0.12254593
v 0.03384427 2.21560538 -0.10416222
v -0.03384447 2.21560538 -0.10416222
v -0.03981771 2.30654609 -0.12254593
v -0.02015555 2.30654609 -0.12725627
v -0.01713193 2.21560502 -0.10816594
v -0.0489049 2.32337272 -0.15051338
v -0.02475543 2.32337272 -0.15629873
v -1E-07 2.32337272 -0.15825917
v -1.1E-07 2.30654609 -0.12885244
v -1.1E-07 2.21560538 -0.10952266
v -0.06437579 2.21560538 -0.08860574
v -0.07573753 2.30654609 -0.10424386
v -0.05849333 2.30654609 -0.11479957
v -0.04971847 2.21560502 -0.09757794
v -0.09302236 2.32337272 -0.12803443
v -0.07184269 2.32337272 -0.14099915
v -0.0489049 2.32337272 -0.15051338
v -0.03981771 2.30654609 -0.12254593
v -0.03384447 2.21560538 -0.10416222
v -0.08860569 2.21560538 -0.06437583
v -0.1042438 2.30654609 -0.07573757
v -0.09110542 2.30654609 -0.09110547
v -0.07743826 2.21560502 -0.07743831
v -0.12803438 2.32337272 -0.09302241
v -0.11189752 2.32337272 -0.11189757
v -0.09302236 2.32337272 -0.12803443
v -0.07573753 2.30654609 -0.10424386
v -0.06437579 2.21560538 -0.08860574
v -0.10416216 2.21560538 -0.03384451
v -0.12254586 2.30654609 -0.03981774
v -0.11479951 2.30654609 -0.05849336
v -0.09757787 2.21560502 -0.04971851
v -0.15051334 2.32337272 -0.04890491
v -0.14099909 2.32337272 -0.0718427
v -0.12803438 2.32337272 -0.09302241
v -0.1042438 2.30654609 -0.07573757
v -0.08860569 2.21560538 -0.06437583
v -0.10952261 2.21560538 -1.6E-07
v -0.12885238 2.30654609 -1.5E-07
v -0.12725621 2.30654609 -0.02015558
v -0.10816589 2.21560502 -0.01713197
v -0.15825912 2.32337272 -1.5E-07
v -0.15629867 2.32337272 -0.02475545
v -0.15051334 2.32337272 -0.04890491
v -0.12254586 2.30654609 -0.03981774
v -0.10416216 2.21560538 -0.03384451
v -0.10416216 2.21560538 0.03384418
v -0.12254586 2.30654609 0.03981743
v -0.12725621 2.30654609 0.02015527
v -0.10816588 2.21560502 0.01713165
v -0.15051332 2.32337272 0.04890462
v -0.15629865 2.32337272 0.02475516
v -0.15825912 2.32337272 -1.5E-07
v -0.12885238 2.30654609 -1.5E-07
v -0.10952261 2.21560538 -1.6E-07
v -0.08860569 2.21560538 0.06437549
v -0.1042438 2.30654609 0.07573723
v -0.11479951 2.30654609 0.05849304
v -0.09757788 2.21560502 0.04971818
v -0.12803437 2.32337272 0.09302206
v -0.14099909 2.32337272 0.07184239
v -0.15051332 2.32337272 0.04890462
v -0.12254586 2.30654609 0.03981743
v -0.10416216 2.21560538 0.03384418
v -0.06437577 2.21560538 0.08860539
v -0.07573751 2.30654609 0.1042435
v -0.09110541 2.30654609 0.09110512
v -0.07743824 2.21560502 0.07743795
v -0.09302235 2.32337272 0.12803407
v -0.11189751 2.32337272 0.11189723
v -0.12803437 2.32337272 0.09302206
v -0.1042438 2.30654609 0.07573723
v -0.08860569 2.21560538 0.06437549
v -0.03384446 2.21560538 0.10416186
v -0.03981771 2.30654609 0.12254557
v -0.05849332 2.30654609 0.11479921
v -0.04971847 2.21560502 0.09757758
v -0.0489049 2.32337272 0.15051304
v -0.07184268 2.32337272 0.14099878
v -0.09302235 2.32337272 0.12803407
v -0.07573751 2.30654609 0.1042435
v -0.06437577 2.21560538 0.08860539
v -1.1E-07 2.21560538 0.10952231
v -1.1E-07 2.30654609 0.12885208
v -0.02015554 2.30654609 0.12725592
v -0.01713192 2.21560502 0.10816558
v -1.1E-07 2.32337272 0.15825881
v -0.02475543 2.32337272 0.15629837
v -0.0489049 2.32337272 0.15051304
v -0.03981771 2.30654609 0.12254557
v -0.03384446 2.21560538 0.10416186
v 0.03384425 2.21560538 0.10416186
v 0.03981748 2.30654609 0.12254557
v 0.02015532 2.30654609 0.12725592
v 0.0171317 2.21560502 0.10816558
v 0.04890468 2.32337272 0.15051304
v 0.02475521 2.32337272 0.15629837
v -1.1E-07 2.32337272 0.15825881
v -1.1E-07 2.30654609 0.12885208
v -1.1E-07 2.21560538 0.10952231
v 0.06437555 2.21560538 0.08860539
v 0.07573729 2.30654609 0.1042435
v 0.0584931 2.30654609 0.11479922
v 0.04971824 2.21560502 0.09757758
v 0.09302212 2.32337272 0.12803407
v 0.07184245 2.32337272 0.1409988
v 0.04890468 2.32337272 0.15051304
v 0.03981748 2.30654609 0.12254557
v 0.03384425 2.21560538 0.10416186
v 0.08860545 2.21560538 0.06437549
v 0.10424356 2.30654609 0.07573724
v 0.09110518 2.30654609 0.09110512
v 0.07743802 2.21560502 0.07743796
v 0.12803414 2.32337272 0.09302207
v 0.11189728 2.32337272 0.11189723
v 0.09302212 2.32337272 0.12803407
v 0.07573729 2.30654609 0.1042435
v 0.06437555 2.21560538 0.08860539
v 0.10416192 2.21560538 0.03384418
v 0.12254562 2.30654609 0.03981742
v 0.11479927 2.30654609 0.05849304
v 0.09757763 2.21560502 0.04971818
v 0.1505131 2.32337272 0.04890462
v 0.14099886 2.32337272 0.07184239
v 0.12803414 2.32337272 0.09302207
v 0.10424356 2.30654609 0.07573724
v 0.08860545 2.21560538 0.06437549
v 0.10950227 2.21560538 -3.958E-05
v 0.12883875 2.30654609 -2.644E-05
v 0.12725598 2.30654609 0.02015527
v 0.10816565 2.21560502 0.01713165
v 0.15825552 2.32337272 -6.73E-06
v 0.15629843 2.32337272 0.02475516
v 0.1505131 2.32337272 0.04890462
v 0.12254562 2.30654609 0.03981742
v 0.10416192 2.21560538 0.03384418
v 0.10406149 2.21560538 -0.0340416
v 0.12247866 2.30654597 -0.03994915
v 0.12720242 2.30654609 -0.0202607
v 0.1080853 2.21560502 -0.01728964
v 0.15049635 2.32337272 -0.04893781
v 0.15628503 2.32337272 -0.02478176
v 0.15825552 2.32337272 -6.73E-06
v 0.12883875 2.30654609 -2.644E-05
v 0.10950227 2.21560538 -3.958E-05
v 0.15049635 2.32337272 -0.04893781
v 0.14099886 2.32337272 -0.07184274
v 0.18585223 2.35166383 -0.09469669
v 0.19839303 2.35166371 -0.06446213
v 0.12805089 2.32337272 -0.09298958
v 0.16876332 2.35166371 -0.12261385
v 0.22710554 2.39848721 -0.1650019
v 0.25010216 2.39848721 -0.12743366
v 0.26697835 2.39848721 -0.0867469
v 0.12805089 2.32337272 -0.09298958
v 0.11191078 2.32337272 -0.11187131
v 0.14749327 2.35166383 -0.14749342
v 0.16876332 2.35166371 -0.12261385
v 0.09302565 2.32337272 -0.12802786
v 0.12261376 2.35166371 -0.16876356
v 0.16500188 2.39848721 -0.22710581
v 0.19848233 2.39848721 -0.19848245
v 0.22710554 2.39848721 -0.1650019
v 0.09302565 2.32337272 -0.12802786
v 0.07184257 2.32337272 -0.14099915
v 0.09469653 2.35166383 -0.18585253
v 0.12261376 2.35166371 -0.16876356
v 0.04890471 2.32337272 -0.1505134
v 0.06446188 2.35166371 -0.19839332
v 0.08674666 2.39848721 -0.26697865
v 0.12743355 2.39848721 -0.25010243
v 0.16500188 2.39848721 -0.22710581
v 0.04890471 2.32337272 -0.1505134
v 0.02475521 2.32337272 -0.15629873
v 0.03263016 2.35166383 -0.20601904
v 0.06446188 2.35166371 -0.19839332
v -1E-07 2.32337272 -0.15825917
v -1E-07 2.35166371 -0.20860313
v -9E-08 2.39848721 -0.28071806
v 0.04391058 2.39848721 -0.2772406
v 0.08674666 2.39848721 -0.26697865
v -1E-07 2.32337272 -0.15825917
v -0.02475543 2.32337272 -0.15629873
v -0.03263037 2.35166383 -0.20601904
v -1E-07 2.35166371 -0.20860313
v -0.0489049 2.32337272 -0.15051338
v -0.06446207 2.35166371 -0.19839333
v -0.08674683 2.39848721 -0.26697862
v -0.04391079 2.39848721 -0.2772406
v -9E-08 2.39848721 -0.28071806
v -0.0489049 2.32337272 -0.15051338
v -0.07184269 2.32337272 -0.14099915
v -0.09469663 2.35166383 -0.18585253
v -0.06446207 2.35166371 -0.19839333
v -0.09302236 2.32337272 -0.12803443
v -0.12261379 2.35166371 -0.16876356
v -0.16500182 2.39848721 -0.22710578
v -0.12743358 2.39848721 -0.25010246
v -0.08674683 2.39848721 -0.26697862
v -0.09302236 2.32337272 -0.12803443
v -0.11189752 2.32337272 -0.11189757
v -0.14749336 2.35166383 -0.14749339
v -0.12261379 2.35166371 -0.16876356
v -0.12803438 2.32337272 -0.09302241
v -0.16876352 2.35166371 -0.12261381
v -0.22710572 2.39848721 -0.16500184
v -0.19848239 2.39848721 -0.19848242
v -0.16500182 2.39848721 -0.22710578
v -0.12803438 2.32337272 -0.09302241
v -0.14099909 2.32337272 -0.0718427
v -0.18585247 2.35166383 -0.09469661
v -0.16876352 2.35166371 -0.12261381
v -0.15051334 2.32337272 -0.04890491
v -0.19839327 2.35166371 -0.06446205
v -0.26697862 2.39848721 -0.08674678
v -0.2501024 2.39848721 -0.12743355
v -0.22710572 2.39848721 -0.16500184
v -0.15051334 2.32337272 -0.04890491
v -0.15629867 2.32337272 -0.02475545
v -0.20601898 2.35166383 -0.03263038
v -0.19839327 2.35166371 -0.06446205
v -0.15825912 2.32337272 -1.5E-07
v -0.20860308 2.35166371 -1.4E-07
v -0.28071797 2.39848721 -1.2E-07
v -0.27724057 2.39848721 -0.04391077
v -0.26697862 2.39848721 -0.08674678
v -0.15825912 2.32337272 -1.5E-07
v -0.15629865 2.32337272 0.02475516
v -0.20601898 2.35166383 0.0326301
v -0.20860308 2.35166371 -1.4E-07
v -0.15051332 2.32337272 0.04890462
v -0.19839327 2.35166371 0.06446178
v -0.26697856 2.39848721 0.08674655
v -0.27724054 2.39848721 0.04391053
v -0.28071797 2.39848721 -1.2E-07
v -0.15051332 2.32337272 0.04890462
v -0.14099909 2.32337272 0.07184239
v -0.18585247 2.35166383 0.09469633
v -0.19839327 2.35166371 0.06446178
v -0.12803437 2.32337272 0.09302206
v -0.16876352 2.35166371 0.1226135
v -0.22710571 2.39848721 0.16500156
v -0.2501024 2.39848721 0.1274333
v -0.26697856 2.39848721 0.08674655
v -0.12803437 2.32337272 0.09302206
v -0.11189751 2.32337272 0.11189723
v -0.14749333 2.35166383 0.14749306
v -0.16876352 2.35166371 0.1226135
v -0.09302235 2.32337272 0.12803407
v -0.12261376 2.35166371 0.16876322
v -0.16500179 2.39848721 0.22710542
v -0.19848236 2.39848721 0.19848207
v -0.22710571 2.39848721 0.16500156
v -0.09302235 2.32337272 0.12803407
v -0.07184268 2.32337272 0.14099878
v -0.0946966 2.35166383 0.18585217
v -0.12261376 2.35166371 0.16876322
v -0.0489049 2.32337272 0.15051304
v -0.06446207 2.35166371 0.19839296
v -0.08674683 2.39848721 0.26697829
v -0.12743357 2.39848721 0.2501021
v -0.16500179 2.39848721 0.22710542
v -0.0489049 2.32337272 0.15051304
v -0.02475543 2.32337272 0.15629837
v -0.03263037 2.35166383 0.20601869
v -0.06446207 2.35166371 0.19839296
v -1.1E-07 2.32337272 0.15825881
v -1E-07 2.35166371 0.20860279
v -1E-07 2.39848721 0.28071767
v -0.04391079 2.39848721 0.27724028
v -0.08674683 2.39848721 0.26697829
v -1.1E-07 2.32337272 0.15825881
v 0.02475521 2.32337272 0.15629837
v 0.03263016 2.35166383 0.20601869
v -1E-07 2.35166371 0.20860279
v 0.04890468 2.32337272 0.15051304
v 0.06446184 2.35166371 0.19839296
v 0.08674662 2.39848721 0.26697829
v 0.04391058 2.39848721 0.27724028
v -1E-07 2.39848721 0.28071767
v 0.04890468 2.32337272 0.15051304
v 0.07184245 2.32337272 0.1409988
v 0.09469639 2.35166383 0.18585217
v 0.06446184 2.35166371 0.19839296
v 0.09302212 2.32337272 0.12803407
v 0.12261355 2.35166371 0.16876321
v 0.1650016 2.39848721 0.22710545
v 0.12743336 2.39848721 0.25010207
v 0.08674662 2.39848721 0.26697829
v 0.09302212 2.32337272 0.12803407
v 0.11189728 2.32337272 0.11189723
v 0.14749312 2.35166383 0.14749306
v 0.12261355 2.35166371 0.16876321
v 0.12803414 2.32337272 0.09302207
v 0.16876329 2.35166371 0.1226135
v 0.2271055 2.39848721 0.16500156
v 0.19848214 2.39848721 0.19848207
v 0.1650016 2.39848721 0.22710545
v 0.12803414 2.32337272 0.09302207
v 0.14099886 2.32337272 0.07184239
v 0.18585223 2.35166383 0.09469632
v 0.16876329 2.35166371 0.1226135
v 0.1505131 2.32337272 0.04890462
v 0.19839303 2.35166371 0.06446179
v 0.26697835 2.39848721 0.08674656
v 0.25010216 2.39848721 0.1274333
v 0.2271055 2.39848721 0.16500156
v 0.1505131 2.32337272 0.04890462
v 0.15629843 2.32337272 0.02475516
v 0.20601875 2.35166383 0.03263011
v 0.19839303 2.35166371 0.06446179
v 0.15825552 2.32337272 -6.73E-06
v 0.20860285 2.35166371 -1.5E-07
v 0.28071773 2.39848721 -1.4E-07
v 0.27724034 2.39848721 0.04391053
v 0.26697835 2.39848721 0.08674656
v 0.15825552 2.32337272 -6.73E-06
v 0.15628503 2.32337272 -0.02478176
v 0.20601875 2.35166383 -0.03263042
v 0.20860285 2.35166371 -1.5E-07
v 0.15049635 2.32337272 -0.04893781
v 0.19839303 2.35166371 -0.06446213
v 0.26697835 2.39848721 -0.0867469
v 0.27724031 2.39848721 -0.04391084
v 0.28071773 2.39848721 -1.4E-07
v 0.26697835 2.39848721 -0.0867469
v 0.25010216 2.39848721 -0.12743366
v 0.33449143 2.47091138 -0.17043214
v 0.35706195 2.47091126 -0.11601689
v 0.22710554 2.39848721 -0.1650019
v 0.30373535 2.47091126 -0.22067663
v 0.39081115 2.56600463 -0.28394079
v 0.43038449 2.56600463 -0.21929209
v 0.45942563 2.56600463 -0.14927693
v 0.22710554 2.39848721 -0.1650019
v 0.19848233 2.39848721 -0.19848245
v 0.26545411 2.47091138 -0.26545414
v 0.30373535 2.47091126 -0.22067663
v 0.16500188 2.39848721 -0.22710581
v 0.22067672 2.47091126 -0.30373552
v 0.28394103 2.56600463 -0.39081135
v 0.34155536 2.56600463 -0.34155527
v 0.39081115 2.56600463 -0.28394079
v 0.16500188 2.39848721 -0.22710581
v 0.12743355 2.39848721 -0.25010243
v 0.17043211 2.47091138 -0.33449173
v 0.22067672 2.47091126 -0.30373552
v 0.08674666 2.39848721 -0.26697865
v 0.11601668 2.47091126 -0.35706228
v 0.14927673 2.56600463 -0.45942593
v 0.21929215 2.56600463 -0.43038478
v 0.28394103 2.56600463 -0.39081135
v 0.08674666 2.39848721 -0.26697865
v 0.04391058 2.39848721 -0.2772406
v 0.0587269 2.47091138 -0.37078685
v 0.11601668 2.47091126 -0.35706228
v -9E-08 2.39848721 -0.28071806
v -8E-08 2.47091126 -0.37543765
v -7E-08 2.56600463 -0.48306918
v 0.07556294 2.56600463 -0.47708511
v 0.14927673 2.56600463 -0.45942593
v -9E-08 2.39848721 -0.28071806
v -0.04391079 2.39848721 -0.2772406
v -0.05872709 2.47091138 -0.37078685
v -8E-08 2.47091126 -0.37543765
v -0.08674683 2.39848721 -0.26697862
v -0.11601683 2.47091126 -0.35706231
v -0.14927687 2.56600463 -0.45942593
v -0.0755631 2.56600463 -0.47708508
v -7E-08 2.56600463 -0.48306918
v -0.08674683 2.39848721 -0.26697862
v -0.12743358 2.39848721 -0.25010246
v -0.17043208 2.47091138 -0.33449173
v -0.11601683 2.47091126 -0.35706231
v -0.16500182 2.39848721 -0.22710578
v -0.22067657 2.47091126 -0.30373555
v -0.28394073 2.56600463 -0.39081132
v -0.21929201 2.56600463 -0.43038478
v -0.14927687 2.56600463 -0.45942593
v -0.16500182 2.39848721 -0.22710578
v -0.19848239 2.39848721 -0.19848242
v -0.26545408 2.47091138 -0.26545411
v -0.22067657 2.47091126 -0.30373555
v -0.22710572 2.39848721 -0.16500184
v -0.30373549 2.47091126 -0.22067656
v -0.39081129 2.56600463 -0.28394076
v -0.34155524 2.56600463 -0.34155527
v -0.28394073 2.56600463 -0.39081132
v -0.22710572 2.39848721 -0.16500184
v -0.2501024 2.39848721 -0.12743355
v -0.33449167 2.47091138 -0.17043202
v -0.30373549 2.47091126 -0.22067656
v -0.26697862 2.39848721 -0.08674678
v -0.35706222 2.47091126 -0.11601675
v -0.45942584 2.56600463 -0.14927673
v -0.43038473 2.56600463 -0.21929193
v -0.39081129 2.56600463 -0.28394076
v -0.26697862 2.39848721 -0.08674678
v -0.27724057 2.39848721 -0.04391077
v -0.37078679 2.47091138 -0.05872704
v -0.35706222 2.47091126 -0.11601675
v -0.28071797 2.39848721 -1.2E-07
v -0.3754375 2.47091126 -1E-07
v -0.48306912 2.56600463 -8E-08
v -0.47708502 2.56600463 -0.07556304
v -0.45942584 2.56600463 -0.14927673
v -0.28071797 2.39848721 -1.2E-07
v -0.27724054 2.39848721 0.04391053
v -0.37078679 2.47091138 0.05872685
v -0.3754375 2.47091126 -1E-07
v -0.26697856 2.39848721 0.08674655
v -0.35706222 2.47091126 0.11601657
v -0.45942587 2.56600463 0.14927661
v -0.47708502 2.56600463 0.0755629
v -0.48306912 2.56600463 -8E-08
v -0.26697856 2.39848721 0.08674655
v -0.2501024 2.39848721 0.1274333
v -0.33449167 2.47091138 0.17043178
v -0.35706222 2.47091126 0.11601657
v -0.22710571 2.39848721 0.16500156
v -0.30373546 2.47091126 0.22067626
v -0.39081129 2.56600463 0.28394046
v -0.43038473 2.56600463 0.21929173
v -0.45942587 2.56600463 0.14927661
v -0.22710571 2.39848721 0.16500156
v -0.19848236 2.39848721 0.19848207
v -0.26545405 2.47091138 0.26545379
v -0.30373546 2.47091126 0.22067626
v -0.16500179 2.39848721 0.22710542
v -0.22067654 2.47091126 0.3037352
v -0.28394073 2.56600463 0.390811
v -0.34155518 2.56600463 0.34155494
v -0.39081129 2.56600463 0.28394046
v -0.16500179 2.39848721 0.22710542
v -0.12743357 2.39848721 0.2501021
v -0.17043205 2.47091138 0.33449137
v -0.22067654 2.47091126 0.3037352
v -0.08674683 2.39848721 0.26697829
v -0.11601683 2.47091126 0.35706192
v -0.14927685 2.56600463 0.45942554
v -0.21929201 2.56600463 0.43038443
v -0.28394073 2.56600463 0.390811
v -0.08674683 2.39848721 0.26697829
v -0.04391079 2.39848721 0.27724028
v -0.05872709 2.47091138 0.37078649
v -0.11601683 2.47091126 0.35706192
v -1E-07 2.39848721 0.28071767
v -9E-08 2.47091126 0.37543726
v -8E-08 2.56600463 0.48306882
v -0.07556312 2.56600463 0.47708476
v -0.14927685 2.56600463 0.45942554
v -1E-07 2.39848721 0.28071767
v 0.04391058 2.39848721 0.27724028
v 0.05872689 2.47091138 0.37078649
v -9E-08 2.47091126 0.37543726
v 0.08674662 2.39848721 0.26697829
v 0.11601661 2.47091126 0.35706192
v 0.14927666 2.56600463 0.45942554
v 0.07556293 2.56600463 0.47708476
v -8E-08 2.56600463 0.48306882
v 0.08674662 2.39848721 0.26697829
v 0.12743336 2.39848721 0.25010207
v 0.17043185 2.47091138 0.33449137
v 0.11601661 2.47091126 0.35706192
v 0.1650016 2.39848721 0.22710545
v 0.22067633 2.47091126 0.3037352
v 0.28394052 2.56600463 0.39081097
v 0.21929181 2.56600463 0.43038443
v 0.14927666 2.56600463 0.45942554
v 0.1650016 2.39848721 0.22710545
v 0.19848214 2.39848721 0.19848207
v 0.26545385 2.47091138 0.26545379
v 0.22067633 2.47091126 0.3037352
v 0.2271055 2.39848721 0.16500156
v 0.30373526 2.47091126 0.22067626
v 0.39081106 2.56600463 0.28394046
v 0.341555 2.56600463 0.34155494
v 0.28394052 2.56600463 0.39081097
v 0.2271055 2.39848721 0.16500156
v 0.25010216 2.39848721 0.1274333
v 0.33449143 2.47091138 0.17043179
v 0.30373526 2.47091126 0.22067626
v 0.26697835 2.39848721 0.08674656
v 0.35706195 2.47091126 0.11601657
v 0.45942557 2.56600463 0.1492766
v 0.43038449 2.56600463 0.21929173
v 0.39081106 2.56600463 0.28394046
v 0.26697835 2.39848721 0.08674656
v 0.27724034 2.39848721 0.04391053
v 0.37078655 2.47091138 0.05872685
v 0.35706195 2.47091126 0.11601657
v 0.28071773 2.39848721 -1.4E-07
v 0.37543732 2.47091126 -1.3E-07
v 0.48306888 2.56600463 -1.1E-07
v 0.47708476 2.56600463 0.07556289
v 0.45942557 2.56600463 0.1492766
v 0.28071773 2.39848721 -1.4E-07
v 0.27724031 2.39848721 -0.04391084
v 0.37078655 2.47091138 -0.05872713
v 0.37543732 2.47091126 -1.3E-07
v 0.26697835 2.39848721 -0.0867469
v 0.35706195 2.47091126 -0.11601689
v 0.45942563 2.56600463 -0.14927693
v 0.47708476 2.56600463 -0.07556315
v 0.48306888 2.56600463 -1.1E-07
v 0.45942563 2.56600463 -0.14927693
v 0.43038449 2.56600463 -0.21929209
v 0.52914572 2.68083549 -0.2696135
v 0.56485105 2.6808356 -0.18353176
v 0.39081115 2.56600463 -0.28394079
v 0.4804914 2.6808356 -0.34909731
v 0.57538712 2.81724715 -0.41804299
v 0.63365048 2.81724715 -0.32286134
v 0.67640752 2.81724715 -0.21977873
v 0.39081115 2.56600463 -0.28394079
v 0.34155536 2.56600463 -0.34155527
v 0.41993278 2.68083549 -0.41993266
v 0.4804914 2.6808356 -0.34909731
v 0.28394103 2.56600463 -0.39081135
v 0.34909764 2.6808356 -0.48049158
v 0.41804346 2.81724715 -0.57538724
v 0.50286835 2.81724715 -0.50286812
v 0.57538712 2.81724715 -0.41804299
v 0.28394103 2.56600463 -0.39081135
v 0.21929215 2.56600463 -0.43038478
v 0.26961362 2.68083549 -0.52914602
v 0.34909764 2.6808356 -0.48049158
v 0.14927673 2.56600463 -0.45942593
v 0.18353163 2.6808356 -0.56485128
v 0.2197786 2.81724715 -0.67640781
v 0.32286155 2.81724715 -0.63365078
v 0.41804346 2.81724715 -0.57538724
v 0.14927673 2.56600463 -0.45942593
v 0.07556294 2.56600463 -0.47708511
v 0.09290256 2.68083549 -0.58656275
v 0.18353163 2.6808356 -0.56485128
v -7E-08 2.56600463 -0.48306918
v -6E-08 2.6808356 -0.59391999
v -5E-08 2.81724715 -0.71121746
v 0.11125056 2.81724715 -0.70240718
v 0.2197786 2.81724715 -0.67640781
v -7E-08 2.56600463 -0.48306918
v -0.0755631 2.56600463 -0.47708508
v -0.09290271 2.68083549 -0.58656275
v -6E-08 2.6808356 -0.59391999
v -0.14927687 2.56600463 -0.45942593
v -0.1835317 2.6808356 -0.56485128
v -0.21977261 2.81724715 -0.67640775
v -0.11125071 2.81724715 -0.70240718
v -5E-08 2.81724715 -0.71121746
v -0.14927687 2.56600463 -0.45942593
v -0.21929201 2.56600463 -0.43038478
v -0.26961344 2.68083549 -0.52914608
v -0.1835317 2.6808356 -0.56485128
v -0.28394073 2.56600463 -0.39081132
v -0.34909725 2.6808356 -0.48049158
v -0.41800788 2.81724715 -0.57538718
v -0.322837 2.81724715 -0.63365072
v -0.21977261 2.81724715 -0.67640775
v -0.28394073 2.56600463 -0.39081132
v -0.34155524 2.56600463 -0.34155527
v -0.4199326 2.68083549 -0.41993266
v -0.34909725 2.6808356 -0.48049158
v -0.39081129 2.56600463 -0.28394076
v -0.48049155 2.6808356 -0.34909719
v -0.57539517 2.81724715 -0.41804293
v -0.50284916 2.81724715 -0.50286806
v -0.41800788 2.81724715 -0.57538718
v -0.39081129 2.56600463 -0.28394076
v -0.43038473 2.56600463 -0.21929193
v -0.52914596 2.68083549 -0.26961333
v -0.48049155 2.6808356 -0.34909719
v -0.45942584 2.56600463 -0.14927673
v -0.56485128 2.6808356 -0.18353155
v -0.67644554 2.81724715 -0.21977848
v -0.63368034 2.81724715 -0.32286111
v -0.57539517 2.81724715 -0.41804293
v -0.45942584 2.56600463 -0.14927673
v -0.47708502 2.56600463 -0.07556304
v -0.58656275 2.68083549 -0.09290262
v -0.56485128 2.6808356 -0.18353155
v -0.48306912 2.56600463 -8E-08
v -0.59391987 2.6808356 -6E-08
v -0.71122336 2.81724715 -4E-08
v -0.70243138 2.81724715 -0.11125058
v -0.67644554 2.81724715 -0.21977848
v -0.48306912 2.56600463 -8E-08
v -0.47708502 2.56600463 0.0755629
v -0.58656269 2.68083549 0.09290251
v -0.59391987 2.6808356 -6E-08
v -0.45942587 2.56600463 0.14927661
v -0.56485122 2.6808356 0.18353146
v -0.67640775 2.81724715 0.21977843
v -0.70240712 2.81724715 0.11125052
v -0.71122336 2.81724715 -4E-08
v -0.45942587 2.56600463 0.14927661
v -0.43038473 2.56600463 0.21929173
v -0.52914596 2.68083549 0.26961315
v -0.56485122 2.6808356 0.18353146
v -0.39081129 2.56600463 0.28394046
v -0.48049152 2.6808356 0.34909695
v -0.57538718 2.81724715 0.41804266
v -0.63365072 2.81724715 0.32286099
v -0.67640775 2.81724715 0.21977843
v -0.39081129 2.56600463 0.28394046
v -0.34155518 2.56600463 0.34155494
v -0.41993257 2.68083549 0.41993231
v -0.48049152 2.6808356 0.34909695
v -0.28394073 2.56600463 0.390811
v -0.34909716 2.6808356 0.48049122
v -0.4180429 2.81724715 0.57538688
v -0.50286806 2.81724715 0.50286776
v -0.57538718 2.81724715 0.41804266
v -0.28394073 2.56600463 0.390811
v -0.21929201 2.56600463 0.43038443
v -0.26961339 2.68083549 0.52914566
v -0.34909716 2.6808356 0.48049122
v -0.14927685 2.56600463 0.45942554
v -0.1835317 2.6808356 0.56485099
v -0.21977866 2.81724715 0.6764074
v -0.32286119 2.81724715 0.63365042
v -0.4180429 2.81724715 0.57538688
v -0.14927685 2.56600463 0.45942554
v -0.07556312 2.56600463 0.47708476
v -0.09290272 2.68083549 0.5865624
v -0.1835317 2.6808356 0.56485099
v -8E-08 2.56600463 0.48306882
v -8E-08 2.6808356 0.59391969
v -7E-08 2.81724715 0.71121716
v -0.11125071 2.81724715 0.70240676
v -0.21977866 2.81724715 0.6764074
v -8E-08 2.56600463 0.48306882
v 0.07556293 2.56600463 0.47708476
v 0.09290254 2.68083549 0.5865624
v -8E-08 2.6808356 0.59391969
v 0.14927666 2.56600463 0.45942554
v 0.18353152 2.6808356 0.56485099
v 0.21977848 2.81724715 0.6764074
v 0.11125055 2.81724715 0.70240676
v -7E-08 2.81724715 0.71121716
v 0.14927666 2.56600463 0.45942554
v 0.21929181 2.56600463 0.43038443
v 0.26961321 2.68083549 0.52914566
v 0.18353152 2.6808356 0.56485099
v 0.28394052 2.56600463 0.39081097
v 0.34909701 2.6808356 0.48049122
v 0.41804272 2.81724715 0.57538688
v 0.32286108 2.81724715 0.63365042
v 0.21977848 2.81724715 0.6764074
v 0.28394052 2.56600463 0.39081097
v 0.341555 2.56600463 0.34155494
v 0.41993237 2.68083549 0.41993231
v 0.34909701 2.6808356 0.48049122
v 0.39081106 2.56600463 0.28394046
v 0.48049128 2.6808356 0.34909695
v 0.575387 2.81724715 0.41804263
v 0.50286782 2.81724715 0.50286782
v 0.41804272 2.81724715 0.57538688
v 0.39081106 2.56600463 0.28394046
v 0.43038449 2.56600463 0.21929173
v 0.52914572 2.68083549 0.26961315
v 0.48049128 2.6808356 0.34909695
v 0.45942557 2.56600463 0.1492766
v 0.56485105 2.6808356 0.18353146
v 0.67640758 2.81724715 0.21977843
v 0.63365048 2.81724715 0.32286099
v 0.575387 2.81724715 0.41804263
v 0.45942557 2.56600463 0.1492766
v 0.47708476 2.56600463 0.07556289
v 0.58656251 2.68083549 0.09290251
v 0.56485105 2.6808356 0.18353146
v 0.48306888 2.56600463 -1.1E-07
v 0.59391969 2.6808356 -1E-07
v 0.71121716 2.81724715 -8E-08
v 0.70240688 2.81724715 0.1112505
v 0.67640758 2.81724715 0.21977843
v 0.48306888 2.56600463 -1.1E-07
v 0.47708476 2.56600463 -0.07556315
v 0.58656245 2.68083549 -0.09290275
v 0.59391969 2.6808356 -1E-07
v 0.45942563 2.56600463 -0.14927693
v 0.56485105 2.6808356 -0.18353176
v 0.67640752 2.81724715 -0.21977873
v 0.70240688 2.81724715 -0.11125074
v 0.71121716 2.81724715 -8E-08
v 0.67640752 2.81724715 -0.21977873
v 0.63365048 2.81724715 -0.32286134
v 0.74677408 2.97708249 -0.38050067
v 0.79716438 2.97708261 -0.25901508
v 0.57538712 2.81724715 -0.41804299
v 0.67810905 2.97708261 -0.49267483
v 0.76285058 3.1509546 -0.55424309
v 0.84009659 3.1509546 -0.42805085
v 0.89678389 3.1509546 -0.29138348
v 0.57538712 2.81724715 -0.41804299
v 0.50286835 2.81724715 -0.50286812
v 0.5926438 2.97708249 -0.5926435
v 0.67810905 2.97708261 -0.49267483
v 0.41804346 2.81724715 -0.57538724
v 0.49267539 2.97708261 -0.67810923
v 0.55424374 3.1509546 -0.7628507
v 0.66670495 3.1509546 -0.6667046
v 0.76285058 3.1509546 -0.55424309
v 0.41804346 2.81724715 -0.57538724
v 0.32286155 2.81724715 -0.63365078
v 0.38050097 2.97708249 -0.74677432
v 0.49267539 2.97708261 -0.67810923
v 0.2197786 2.81724715 -0.67640781
v 0.25901496 2.97708261 -0.79716456
v 0.29138339 3.1509546 -0.89678407
v 0.42805117 3.1509546 -0.84009671
v 0.55424374 3.1509546 -0.7628507
v 0.2197786 2.81724715 -0.67640781
v 0.11125056 2.81724715 -0.70240718
v 0.13111177 2.97708249 -0.82780552
v 0.25901496 2.97708261 -0.79716456
v -5E-08 2.81724715 -0.71121746
v -4E-08 2.97708261 -0.83818877
v -3E-08 3.1509546 -0.94293505
v 0.14749649 3.1509546 -0.93125421
v 0.29138339 3.1509546 -0.89678407
v -5E-08 2.81724715 -0.71121746
v -0.11125071 2.81724715 -0.70240718
v -0.13111189 2.97708249 -0.82780552
v -4E-08 2.97708261 -0.83818877
v -0.21977261 2.81724715 -0.67640775
v -0.25899073 2.97708261 -0.79716456
v -0.29134703 3.1509546 -0.89678413
v -0.14749658 3.1509546 -0.93125421
v -3E-08 3.1509546 -0.94293505
v -0.21977261 2.81724715 -0.67640775
v -0.322837 2.81724715 -0.63365072
v -0.38040358 2.97708249 -0.74677432
v -0.25899073 2.97708261 -0.79716456
v -0.41800788 2.81724715 -0.57538718
v -0.49253446 2.97708261 -0.67810917
v -0.55403262 3.1509546 -0.7628507
v -0.42790523 3.1509546 -0.84009671
v -0.29134703 3.1509546 -0.89678413
v -0.41800788 2.81724715 -0.57538718
v -0.50284916 2.81724715 -0.50286806
v -0.59256756 2.97708249 -0.59264344
v -0.49253446 2.97708261 -0.67810917
v -0.57539517 2.81724715 -0.41804293
v -0.67814094 2.97708261 -0.49267465
v -0.76289833 3.1509546 -0.55424297
v -0.66659069 3.1509546 -0.66670448
v -0.55403262 3.1509546 -0.7628507
v -0.57539517 2.81724715 -0.41804293
v -0.63368034 2.81724715 -0.32286111
v -0.74689257 2.97708249 -0.38050044
v -0.67814094 2.97708261 -0.49267465
v -0.67644554 2.81724715 -0.21977848
v -0.79731542 2.97708261 -0.25901479
v -0.89701045 3.1509546 -0.29138315
v -0.8402741 3.1509546 -0.42805058
v -0.76289833 3.1509546 -0.55424297
v -0.67644554 2.81724715 -0.21977848
v -0.70243138 2.81724715 -0.11125058
v -0.82790256 2.97708249 -0.13111174
v -0.79731542 2.97708261 -0.25901479
v -0.71122336 2.81724715 -4E-08
v -0.83821285 2.97708261 -2E-08
v -0.94297129 3.1509546 0
v -0.93139976 3.1509546 -0.14749642
v -0.89701045 3.1509546 -0.29138315
v -0.71122336 2.81724715 -4E-08
v -0.70240712 2.81724715 0.11125052
v -0.82780552 2.97708249 0.13111174
v -0.83821285 2.97708261 -2E-08
v -0.67640775 2.81724715 0.21977843
v -0.79716456 2.97708261 0.25901476
v -0.89678407 3.1509546 0.29138321
v -0.93125409 3.1509546 0.14749645
v -0.94297129 3.1509546 0
v -0.67640775 2.81724715 0.21977843
v -0.63365072 2.81724715 0.32286099
v -0.74677432 2.97708249 0.38050032
v -0.79716456 2.97708261 0.25901476
v -0.57538718 2.81724715 0.41804266
v -0.67810917 2.97708261 0.49267444
v -0.7628507 3.1509546 0.55424273
v -0.84009671 3.1509546 0.42805049
v -0.89678407 3.1509546 0.29138321
v -0.57538718 2.81724715 0.41804266
v -0.50286806 2.81724715 0.50286776
v -0.59264338 2.97708249 0.59264314
v -0.67810917 2.97708261 0.49267444
v -0.4180429 2.81724715 0.57538688
v -0.49267468 2.97708261 0.67810881
v -0.55424297 3.1509546 0.76285034
v -0.66670448 3.1509546 0.6667043
v -0.7628507 3.1509546 0.55424273
v -0.4180429 2.81724715 0.57538688
v -0.32286119 2.81724715 0.63365042
v -0.38050056 2.97708249 0.74677396
v -0.49267468 2.97708261 0.67810881
v -0.21977866 2.81724715 0.6764074
v -0.25901499 2.97708261 0.79716426
v -0.29138342 3.1509546 0.89678383
v -0.42805076 3.1509546 0.84009647
v -0.55424297 3.1509546 0.76285034
v -0.21977866 2.81724715 0.6764074
v -0.11125071 2.81724715 0.70240676
v -0.1311119 2.97708249 0.82780522
v -0.25901499 2.97708261 0.79716426
v -7E-08 2.81724715 0.71121716
v -6E-08 2.97708261 0.83818835
v -5E-08 3.1509546 0.94293457
v -0.14749661 3.1509546 0.93125397
v -0.29138342 3.1509546 0.89678383
v -7E-08 2.81724715 0.71121716
v 0.11125055 2.81724715 0.70240676
v 0.13111176 2.97708249 0.82780522
v -6E-08 2.97708261 0.83818835
v 0.21977848 2.81724715 0.6764074
v 0.25901484 2.97708261 0.79716426
v 0.29138324 3.1509546 0.89678383
v 0.14749648 3.1509546 0.93125397
v -5E-08 3.1509546 0.94293457
v 0.21977848 2.81724715 0.6764074
v 0.32286108 2.81724715 0.63365042
v 0.38050041 2.97708249 0.74677396
v 0.25901484 2.97708261 0.79716426
v 0.41804272 2.81724715 0.57538688
v 0.49267453 2.97708261 0.67810881
v 0.55424279 3.1509546 0.76285028
v 0.42805058 3.1509546 0.84009647
v 0.29138324 3.1509546 0.89678383
v 0.41804272 2.81724715 0.57538688
v 0.50286782 2.81724715 0.50286782
v 0.59264326 2.97708249 0.59264314
v 0.49267453 2.97708261 0.67810881
v 0.575387 2.81724715 0.41804263
v 0.67810887 2.97708261 0.49267444
v 0.76285052 3.1509546 0.55424273
v 0.66670436 3.1509546 0.6667043
v 0.55424279 3.1509546 0.76285028
v 0.575387 2.81724715 0.41804263
v 0.63365048 2.81724715 0.32286099
v 0.74677408 2.97708249 0.38050032
v 0.67810887 2.97708261 0.49267444
v 0.67640758 2.81724715 0.21977843
v 0.79716438 2.97708261 0.25901476
v 0.89678389 3.1509546 0.29138321
v 0.84009659 3.1509546 0.42805049
v 0.76285052 3.1509546 0.55424273
v 0.67640758 2.81724715 0.21977843
v 0.70240688 2.81724715 0.1112505
v 0.82780522 2.97708249 0.13111174
v 0.79716438 2.97708261 0.25901476
v 0.71121716 2.81724715 -8E-08
v 0.83818829 2.97708261 -6E-08
v 0.94293457 3.1509546 -5E-08
v 0.93125391 3.1509546 0.14749645
v 0.89678389 3.1509546 0.29138321
v 0.71121716 2.81724715 -8E-08
v 0.70240688 2.81724715 -0.11125074
v 0.82780528 2.97708249 -0.13111192
v 0.83818829 2.97708261 -6E-08
v 0.67640752 2.81724715 -0.21977873
v 0.79716438 2.97708261 -0.25901508
v 0.89678389 3.1509546 -0.29138348
v 0.93125391 3.1509546 -0.14749663
v 0.94293457 3.1509546 -5E-08
v 0.76285058 3.1509546 -0.55424309
v 0.80380499 3.32947648 -0.5839982
v 0.88519794 3.32947671 -0.45103115
v 0.84009659 3.1509546 -0.42805085
v 0.81810063 3.50634348 -0.59438449
v 0.90094107 3.50634301 -0.45905277
v 0.96173406 3.50634325 -0.31248713
v 0.94492871 3.32947648 -0.30702668
v 0.89678389 3.1509546 -0.29138348
v 0.55424374 3.1509546 -0.7628507
v 0.58399892 3.32947648 -0.80380505
v 0.70249766 3.32947671 -0.7024973
v 0.66670495 3.1509546 -0.6667046
v 0.59438527 3.50634348 -0.81810063
v 0.71499157 3.50634301 -0.71499109
v 0.81810063 3.50634348 -0.59438449
v 0.80380499 3.32947648 -0.5839982
v 0.76285058 3.1509546 -0.55424309
v 0.29138339 3.1509546 -0.89678407
v 0.30702662 3.32947648 -0.94492882
v 0.45103157 3.32947671 -0.88519818
v 0.42805117 3.1509546 -0.84009671
v 0.31248707 3.50634348 -0.96173429
v 0.45905313 3.50634301 -0.90094131
v 0.59438527 3.50634348 -0.81810063
v 0.58399892 3.32947648 -0.80380505
v 0.55424374 3.1509546 -0.7628507
v -3E-08 3.1509546 -0.94293505
v -3E-08 3.32947648 -0.99355739
v 0.15541497 3.32947671 -0.98124951
v 0.14749649 3.1509546 -0.93125421
v -3E-08 3.50634348 -1.01122761
v 0.15817903 3.50634301 -0.99870098
v 0.31248707 3.50634348 -0.96173429
v 0.30702662 3.32947648 -0.94492882
v 0.29138339 3.1509546 -0.89678407
v -0.29134703 3.1509546 -0.89678413
v -0.30700237 3.32947648 -0.94492882
v -0.15541509 3.32947671 -0.98124957
v -0.14749658 3.1509546 -0.93125421
v -0.31248102 3.50634348 -0.96173435
v -0.15817913 3.50634301 -0.99870098
v -3E-08 3.50634348 -1.01122761
v -3E-08 3.32947648 -0.99355739
v -3E-08 3.1509546 -0.94293505
v -0.55403262 3.1509546 -0.7628507
v -0.58385783 3.32947648 -0.80380505
v -0.45093408 3.32947671 -0.88519818
v -0.42790523 3.1509546 -0.84009671
v -0.59434944 3.50634348 -0.81810063
v -0.45902842 3.50634301 -0.90094131
v -0.31248102 3.50634348 -0.96173435
v -0.30700237 3.32947648 -0.94492882
v -0.29134703 3.1509546 -0.89678413
v -0.76289833 3.1509546 -0.55424297
v -0.80383688 3.32947648 -0.58399796
v -0.70242143 3.32947671 -0.70249718
v -0.66659069 3.1509546 -0.66670448
v -0.81810862 3.50634348 -0.59438431
v -0.7149722 3.50634301 -0.71499103
v -0.59434944 3.50634348 -0.81810063
v -0.58385783 3.32947648 -0.80380505
v -0.55403262 3.1509546 -0.7628507
v -0.89701045 3.1509546 -0.29138315
v -0.9450798 3.32947648 -0.30702636
v -0.88531643 3.32947671 -0.45103088
v -0.8402741 3.1509546 -0.42805058
v -0.96177214 3.50634348 -0.31248677
v -0.90097094 3.50634301 -0.45905241
v -0.81810862 3.50634348 -0.59438431
v -0.80383688 3.32947648 -0.58399796
v -0.76289833 3.1509546 -0.55424297
v -0.94297129 3.1509546 0
v -0.99358147 3.32947648 1E-08
v -0.98134649 3.32947671 -0.15541491
v -0.93139976 3.1509546 -0.14749642
v -1.01123357 3.50634348 1E-08
v -0.99872518 3.50634301 -0.15817896
v -0.96177214 3.50634348 -0.31248677
v -0.9450798 3.32947648 -0.30702636
v -0.89701045 3.1509546 -0.29138315
v -0.89678407 3.1509546 0.29138321
v -0.94492888 3.32947648 0.30702639
v -0.98124945 3.32947671 0.15541494
v -0.93125409 3.1509546 0.14749645
v -0.96173435 3.50634348 0.31248683
v -0.99870092 3.50634301 0.15817899
v -1.01123357 3.50634348 1E-08
v -0.99358147 3.32947648 1E-08
v -0.94297129 3.1509546 0
v -0.7628507 3.1509546 0.55424273
v -0.80380517 3.32947648 0.58399785
v -0.88519818 3.32947671 0.45103085
v -0.84009671 3.1509546 0.42805049
v -0.81810069 3.50634348 0.59438419
v -0.90094143 3.50634301 0.45905238
v -0.96173435 3.50634348 0.31248683
v -0.94492888 3.32947648 0.30702639
v -0.89678407 3.1509546 0.29138321
v -0.55424297 3.1509546 0.76285034
v -0.58399796 3.32947648 0.80380464
v -0.70249724 3.32947671 0.70249689
v -0.66670448 3.1509546 0.6667043
v -0.59438437 3.50634348 0.81810027
v -0.71499115 3.50634301 0.71499074
v -0.81810069 3.50634348 0.59438419
v -0.80380517 3.32947648 0.58399785
v -0.7628507 3.1509546 0.55424273
v -0.29138342 3.1509546 0.89678383
v -0.30702659 3.32947648 0.94492859
v -0.45103103 3.32947671 0.88519776
v -0.42805076 3.1509546 0.84009647
v -0.31248704 3.50634348 0.96173394
v -0.45905256 3.50634301 0.90094101
v -0.59438437 3.50634348 0.81810027
v -0.58399796 3.32947648 0.80380464
v -0.55424297 3.1509546 0.76285034
v -5E-08 3.1509546 0.94293457
v -5E-08 3.32947648 0.99355698
v -0.15541509 3.32947671 0.98124921
v -0.14749661 3.1509546 0.93125397
v -5E-08 3.50634348 1.01122737
v -0.15817913 3.50634301 0.99870068
v -0.31248704 3.50634348 0.96173394
v -0.30702659 3.32947648 0.94492859
v -0.29138342 3.1509546 0.89678383
v 0.29138324 3.1509546 0.89678383
v 0.30702645 3.32947648 0.94492859
v 0.15541495 3.32947671 0.98124915
v 0.14749648 3.1509546 0.93125397
v 0.31248689 3.50634348 0.96173394
v 0.15817903 3.50634301 0.99870068
v -5E-08 3.50634348 1.01122737
v -5E-08 3.32947648 0.99355698
v -5E-08 3.1509546 0.94293457
v 0.55424279 3.1509546 0.76285028
v 0.58399796 3.32947648 0.80380464
v 0.45103091 3.32947671 0.88519782
v 0.42805058 3.1509546 0.84009647
v 0.59438425 3.50634348 0.81810033
v 0.45905247 3.50634301 0.90094101
v 0.31248689 3.50634348 0.96173394
v 0.30702645 3.32947648 0.94492859
v 0.29138324 3.1509546 0.89678383
v 0.76285052 3.1509546 0.55424273
v 0.80380487 3.32947648 0.58399785
v 0.70249707 3.32947671 0.70249689
v 0.66670436 3.1509546 0.6667043
v 0.81810051 3.50634348 0.59438413
v 0.71499091 3.50634301 0.71499074
v 0.59438425 3.50634348 0.81810033
v 0.58399796 3.32947648 0.80380464
v 0.55424279 3.1509546 0.76285028
v 0.89678389 3.1509546 0.29138321
v 0.94492865 3.32947648 0.30702639
v 0.88519794 3.32947671 0.45103082
v 0.84009659 3.1509546 0.42805049
v 0.96173412 3.50634348 0.31248683
v 0.90094107 3.50634301 0.45905238
v 0.81810051 3.50634348 0.59438413
v 0.80380487 3.32947648 0.58399785
v 0.76285052 3.1509546 0.55424273
v 0.94293457 3.1509546 -5E-08
v 0.99355692 3.32947648 -4E-08
v 0.98124915 3.32947671 0.15541494
v 0.93125391 3.1509546 0.14749645
v 1.01122725 3.50634348 -4E-08
v 0.99870062 3.50634301 0.15817899
v 0.96173412 3.50634348 0.31248683
v 0.94492865 3.32947648 0.30702639
v 0.89678389 3.1509546 0.29138321
v 0.89678389 3.1509546 -0.29138348
v 0.94492871 3.32947648 -0.30702668
v 0.98124921 3.32947671 -0.15541512
v 0.93125391 3.1509546 -0.14749663
v 0.96173406 3.50634325 -0.31248713
v 0.99870062 3.50634301 -0.15817916
v 1.01122725 3.50634348 -4E-08
v 0.99355692 3.32947648 -4E-08
v 0.94293457 3.1509546 -5E-08
v 0.96173406 3.50634325 -0.31248713
v 0.90094107 3.50634301 -0.45905277
v 0.90618885 3.6752485 -0.46172661
v 0.96733594 3.67524803 -0.31430727
v 0.81810063 3.50634348 -0.59438449
v 0.82286584 3.67524803 -0.59784663
v 0.80858088 3.87177408 -0.58746809
v 0.89045733 3.8717736 -0.453711
v 0.95054299 3.87177408 -0.30885088
v 0.81810063 3.50634348 -0.59438449
v 0.71499157 3.50634301 -0.71499109
v 0.71915627 3.6752485 -0.71915579
v 0.82286584 3.67524803 -0.59784663
v 0.59438527 3.50634348 -0.81810063
v 0.59784746 3.67524803 -0.82286584
v 0.5874688 3.87177408 -0.80858088
v 0.7066716 3.8717736 -0.70667118
v 0.80858088 3.87177408 -0.58746809
v 0.59438527 3.50634348 -0.81810063
v 0.45905313 3.50634301 -0.90094131
v 0.46172696 3.6752485 -0.90618908
v 0.59784746 3.67524803 -0.82286584
v 0.31248707 3.50634348 -0.96173429
v 0.31430721 3.67524803 -0.96733618
v 0.30885085 3.87177408 -0.95054328
v 0.45371136 3.8717736 -0.89045763
v 0.5874688 3.87177408 -0.80858088
v 0.31248707 3.50634348 -0.96173429
v 0.15817903 3.50634301 -0.99870098
v 0.15910037 3.6752485 -1.00451815
v 0.31430721 3.67524803 -0.96733618
v -3E-08 3.50634348 -1.01122761
v -2E-08 3.67524803 -1.01711774
v -3E-08 3.87177408 -0.99946064
v 0.15633839 3.8717736 -0.98707968
v 0.30885085 3.87177408 -0.95054328
v -3E-08 3.50634348 -1.01122761
v -0.15817913 3.50634301 -0.99870098
v -0.15910047 3.6752485 -1.00451815
v -2E-08 3.67524803 -1.01711774
v -0.31248102 3.50634348 -0.96173435
v -0.31430724 3.67524803 -0.96733618
v -0.30885085 3.87177408 -0.95054334
v -0.15633848 3.8717736 -0.98707968
v -3E-08 3.87177408 -0.99946064
v -0.31248102 3.50634348 -0.96173435
v -0.45902842 3.50634301 -0.90094131
v -0.46172655 3.6752485 -0.90618908
v -0.31430724 3.67524803 -0.96733618
v -0.59434944 3.50634348 -0.81810063
v -0.59784669 3.67524803 -0.82286584
v -0.58746809 3.87177408 -0.80858088
v -0.45371097 3.8717736 -0.89045763
v -0.30885085 3.87177408 -0.95054334
v -0.59434944 3.50634348 -0.81810063
v -0.7149722 3.50634301 -0.71499103
v -0.71915579 3.6752485 -0.71915567
v -0.59784669 3.67524803 -0.82286584
v -0.81810862 3.50634348 -0.59438431
v -0.82286596 3.67524803 -0.59784651
v -0.80858099 3.87177408 -0.58746785
v -0.70667124 3.8717736 -0.70667112
v -0.58746809 3.87177408 -0.80858088
v -0.81810862 3.50634348 -0.59438431
v -0.90097094 3.50634301 -0.45905241
v -0.90618908 3.6752485 -0.46172631
v -0.82286596 3.67524803 -0.59784651
v -0.96177214 3.50634348 -0.31248677
v -0.96733618 3.67524803 -0.31430691
v -0.95054322 3.87177408 -0.30885056
v -0.89045769 3.8717736 -0.45371068
v -0.80858099 3.87177408 -0.58746785
v -0.96177214 3.50634348 -0.31248677
v -0.99872518 3.50634301 -0.15817896
v -1.00451803 3.6752485 -0.15910029
v -0.96733618 3.67524803 -0.31430691
v -1.01123357 3.50634348 1E-08
v -1.01711762 3.67524803 1E-08
v -0.99946046 3.87177408 1E-08
v -0.98707962 3.8717736 -0.1563383
v -0.95054322 3.87177408 -0.30885056
v -1.01123357 3.50634348 1E-08
v -0.99870092 3.50634301 0.15817899
v -1.00451803 3.6752485 0.15910034
v -1.01711762 3.67524803 1E-08
v -0.96173435 3.50634348 0.31248683
v -0.96733618 3.67524803 0.31430697
v -0.95054328 3.87177408 0.30885056
v -0.98707962 3.8717736 0.15633833
v -0.99946046 3.87177408 1E-08
v -0.96173435 3.50634348 0.31248683
v -0.90094143 3.50634301 0.45905238
v -0.90618914 3.6752485 0.46172625
v -0.96733618 3.67524803 0.31430697
v -0.81810069 3.50634348 0.59438419
v -0.82286596 3.67524803 0.59784633
v -0.80858094 3.87177408 0.58746773
v -0.89045769 3.8717736 0.45371065
v -0.95054328 3.87177408 0.30885056
v -0.81810069 3.50634348 0.59438419
v -0.71499115 3.50634301 0.71499074
v -0.71915567 3.6752485 0.71915537
v -0.82286596 3.67524803 0.59784633
v -0.59438437 3.50634348 0.81810027
v -0.59784651 3.67524803 0.82286549
v -0.58746785 3.87177408 0.80858052
v -0.70667118 3.8717736 0.70667088
v -0.80858094 3.87177408 0.58746773
v -0.59438437 3.50634348 0.81810027
v -0.45905256 3.50634301 0.90094101
v -0.46172643 3.6752485 0.90618873
v -0.59784651 3.67524803 0.82286549
v -0.31248704 3.50634348 0.96173394
v -0.31430718 3.67524803 0.96733594
v -0.30885082 3.87177408 0.95054287
v -0.45371085 3.8717736 0.89045727
v -0.58746785 3.87177408 0.80858052
v -0.31248704 3.50634348 0.96173394
v -0.15817913 3.50634301 0.99870068
v -0.15910049 3.6752485 1.00451779
v -0.31430718 3.67524803 0.96733594
v -5E-08 3.50634348 1.01122737
v -5E-08 3.67524803 1.0171175
v -5E-08 3.87177408 0.99946034
v -0.1563385 3.8717736 0.98707938
v -0.30885082 3.87177408 0.95054287
v -5E-08 3.50634348 1.01122737
v 0.15817903 3.50634301 0.99870068
v 0.15910035 3.6752485 1.00451779
v -5E-08 3.67524803 1.0171175
v 0.31248689 3.50634348 0.96173394
v 0.31430703 3.67524803 0.96733594
v 0.30885068 3.87177408 0.95054293
v 0.15633838 3.8717736 0.98707938
v -5E-08 3.87177408 0.99946034
v 0.31248689 3.50634348 0.96173394
v 0.45905247 3.50634301 0.90094101
v 0.46172631 3.6752485 0.90618867
v 0.31430703 3.67524803 0.96733594
v 0.59438425 3.50634348 0.81810033
v 0.59784639 3.67524803 0.82286549
v 0.58746785 3.87177408 0.80858058
v 0.45371073 3.8717736 0.89045727
v 0.30885068 3.87177408 0.95054293
v 0.59438425 3.50634348 0.81810033
v 0.71499091 3.50634301 0.71499074
v 0.71915555 3.6752485 0.71915531
v 0.59784639 3.67524803 0.82286549
v 0.81810051 3.50634348 0.59438413
v 0.82286572 3.67524803 0.59784639
v 0.80858076 3.87177408 0.58746773
v 0.706671 3.8717736 0.70667088
v 0.58746785 3.87177408 0.80858058
v 0.81810051 3.50634348 0.59438413
v 0.90094107 3.50634301 0.45905238
v 0.90618885 3.6752485 0.46172625
v 0.82286572 3.67524803 0.59784639
v 0.96173412 3.50634348 0.31248683
v 0.96733594 3.67524803 0.31430697
v 0.95054299 3.87177408 0.30885059
v 0.89045739 3.8717736 0.45371065
v 0.80858076 3.87177408 0.58746773
v 0.96173412 3.50634348 0.31248683
v 0.99870062 3.50634301 0.15817899
v 1.00451779 3.6752485 0.15910034
v 0.96733594 3.67524803 0.31430697
v 1.01122725 3.50634348 -4E-08
v 1.01711738 3.67524803 -4E-08
v 0.99946016 3.87177408 -4E-08
v 0.98707926 3.8717736 0.15633833
v 0.95054299 3.87177408 0.30885059
v 1.01122725 3.50634348 -4E-08
v 0.99870062 3.50634301 -0.15817916
v 1.00451779 3.6752485 -0.1591005
v 1.01711738 3.67524803 -4E-08
v 0.96173406 3.50634325 -0.31248713
v 0.96733594 3.67524803 -0.31430727
v 0.95054299 3.87177408 -0.30885088
v 0.98707926 3.8717736 -0.15633851
v 0.99946016 3.87177408 -4E-08
v 0.95054299 3.87177408 -0.30885088
v 0.89045733 3.8717736 -0.453711
v 0.84326303 4.13150036 -0.42966425
v 0.90016407 4.13150036 -0.29248175
v 0.80858088 3.87177408 -0.58746809
v 0.76572597 4.13150036 -0.55633217
v 0.71125257 4.40923297 -0.51675493
v 0.78327364 4.40923297 -0.39909813
v 0.83612674 4.40923297 -0.27167475
v 0.80858088 3.87177408 -0.58746809
v 0.7066716 3.8717736 -0.70667118
v 0.66921794 4.13150036 -0.66921753
v 0.76572597 4.13150036 -0.55633217
v 0.5874688 3.87177408 -0.80858088
v 0.55633289 4.13150036 -0.76572603
v 0.51675552 4.40923297 -0.71125257
v 0.62161011 4.40923297 -0.62160969
v 0.71125257 4.40923297 -0.51675493
v 0.5874688 3.87177408 -0.80858088
v 0.45371136 3.8717736 -0.89045763
v 0.42966458 4.13150036 -0.84326327
v 0.55633289 4.13150036 -0.76572603
v 0.30885085 3.87177408 -0.95054328
v 0.29248166 4.13150036 -0.90016431
v 0.27167463 4.40923297 -0.83612704
v 0.39909843 4.40923297 -0.78327388
v 0.51675552 4.40923297 -0.71125257
v 0.30885085 3.87177408 -0.95054328
v 0.15633839 3.8717736 -0.98707968
v 0.14805242 4.13150036 -0.93476433
v 0.29248166 4.13150036 -0.90016431
v -3E-08 3.87177408 -0.99946064
v -3E-08 4.13150036 -0.9464891
v -4E-08 4.40923297 -0.87915623
v 0.13752002 4.40923297 -0.86826563
v 0.27167463 4.40923297 -0.83612704
v -3E-08 3.87177408 -0.99946064
v -0.15633848 3.8717736 -0.98707968
v -0.14805251 4.13150036 -0.93476433
v -3E-08 4.13150036 -0.9464891
v -0.30885085 3.87177408 -0.95054334
v -0.29248169 4.13150036 -0.90016431
v -0.27167469 4.40923297 -0.83612704
v -0.13752013 4.40923297 -0.86826563
v -4E-08 4.40923297 -0.87915623
v -0.30885085 3.87177408 -0.95054334
v -0.45371097 3.8717736 -0.89045763
v -0.42966422 4.13150036 -0.84326327
v -0.29248169 4.13150036 -0.90016431
v -0.58746809 3.87177408 -0.80858088
v -0.55633217 4.13150036 -0.76572603
v -0.51675487 4.40923297 -0.71125251
v -0.3990981 4.40923297 -0.78327388
v -0.27167469 4.40923297 -0.83612704
v -0.58746809 3.87177408 -0.80858088
v -0.70667124 3.8717736 -0.70667112
v -0.66921759 4.13150036 -0.66921747
v -0.55633217 4.13150036 -0.76572603
v -0.80858099 3.87177408 -0.58746785
v -0.76572615 4.13150036 -0.55633205
v -0.71125269 4.40923297 -0.51675481
v -0.62160969 4.40923297 -0.62160969
v -0.51675487 4.40923297 -0.71125251
v -0.80858099 3.87177408 -0.58746785
v -0.89045769 3.8717736 -0.45371068
v -0.84326327 4.13150036 -0.42966399
v -0.76572615 4.13150036 -0.55633205
v -0.95054322 3.87177408 -0.30885056
v -0.90016431 4.13150036 -0.29248142
v -0.83612698 4.40923297 -0.27167445
v -0.78327388 4.40923297 -0.39909789
v -0.71125269 4.40923297 -0.51675481
v -0.95054322 3.87177408 -0.30885056
v -0.98707962 3.8717736 -0.1563383
v -0.93476421 4.13150036 -0.14805236
v -0.90016431 4.13150036 -0.29248142
v -0.99946046 3.87177408 1E-08
v -0.94648892 4.13150036 0
v -0.87915605 4.40923297 -1E-08
v -0.86826545 4.40923297 -0.13751999
v -0.83612698 4.40923297 -0.27167445
v -0.99946046 3.87177408 1E-08
v -0.98707962 3.8717736 0.15633833
v -0.93476421 4.13150036 0.14805239
v -0.94648892 4.13150036 0
v -0.95054328 3.87177408 0.30885056
v -0.90016431 4.13150036 0.29248148
v -0.83612704 4.40923297 0.27167442
v -0.86826545 4.40923297 0.13751999
v -0.87915605 4.40923297 -1E-08
v -0.95054328 3.87177408 0.30885056
v -0.89045769 3.8717736 0.45371065
v -0.84326327 4.13150036 0.42966393
v -0.90016431 4.13150036 0.29248148
v -0.80858094 3.87177408 0.58746773
v -0.76572615 4.13150036 0.55633175
v -0.71125263 4.40923297 0.51675457
v -0.78327388 4.40923297 0.3990978
v -0.83612704 4.40923297 0.27167442
v -0.80858094 3.87177408 0.58746773
v -0.70667118 3.8717736 0.70667088
v -0.66921747 4.13150036 0.66921717
v -0.76572615 4.13150036 0.55633175
v -0.58746785 3.87177408 0.80858052
v -0.55633199 4.13150036 0.76572567
v -0.51675481 4.40923297 0.71125221
v -0.62160969 4.40923297 0.62160939
v -0.71125263 4.40923297 0.51675457
v -0.58746785 3.87177408 0.80858052
v -0.45371085 3.8717736 0.89045727
v -0.42966413 4.13150036 0.84326285
v -0.55633199 4.13150036 0.76572567
v -0.30885082 3.87177408 0.95054287
v -0.29248169 4.13150036 0.90016401
v -0.27167469 4.40923297 0.83612663
v -0.39909804 4.40923297 0.78327352
v -0.51675481 4.40923297 0.71125221
v -0.30885082 3.87177408 0.95054287
v -0.1563385 3.8717736 0.98707938
v -0.14805254 4.13150036 0.93476403
v -0.29248169 4.13150036 0.90016401
v -5E-08 3.87177408 0.99946034
v -5E-08 4.13150036 0.94648874
v -6E-08 4.40923297 0.87915593
v -0.13752015 4.40923297 0.86826527
v -0.27167469 4.40923297 0.83612663
v -5E-08 3.87177408 0.99946034
v 0.15633838 3.8717736 0.98707938
v 0.14805239 4.13150036 0.93476397
v -5E-08 4.13150036 0.94648874
v 0.30885068 3.87177408 0.95054293
v 0.29248151 4.13150036 0.90016401
v 0.27167451 4.40923297 0.83612663
v 0.13752 4.40923297 0.86826527
v -6E-08 4.40923297 0.87915593
v 0.30885068 3.87177408 0.95054293
v 0.45371073 3.8717736 0.89045727
v 0.42966402 4.13150036 0.84326291
v 0.29248151 4.13150036 0.90016401
v 0.58746785 3.87177408 0.80858058
v 0.55633187 4.13150036 0.76572573
v 0.51675475 4.40923297 0.71125227
v 0.39909783 4.40923297 0.78327352
v 0.27167451 4.40923297 0.83612663
v 0.58746785 3.87177408 0.80858058
v 0.706671 3.8717736 0.70667088
v 0.66921735 4.13150036 0.66921717
v 0.55633187 4.13150036 0.76572573
v 0.80858076 3.87177408 0.58746773
v 0.76572585 4.13150036 0.55633181
v 0.71125239 4.40923297 0.51675457
v 0.62160951 4.40923297 0.62160933
v 0.51675475 4.40923297 0.71125227
v 0.80858076 3.87177408 0.58746773
v 0.89045739 3.8717736 0.45371065
v 0.84326303 4.13150036 0.4296639
v 0.76572585 4.13150036 0.55633181
v 0.95054299 3.87177408 0.30885059
v 0.90016407 4.13150036 0.29248148
v 0.83612674 4.40923297 0.27167442
v 0.78327364 4.40923297 0.3990978
v 0.71125239 4.40923297 0.51675457
v 0.95054299 3.87177408 0.30885059
v 0.98707926 3.8717736 0.15633833
v 0.93476397 4.13150036 0.14805238
v 0.90016407 4.13150036 0.29248148
v 0.99946016 3.87177408 -4E-08
v 0.94648862 4.13150036 -5E-08
v 0.87915581 4.40923297 -6E-08
v 0.86826527 4.40923297 0.13751999
v 0.83612674 4.40923297 0.27167442
v 0.99946016 3.87177408 -4E-08
v 0.98707926 3.8717736 -0.15633851
v 0.93476397 4.13150036 -0.14805256
v 0.94648862 4.13150036 -5E-08
v 0.95054299 3.87177408 -0.30885088
v 0.90016407 4.13150036 -0.29248175
v 0.83612674 4.40923297 -0.27167475
v 0.86826527 4.40923297 -0.13752016
v 0.87915581 4.40923297 -6E-08
v 0.71660155 4.90682685 -0.23283854
v 0.67130381 4.90682638 -0.34204662
v 0.65751863 4.90826976 -0.33502272
v 0.70188624 4.90826929 -0.22805722
v 0.60957825 4.90682685 -0.44288427
v 0.59706056 4.90826929 -0.4337897
v 0.58373863 4.90827 -0.42411077
v 0.64284778 4.90826929 -0.32754755
v 0.68622541 4.90827 -0.2229687
v 0.60957825 4.90682685 -0.44288427
v 0.53275019 4.90682638 -0.53274995
v 0.52181017 4.90826976 -0.52181005
v 0.59706056 4.90826929 -0.4337897
v 0.44288471 4.90682685 -0.60957831
v 0.43379009 4.90826929 -0.59706074
v 0.42411119 4.90827 -0.5837388
v 0.5101673 4.90826929 -0.51016712
v 0.58373863 4.90827 -0.42411077
v 0.44288471 4.90682685 -0.60957831
v 0.34204683 4.90682638 -0.67130405
v 0.33502293 4.90826976 -0.65751886
v 0.43379009 4.90826929 -0.59706074
v 0.23283844 4.90682685 -0.71660185
v 0.22805712 4.90826929 -0.70188642
v 0.22296859 4.90827 -0.68622559
v 0.3275477 4.90826929 -0.64284801
v 0.42411119 4.90827 -0.5837388
v 0.23283844 4.90682685 -0.71660185
v 0.11786138 4.90682638 -0.74414617
v 0.1154411 4.90826976 -0.72886515
v 0.22805712 4.90826929 -0.70188642
v -4E-08 4.90682685 -0.75347996
v -4E-08 4.90826929 -0.73800743
v -5E-08 4.90827 -0.72154057
v 0.11286532 4.90826929 -0.71260232
v 0.22296859 4.90827 -0.68622559
v -4E-08 4.90682685 -0.75347996
v -0.11786149 4.90682638 -0.74414617
v -0.11544122 4.90826976 -0.72886515
v -4E-08 4.90826929 -0.73800743
v -0.23283848 4.90682685 -0.71660185
v -0.22805718 4.90826929 -0.70188642
v -0.22296864 4.90827 -0.68622559
v -0.11286543 4.90826929 -0.71260238
v -5E-08 4.90827 -0.72154057
v -0.23283848 4.90682685 -0.71660185
v -0.34204659 4.90682638 -0.67130405
v -0.33502272 4.90826976 -0.65751892
v -0.22805718 4.90826929 -0.70188642
v -0.44288427 4.90682685 -0.60957837
v -0.43378967 4.90826929 -0.59706074
v -0.42411077 4.90827 -0.5837388
v -0.32754752 4.90826929 -0.64284807
v -0.22296864 4.90827 -0.68622559
v -0.44288427 4.90682685 -0.60957837
v -0.53274995 4.90682638 -0.53274995
v -0.52181005 4.90826976 -0.52181
v -0.43378967 4.90826929 -0.59706074
v -0.60957831 4.90682685 -0.44288418
v -0.59706074 4.90826929 -0.43378961
v -0.5837388 4.90827 -0.42411071
v -0.51016712 4.90826929 -0.51016712
v -0.42411077 4.90827 -0.5837388
v -0.60957831 4.90682685 -0.44288418
v -0.67130405 4.90682638 -0.34204647
v -0.65751886 4.90826976 -0.33502257
v -0.59706074 4.90826929 -0.43378961
v -0.71660179 4.90682685 -0.23283832
v -0.70188642 4.90826929 -0.228057
v -0.68622559 4.90827 -0.22296846
v -0.64284801 4.90826929 -0.32754737
v -0.5837388 4.90827 -0.42411071
v -0.71660179 4.90682685 -0.23283832
v -0.74414599 4.90682638 -0.11786137
v -0.72886503 4.90826976 -0.11544111
v -0.70188642 4.90826929 -0.228057
v -0.75347978 4.90682685 -3E-08
v -0.73800719 4.90826929 -3E-08
v -0.72154045 4.90827 -4E-08
v -0.71260226 4.90826929 -0.11286531
v -0.68622559 4.90827 -0.22296846
v -0.75347978 4.90682685 -3E-08
v -0.74414599 4.90682638 0.11786134
v -0.72886515 4.90826976 0.11544105
v -0.73800719 4.90826929 -3E-08
v -0.71660173 4.90682685 0.23283827
v -0.70188642 4.90826929 0.22805697
v -0.68622553 4.90827 0.22296843
v -0.71260226 4.90826929 0.11286528
v -0.72154045 4.90827 -4E-08
v -0.71660173 4.90682685 0.23283827
v -0.67130405 4.90682638 0.34204629
v -0.65751892 4.90826976 0.33502239
v -0.70188642 4.90826929 0.22805697
v -0.60957837 4.90682685 0.44288391
v -0.59706074 4.90826929 0.43378934
v -0.5837388 4.90827 0.42411044
v -0.64284807 4.90826929 0.32754719
v -0.68622553 4.90827 0.22296843
v -0.60957837 4.90682685 0.44288391
v -0.53274989 4.90682638 0.53274959
v -0.52180994 4.90826976 0.5218097
v -0.59706074 4.90826929 0.43378934
v -0.44288415 4.90682685 0.60957795
v -0.43378958 4.90826929 0.59706032
v -0.42411071 4.90827 0.58373845
v -0.51016712 4.90826929 0.51016676
v -0.5837388 4.90827 0.42411044
v -0.44288415 4.90682685 0.60957795
v -0.34204653 4.90682638 0.67130369
v -0.33502266 4.90826976 0.65751857
v -0.43378958 4.90826929 0.59706032
v -0.23283847 4.90682685 0.71660143
v -0.22805718 4.90826929 0.70188618
v -0.22296865 4.90827 0.68622524
v -0.32754749 4.90826929 0.6428476
v -0.42411071 4.90827 0.58373845
v -0.23283847 4.90682685 0.71660143
v -0.1178615 4.90682638 0.74414575
v -0.11544123 4.90826976 0.72886485
v -0.22805718 4.90826929 0.70188618
v -6E-08 4.90682685 0.75347954
v -6E-08 4.90826929 0.73800695
v -6E-08 4.90827 0.72154021
v -0.11286543 4.90826929 0.71260202
v -0.22296865 4.90827 0.68622524
v -6E-08 4.90682685 0.75347954
v 0.11786136 4.90682638 0.74414575
v 0.11544108 4.90826976 0.72886485
v -6E-08 4.90826929 0.73800695
v 0.23283833 4.90682685 0.71660143
v 0.22805701 4.90826929 0.70188618
v 0.22296849 4.90827 0.6862253
v 0.11286531 4.90826929 0.71260202
v -6E-08 4.90827 0.72154021
v 0.23283833 4.90682685 0.71660143
v 0.34204638 4.90682638 0.67130369
v 0.33502248 4.90826976 0.65751857
v 0.22805701 4.90826929 0.70188618
v 0.44288403 4.90682685 0.60957795
v 0.43378946 4.90826929 0.59706038
v 0.42411053 4.90827 0.58373845
v 0.32754728 4.90826929 0.6428476
v 0.22296849 4.90827 0.6862253
v 0.44288403 4.90682685 0.60957795
v 0.53274971 4.90682638 0.53274959
v 0.52180976 4.90826976 0.52180964
v 0.43378946 4.90826929 0.59706038
v 0.60957807 4.90682685 0.44288391
v 0.59706044 4.90826929 0.43378934
v 0.58373857 4.90827 0.42411044
v 0.51016688 4.90826929 0.51016676
v 0.42411053 4.90827 0.58373845
v 0.60957807 4.90682685 0.44288391
v 0.67130381 4.90682638 0.34204629
v 0.65751868 4.90826976 0.33502239
v 0.59706044 4.90826929 0.43378934
v 0.71660143 4.90682685 0.23283827
v 0.70188624 4.90826929 0.22805697
v 0.68622541 4.90827 0.22296843
v 0.64284772 4.90826929 0.32754719
v 0.58373857 4.90827 0.42411044
v 0.71660143 4.90682685 0.23283827
v 0.74414581 4.90682638 0.11786134
v 0.72886491 4.90826976 0.11544105
v 0.70188624 4.90826929 0.22805697
v 0.7534796 4.90682685 -7E-08
v 0.73800695 4.90826929 -7E-08
v 0.72154015 4.90827 -8E-08
v 0.71260202 4.90826929 0.11286528
v 0.68622541 4.90827 0.22296843
v 0.7534796 4.90682685 -7E-08
v 0.74414581 4.90682638 -0.11786152
v 0.72886479 4.90826976 -0.11544126
v 0.73800695 4.90826929 -7E-08
v 0.71660155 4.90682685 -0.23283854
v 0.70188624 4.90826929 -0.22805722
v 0.68622541 4.90827 -0.2229687
v 0.71260208 4.90826929 -0.11286547
v 0.72154015 4.90827 -8E-08
v 0.68897778 4.84772646 -0.22386304
v 0.64542627 4.84772623 -0.32886136
v 0.68699235 4.66609657 -0.35004032
v 0.73334861 4.66609609 -0.23828003
v 0.58608007 4.84772646 -0.42581192
v 0.62382424 4.66609609 -0.45323455
v 0.67809212 4.41226447 -0.49266252
v 0.74675536 4.41226375 -0.38049117
v 0.79714435 4.41226447 -0.25900856
v 0.58608007 4.84772646 -0.42581192
v 0.51221359 4.84772623 -0.51221341
v 0.54520071 4.66609657 -0.54520047
v 0.62382424 4.66609609 -0.45323455
v 0.4258123 4.84772646 -0.58608019
v 0.45323497 4.66609609 -0.62382436
v 0.49266306 4.41226447 -0.67809224
v 0.59262902 4.41226375 -0.59262866
v 0.67809212 4.41226447 -0.49266252
v 0.4258123 4.84772646 -0.58608019
v 0.32886153 4.84772623 -0.64542651
v 0.35004056 4.66609657 -0.68699265
v 0.45323497 4.66609609 -0.62382436
v 0.22386292 4.84772646 -0.68897808
v 0.23827992 4.66609609 -0.73334891
v 0.25900847 4.41226447 -0.79714459
v 0.38049141 4.41226375 -0.7467556
v 0.49266306 4.41226447 -0.67809224
v 0.22386292 4.84772646 -0.68897808
v 0.11331801 4.84772623 -0.71546066
v 0.12061583 4.66609657 -0.76153696
v 0.23827992 4.66609609 -0.73334891
v -5E-08 4.84772646 -0.72443467
v -4E-08 4.66609609 -0.77108896
v -4E-08 4.41226447 -0.83816767
v 0.13110849 4.41226375 -0.82778478
v 0.25900847 4.41226447 -0.79714459
v -5E-08 4.84772646 -0.72443467
v -0.11331815 4.84772623 -0.71546066
v -0.12061594 4.66609657 -0.76153702
v -4E-08 4.66609609 -0.77108896
v -0.22386299 4.84772646 -0.68897808
v -0.23827997 4.66609609 -0.73334891
v -0.25900853 4.41226447 -0.79714459
v -0.13110858 4.41226375 -0.82778484
v -4E-08 4.41226447 -0.83816767
v -0.22386299 4.84772646 -0.68897808
v -0.3288613 4.84772623 -0.64542651
v -0.35004032 4.66609657 -0.68699259
v -0.23827997 4.66609609 -0.73334891
v -0.42581192 4.84772646 -0.58608019
v -0.45323455 4.66609609 -0.62382436
v -0.49266252 4.41226447 -0.67809224
v -0.38049114 4.41226375 -0.74675566
v -0.25900853 4.41226447 -0.79714459
v -0.42581192 4.84772646 -0.58608019
v -0.51221341 4.84772623 -0.51221341
v -0.54520047 4.66609657 -0.54520047
v -0.45323455 4.66609609 -0.62382436
v -0.58608019 4.84772646 -0.42581183
v -0.62382436 4.66609609 -0.45323449
v -0.67809224 4.41226447 -0.4926624
v -0.59262866 4.41226375 -0.59262866
v -0.49266252 4.41226447 -0.67809224
v -0.58608019 4.84772646 -0.42581183
v -0.64542651 4.84772623 -0.32886115
v -0.68699265 4.66609657 -0.35004014
v -0.62382436 4.66609609 -0.45323449
v -0.68897802 4.84772646 -0.22386281
v -0.73334891 4.66609609 -0.23827979
v -0.79714459 4.41226447 -0.25900826
v -0.7467556 4.41226375 -0.3804909
v -0.67809224 4.41226447 -0.4926624
v -0.68897802 4.84772646 -0.22386281
v -0.71546054 4.84772623 -0.11331803
v -0.76153684 4.66609657 -0.12061581
v -0.73334891 4.66609609 -0.23827979
v -0.72443461 4.84772646 -3E-08
v -0.77108884 4.66609609 -3E-08
v -0.83816755 4.41226447 -1E-08
v -0.82778472 4.41226375 -0.13110843
v -0.79714459 4.41226447 -0.25900826
v -0.72443461 4.84772646 -3E-08
v -0.71546054 4.84772623 0.11331798
v -0.76153684 4.66609657 0.12061579
v -0.77108884 4.66609609 -3E-08
v -0.68897802 4.84772646 0.22386274
v -0.73334891 4.66609609 0.23827974
v -0.79714453 4.41226447 0.25900829
v -0.82778472 4.41226375 0.13110846
v -0.83816755 4.41226447 -1E-08
v -0.68897802 4.84772646 0.22386274
v -0.64542651 4.84772623 0.32886103
v -0.68699259 4.66609657 0.35004002
v -0.73334891 4.66609609 0.23827974
v -0.58608019 4.84772646 0.42581153
v -0.62382436 4.66609609 0.4532342
v -0.67809224 4.41226447 0.49266216
v -0.74675566 4.41226375 0.38049078
v -0.79714453 4.41226447 0.25900829
v -0.58608019 4.84772646 0.42581153
v -0.51221335 4.84772623 0.51221305
v -0.54520041 4.66609657 0.54520011
v -0.62382436 4.66609609 0.4532342
v -0.42581183 4.84772646 0.58607978
v -0.45323449 4.66609609 0.623824
v -0.49266243 4.41226447 0.67809194
v -0.5926286 4.41226375 0.5926283
v -0.67809224 4.41226447 0.49266216
v -0.42581183 4.84772646 0.58607978
v -0.32886124 4.84772623 0.64542615
v -0.35004026 4.66609657 0.68699223
v -0.45323449 4.66609609 0.623824
v -0.22386298 4.84772646 0.68897766
v -0.23827995 4.66609609 0.73334849
v -0.2590085 4.41226447 0.79714423
v -0.38049108 4.41226375 0.74675524
v -0.49266243 4.41226447 0.67809194
v -0.22386298 4.84772646 0.68897766
v -0.11331815 4.84772623 0.7154603
v -0.12061595 4.66609657 0.76153666
v -0.23827995 4.66609609 0.73334849
v -7E-08 4.84772646 0.72443432
v -6E-08 4.66609609 0.7710886
v -5E-08 4.41226447 0.83816749
v -0.1311086 4.41226375 0.82778448
v -0.2590085 4.41226447 0.79714423
v -7E-08 4.84772646 0.72443432
v 0.113318 4.84772623 0.7154603
v 0.12061581 4.66609657 0.7615366
v -6E-08 4.66609609 0.7710886
v 0.2238628 4.84772646 0.68897766
v 0.2382798 4.66609609 0.73334849
v 0.25900835 4.41226447 0.79714423
v 0.13110848 4.41226375 0.82778448
v -5E-08 4.41226447 0.83816749
v 0.2238628 4.84772646 0.68897766
v 0.32886106 4.84772623 0.64542615
v 0.35004008 4.66609657 0.68699223
v 0.2382798 4.66609609 0.73334849
v 0.42581168 4.84772646 0.58607984
v 0.45323426 4.66609609 0.623824
v 0.49266225 4.41226447 0.67809194
v 0.38049087 4.41226375 0.74675524
v 0.25900835 4.41226447 0.79714423
v 0.42581168 4.84772646 0.58607984
v 0.51221317 4.84772623 0.51221299
v 0.54520017 4.66609657 0.54520011
v 0.45323426 4.66609609 0.623824
v 0.58607996 4.84772646 0.4258115
v 0.62382412 4.66609609 0.4532342
v 0.67809206 4.41226447 0.49266213
v 0.59262848 4.41226375 0.5926283
v 0.49266225 4.41226447 0.67809194
v 0.58607996 4.84772646 0.4258115
v 0.64542621 4.84772623 0.328861
v 0.68699229 4.66609657 0.35004002
v 0.62382412 4.66609609 0.4532342
v 0.68897778 4.84772646 0.22386275
v 0.73334861 4.66609609 0.23827974
v 0.79714435 4.41226447 0.25900832
v 0.74675542 4.41226375 0.38049081
v 0.67809206 4.41226447 0.49266213
v 0.68897778 4.84772646 0.22386275
v 0.71546036 4.84772623 0.11331798
v 0.7615366 4.66609657 0.12061578
v 0.73334861 4.66609609 0.23827974
v 0.7244342 4.84772646 -7E-08
v 0.7710886 4.66609609 -7E-08
v 0.83816737 4.41226447 -6E-08
v 0.82778448 4.41226375 0.13110846
v 0.79714435 4.41226447 0.25900832
v 0.7244342 4.84772646 -7E-08
v 0.71546036 4.84772623 -0.11331818
v 0.76153666 4.66609657 -0.12061597
v 0.7710886 4.66609609 -7E-08
v 0.68897778 4.84772646 -0.22386304
v 0.73334861 4.66609609 -0.23828003
v 0.79714435 4.41226447 -0.25900856
v 0.82778454 4.41226375 -0.13110863
v 0.83816737 4.41226447 -6E-08
v 0.92124015 3.87610495 -0.29932979
v 0.86300683 3.87610519 -0.43972421
v 0.88000631 3.67669356 -0.44838589
v 0.93938661 3.67669332 -0.305226
v 0.78365439 3.87610495 -0.56935793
v 0.79909086 3.67669332 -0.58057302
v 0.79422671 3.50484908 -0.57703912
v 0.87464958 3.50484908 -0.44565654
v 0.93366855 3.50484908 -0.30336806
v 0.78365439 3.87610495 -0.56935793
v 0.68488669 3.87610519 -0.68488634
v 0.69837761 3.67669356 -0.69837719
v 0.79909086 3.67669332 -0.58057302
v 0.56935859 3.87610495 -0.78365451
v 0.58057374 3.67669332 -0.79909086
v 0.57703978 3.50484908 -0.79422677
v 0.69412649 3.50484908 -0.69412607
v 0.79422671 3.50484908 -0.57703912
v 0.56935859 3.87610495 -0.78365451
v 0.43972462 3.87610519 -0.86300701
v 0.44838628 3.67669356 -0.88000655
v 0.58057374 3.67669332 -0.79909086
v 0.29932973 3.87610495 -0.92124027
v 0.30522594 3.67669332 -0.93938684
v 0.303368 3.50484908 -0.93366873
v 0.4456569 3.50484908 -0.87464988
v 0.57703978 3.50484908 -0.79422677
v 0.29932973 3.87610495 -0.92124027
v 0.15151888 3.87610519 -0.95665044
v 0.15450349 3.67669356 -0.9754945
v 0.30522594 3.67669332 -0.93938684
v -2E-08 3.87610495 -0.96864974
v -2E-08 3.67669332 -0.98773015
v -2E-08 3.50484908 -0.98171777
v 0.15356302 3.50484908 -0.96955663
v 0.303368 3.50484908 -0.93366873
v -2E-08 3.87610495 -0.96864974
v -0.15151896 3.87610519 -0.95665044
v -0.15450357 3.67669356 -0.9754945
v -2E-08 3.67669332 -0.98773015
v -0.29932976 3.87610495 -0.92124027
v -0.30522594 3.67669332 -0.93938684
v -0.303368 3.50484908 -0.93366873
v -0.15356308 3.50484908 -0.96955663
v -2E-08 3.50484908 -0.98171777
v -0.29932976 3.87610495 -0.92124027
v -0.43972421 3.87610519 -0.86300701
v -0.44838583 3.67669356 -0.88000655
v -0.30522594 3.67669332 -0.93938684
v -0.56935787 3.87610495 -0.78365457
v -0.58057302 3.67669332 -0.79909086
v -0.57703912 3.50484908 -0.79422677
v -0.44565651 3.50484908 -0.87464982
v -0.303368 3.50484908 -0.93366873
v -0.56935787 3.87610495 -0.78365457
v -0.6848864 3.87610519 -0.68488628
v -0.69837725 3.67669356 -0.69837719
v -0.58057302 3.67669332 -0.79909086
v -0.78365457 3.87610495 -0.56935781
v -0.79909092 3.67669332 -0.58057296
v -0.79422683 3.50484908 -0.57703906
v -0.69412619 3.50484908 -0.69412601
v -0.57703912 3.50484908 -0.79422677
v -0.78365457 3.87610495 -0.56935781
v -0.86300707 3.87610519 -0.43972397
v -0.88000655 3.67669356 -0.44838566
v -0.79909092 3.67669332 -0.58057296
v -0.92124027 3.87610495 -0.29932946
v -0.93938684 3.67669332 -0.30522567
v -0.93366873 3.50484908 -0.30336773
v -0.87464994 3.50484908 -0.44565627
v -0.79422683 3.50484908 -0.57703906
v -0.92124027 3.87610495 -0.29932946
v -0.95665032 3.87610519 -0.15151876
v -0.97549438 3.67669356 -0.15450339
v -0.93938684 3.67669332 -0.30522567
v -0.96864957 3.87610495 2E-08
v -0.98772997 3.67669332 2E-08
v -0.98171759 3.50484908 2E-08
v -0.96955645 3.50484908 -0.1535629
v -0.93366873 3.50484908 -0.30336773
v -0.96864957 3.87610495 2E-08
v -0.95665032 3.87610519 0.15151885
v -0.97549438 3.67669356 0.15450346
v -0.98772997 3.67669332 2E-08
v -0.92124027 3.87610495 0.29932952
v -0.93938684 3.67669332 0.30522573
v -0.93366873 3.50484908 0.30336776
v -0.96955645 3.50484908 0.15356299
v -0.98171759 3.50484908 2E-08
v -0.92124027 3.87610495 0.29932952
v -0.86300707 3.87610519 0.43972391
v -0.88000655 3.67669356 0.44838557
v -0.93938684 3.67669332 0.30522573
v -0.78365457 3.87610495 0.56935751
v -0.79909092 3.67669332 0.58057266
v -0.79422683 3.50484908 0.57703871
v -0.87464994 3.50484908 0.44565618
v -0.93366873 3.50484908 0.30336776
v -0.78365457 3.87610495 0.56935751
v -0.68488634 3.87610519 0.68488592
v -0.69837725 3.67669356 0.69837689
v -0.79909092 3.67669332 0.58057266
v -0.56935781 3.87610495 0.78365409
v -0.58057296 3.67669332 0.7990905
v -0.57703906 3.50484908 0.79422641
v -0.69412613 3.50484908 0.69412571
v -0.79422683 3.50484908 0.57703871
v -0.56935781 3.87610495 0.78365409
v -0.43972412 3.87610519 0.86300671
v -0.44838583 3.67669356 0.88000619
v -0.58057296 3.67669332 0.7990905
v -0.29932973 3.87610495 0.92124003
v -0.30522591 3.67669332 0.93938655
v -0.303368 3.50484908 0.93366843
v -0.44565645 3.50484908 0.87464947
v -0.57703906 3.50484908 0.79422641
v -0.29932973 3.87610495 0.92124003
v -0.15151897 3.87610519 0.95665014
v -0.15450358 3.67669356 0.97549415
v -0.30522591 3.67669332 0.93938655
v -4E-08 3.87610495 0.96864939
v -4E-08 3.67669332 0.98772985
v -4E-08 3.50484908 0.98171747
v -0.15356311 3.50484908 0.96955621
v -0.303368 3.50484908 0.93366843
v -4E-08 3.87610495 0.96864939
v 0.15151887 3.87610519 0.95665014
v 0.15450348 3.67669356 0.97549415
v -4E-08 3.67669332 0.98772985
v 0.29932961 3.87610495 0.92124009
v 0.30522579 3.67669332 0.93938655
v 0.30336782 3.50484908 0.93366838
v 0.15356301 3.50484908 0.96955621
v -4E-08 3.50484908 0.98171747
v 0.29932961 3.87610495 0.92124009
v 0.439724 3.87610519 0.86300671
v 0.44838566 3.67669356 0.88000619
v 0.30522579 3.67669332 0.93938655
v 0.56935769 3.87610495 0.78365421
v 0.58057284 3.67669332 0.7990905
v 0.57703882 3.50484908 0.79422641
v 0.4456563 3.50484908 0.87464947
v 0.30336782 3.50484908 0.93366838
v 0.56935769 3.87610495 0.78365421
v 0.6848861 3.87610519 0.68488592
v 0.69837701 3.67669356 0.69837689
v 0.58057284 3.67669332 0.7990905
v 0.78365433 3.87610495 0.56935745
v 0.79909074 3.67669332 0.58057266
v 0.79422653 3.50484908 0.57703876
v 0.69412589 3.50484908 0.69412571
v 0.57703882 3.50484908 0.79422641
v 0.78365433 3.87610495 0.56935745
v 0.86300683 3.87610519 0.43972388
v 0.88000637 3.67669356 0.4483856
v 0.79909074 3.67669332 0.58057266
v 0.92124015 3.87610495 0.29932955
v 0.93938661 3.67669332 0.30522573
v 0.93366855 3.50484908 0.30336776
v 0.87464958 3.50484908 0.44565621
v 0.79422653 3.50484908 0.57703876
v 0.92124015 3.87610495 0.29932955
v 0.95665014 3.87610519 0.15151885
v 0.97549415 3.67669356 0.15450346
v 0.93938661 3.67669332 0.30522573
v 0.96864927 3.87610495 -4E-08
v 0.98772979 3.67669332 -3E-08
v 0.98171747 3.50484908 -4E-08
v 0.96955621 3.50484908 0.15356299
v 0.93366855 3.50484908 0.30336776
v 0.96864927 3.87610495 -4E-08
v 0.95665014 3.87610519 -0.15151899
v 0.97549421 3.67669356 -0.1545036
v 0.98772979 3.67669332 -3E-08
v 0.92124015 3.87610495 -0.29932979
v 0.93938661 3.67669332 -0.305226
v 0.93366855 3.50484908 -0.30336806
v 0.96955621 3.50484908 -0.15356313
v 0.98171747 3.50484908 -4E-08
v 0.93366855 3.50484908 -0.30336806
v 0.87464958 3.50484908 -0.44565654
v 0.85857958 3.32854116 -0.43746841
v 0.91651404 3.32854116 -0.29779422
v 0.79422671 3.50484908 -0.57703912
v 0.77963424 3.32854116 -0.56643701
v 0.73967463 3.15184796 -0.53740466
v 0.81457365 3.15184772 -0.41504627
v 0.86953878 3.15184796 -0.28253099
v 0.79422671 3.50484908 -0.57703912
v 0.69412649 3.50484908 -0.69412607
v 0.68137324 3.32854116 -0.68137288
v 0.77963424 3.32854116 -0.56643701
v 0.57703978 3.50484908 -0.79422677
v 0.56643766 3.32854116 -0.7796343
v 0.53740531 3.15184796 -0.73967463
v 0.64644992 3.15184772 -0.64644951
v 0.73967463 3.15184796 -0.53740466
v 0.57703978 3.50484908 -0.79422677
v 0.4456569 3.50484908 -0.87464988
v 0.43746877 3.32854116 -0.85857981
v 0.56643766 3.32854116 -0.7796343
v 0.303368 3.50484908 -0.93366873
v 0.29779416 3.32854116 -0.9165144
v 0.28253093 3.15184796 -0.86953908
v 0.4150466 3.15184772 -0.81457388
v 0.53740531 3.15184796 -0.73967463
v 0.303368 3.50484908 -0.93366873
v 0.15356302 3.50484908 -0.96955663
v 0.15074158 3.32854116 -0.95174283
v 0.29779416 3.32854116 -0.9165144
v -2E-08 3.50484908 -0.98171777
v -2E-08 3.32854116 -0.96368057
v -3E-08 3.15184796 -0.91428775
v 0.14301541 3.15184772 -0.90296185
v 0.28253093 3.15184796 -0.86953908
v -2E-08 3.50484908 -0.98171777
v -0.15356308 3.50484908 -0.96955663
v -0.15074167 3.32854116 -0.95174277
v -2E-08 3.32854116 -0.96368057
v -0.303368 3.50484908 -0.93366873
v -0.29779416 3.32854116 -0.9165144
v -0.28253096 3.15184796 -0.86953908
v -0.1430155 3.15184772 -0.90296185
v -3E-08 3.15184796 -0.91428775
v -0.303368 3.50484908 -0.93366873
v -0.44565651 3.50484908 -0.87464982
v -0.43746838 3.32854116 -0.85857981
v -0.29779416 3.32854116 -0.9165144
v -0.57703912 3.50484908 -0.79422677
v -0.56643707 3.32854116 -0.7796343
v -0.53740466 3.15184796 -0.73967463
v -0.41504622 3.15184772 -0.81457388
v -0.28253096 3.15184796 -0.86953908
v -0.57703912 3.50484908 -0.79422677
v -0.69412619 3.50484908 -0.69412601
v -0.68137288 3.32854116 -0.68137282
v -0.56643707 3.32854116 -0.7796343
v -0.79422683 3.50484908 -0.57703906
v -0.77963436 3.32854116 -0.56643689
v -0.73967469 3.15184796 -0.53740454
v -0.64644951 3.15184772 -0.64644951
v -0.53740466 3.15184796 -0.73967463
v -0.79422683 3.50484908 -0.57703906
v -0.87464994 3.50484908 -0.44565627
v -0.85857981 3.32854116 -0.43746817
v -0.77963436 3.32854116 -0.56643689
v -0.93366873 3.50484908 -0.30336773
v -0.91651428 3.32854116 -0.29779387
v -0.86953896 3.15184796 -0.28253067
v -0.81457388 3.15184772 -0.41504604
v -0.73967469 3.15184796 -0.53740454
v -0.93366873 3.50484908 -0.30336773
v -0.96955645 3.50484908 -0.1535629
v -0.95174271 3.32854116 -0.15074149
v -0.91651428 3.32854116 -0.29779387
v -0.98171759 3.50484908 2E-08
v -0.96368039 3.32854116 1E-08
v -0.91428757 3.15184796 0
v -0.90296173 3.15184772 -0.14301533
v -0.86953896 3.15184796 -0.28253067
v -0.98171759 3.50484908 2E-08
v -0.96955645 3.50484908 0.15356299
v -0.95174271 3.32854116 0.15074155
v -0.96368039 3.32854116 1E-08
v -0.93366873 3.50484908 0.30336776
v -0.91651428 3.32854116 0.29779395
v -0.86953896 3.15184796 0.2825307
v -0.90296173 3.15184772 0.14301538
v -0.91428757 3.15184796 0
v -0.93366873 3.50484908 0.30336776
v -0.87464994 3.50484908 0.44565618
v -0.85857981 3.32854116 0.43746808
v -0.91651428 3.32854116 0.29779395
v -0.79422683 3.50484908 0.57703871
v -0.77963436 3.32854116 0.56643665
v -0.73967469 3.15184796 0.53740436
v -0.81457388 3.15184772 0.41504595
v -0.86953896 3.15184796 0.2825307
v -0.79422683 3.50484908 0.57703871
v -0.69412613 3.50484908 0.69412571
v -0.68137288 3.32854116 0.68137252
v -0.77963436 3.32854116 0.56643665
v -0.57703906 3.50484908 0.79422641
v -0.56643695 3.32854116 0.77963394
v -0.53740466 3.15184796 0.73967427
v -0.64644951 3.15184772 0.64644921
v -0.73967469 3.15184796 0.53740436
v -0.57703906 3.50484908 0.79422641
v -0.44565645 3.50484908 0.87464947
v -0.43746835 3.32854116 0.8585794
v -0.56643695 3.32854116 0.77963394
v -0.303368 3.50484908 0.93366843
v -0.29779416 3.32854116 0.91651392
v -0.28253093 3.15184796 0.86953866
v -0.41504619 3.15184772 0.81457359
v -0.53740466 3.15184796 0.73967427
v -0.303368 3.50484908 0.93366843
v -0.15356311 3.50484908 0.96955621
v -0.15074167 3.32854116 0.95174241
v -0.29779416 3.32854116 0.91651392
v -4E-08 3.50484908 0.98171747
v -4E-08 3.32854116 0.96368015
v -5E-08 3.15184796 0.91428739
v -0.14301552 3.15184772 0.90296155
v -0.28253093 3.15184796 0.86953866
v -4E-08 3.50484908 0.98171747
v 0.15356301 3.50484908 0.96955621
v 0.15074156 3.32854116 0.95174247
v -4E-08 3.32854116 0.96368015
v 0.30336782 3.50484908 0.93366838
v 0.29779401 3.32854116 0.91651392
v 0.28253075 3.15184796 0.86953872
v 0.1430154 3.15184772 0.90296155
v -5E-08 3.15184796 0.91428739
v 0.30336782 3.50484908 0.93366838
v 0.4456563 3.50484908 0.87464947
v 0.43746817 3.32854116 0.85857952
v 0.29779401 3.32854116 0.91651392
v 0.57703882 3.50484908 0.79422641
v 0.56643677 3.32854116 0.77963394
v 0.53740442 3.15184796 0.73967433
v 0.41504601 3.15184772 0.81457359
v 0.28253075 3.15184796 0.86953872
v 0.57703882 3.50484908 0.79422641
v 0.69412589 3.50484908 0.69412571
v 0.68137264 3.32854116 0.68137252
v 0.56643677 3.32854116 0.77963394
v 0.79422653 3.50484908 0.57703876
v 0.77963412 3.32854116 0.56643671
v 0.73967451 3.15184796 0.53740436
v 0.64644933 3.15184772 0.64644921
v 0.53740442 3.15184796 0.73967433
v 0.79422653 3.50484908 0.57703876
v 0.87464958 3.50484908 0.44565621
v 0.85857958 3.32854116 0.43746808
v 0.77963412 3.32854116 0.56643671
v 0.93366855 3.50484908 0.30336776
v 0.91651404 3.32854116 0.29779395
v 0.86953884 3.15184796 0.2825307
v 0.81457365 3.15184772 0.41504598
v 0.73967451 3.15184796 0.53740436
v 0.93366855 3.50484908 0.30336776
v 0.96955621 3.50484908 0.15356299
v 0.95174247 3.32854116 0.15074155
v 0.91651404 3.32854116 0.29779395
v 0.98171747 3.50484908 -4E-08
v 0.96368009 3.32854116 -4E-08
v 0.91428745 3.15184796 -5E-08
v 0.90296155 3.15184772 0.14301538
v 0.86953884 3.15184796 0.2825307
v 0.98171747 3.50484908 -4E-08
v 0.96955621 3.50484908 -0.15356313
v 0.95174247 3.32854116 -0.1507417
v 0.96368009 3.32854116 -4E-08
v 0.93366855 3.50484908 -0.30336806
v 0.91651404 3.32854116 -0.29779422
v 0.86953878 3.15184796 -0.28253099
v 0.90296155 3.15184772 -0.14301553
v 0.91428745 3.15184796 -5E-08
v 0.86953878 3.15184796 -0.28253099
v 0.81457365 3.15184772 -0.41504627
v 0.72540939 2.97884762 -0.36961478
v 0.77435786 2.97884762 -0.25160477
v 0.73967463 3.15184796 -0.53740466
v 0.65870881 2.97884762 -0.47857973
v 0.5554564 2.81996953 -0.40356249
v 0.61170161 2.8199693 -0.31167781
v 0.65297759 2.8199693 -0.21216582
v 0.73967463 3.15184796 -0.53740466
v 0.64644992 3.15184772 -0.64644951
v 0.5756886 2.97884762 -0.57568836
v 0.65870881 2.97884762 -0.47857973
v 0.53740531 3.15184796 -0.73967463
v 0.47858021 2.97884762 -0.65870887
v 0.4035629 2.81996953 -0.55545658
v 0.48544958 2.8199693 -0.4854494
v 0.5554564 2.81996953 -0.40356249
v 0.53740531 3.15184796 -0.73967463
v 0.4150466 3.15184772 -0.81457388
v 0.36961505 2.97884762 -0.72540963
v 0.47858021 2.97884762 -0.65870887
v 0.28253093 3.15184796 -0.86953908
v 0.25160468 2.97884762 -0.77435821
v 0.2121657 2.81996953 -0.65297782
v 0.31167796 2.8199693 -0.61170197
v 0.4035629 2.81996953 -0.55545658
v 0.28253093 3.15184796 -0.86953908
v 0.14301541 3.15184772 -0.90296185
v 0.12736073 2.97884762 -0.80412251
v 0.25160468 2.97884762 -0.77435821
v -3E-08 3.15184796 -0.91428775
v -4E-08 2.97884762 -0.81420863
v -5E-08 2.81996953 -0.68658173
v 0.10739695 2.8199693 -0.67807668
v 0.2121657 2.81996953 -0.65297782
v -3E-08 3.15184796 -0.91428775
v -0.1430155 3.15184772 -0.90296185
v -0.12736085 2.97884762 -0.80412251
v -4E-08 2.97884762 -0.81420863
v -0.28253096 3.15184796 -0.86953908
v -0.25160474 2.97884762 -0.77435821
v -0.21216574 2.81996953 -0.65297782
v -0.10739709 2.8199693 -0.67807662
v -5E-08 2.81996953 -0.68658173
v -0.28253096 3.15184796 -0.86953908
v -0.41504622 3.15184772 -0.81457388
v -0.36961472 2.97884762 -0.72540963
v -0.25160474 2.97884762 -0.77435821
v -0.53740466 3.15184796 -0.73967463
v -0.47857964 2.97884762 -0.65870887
v -0.40356246 2.81996953 -0.55545658
v -0.31167769 2.8199693 -0.61170191
v -0.21216574 2.81996953 -0.65297782
v -0.53740466 3.15184796 -0.73967463
v -0.64644951 3.15184772 -0.64644951
v -0.57568836 2.97884762 -0.5756883
v -0.47857964 2.97884762 -0.65870887
v -0.73967469 3.15184796 -0.53740454
v -0.65870893 2.97884762 -0.47857958
v -0.55545652 2.81996953 -0.4035624
v -0.48544934 2.8199693 -0.48544934
v -0.40356246 2.81996953 -0.55545658
v -0.73967469 3.15184796 -0.53740454
v -0.81457388 3.15184772 -0.41504604
v -0.72540963 2.97884762 -0.36961457
v -0.65870893 2.97884762 -0.47857958
v -0.86953896 3.15184796 -0.28253067
v -0.77435821 2.97884762 -0.2516045
v -0.65297776 2.81996953 -0.21216558
v -0.61170197 2.8199693 -0.3116776
v -0.55545652 2.81996953 -0.4035624
v -0.86953896 3.15184796 -0.28253067
v -0.90296173 3.15184772 -0.14301533
v -0.80412245 2.97884762 -0.1273607
v -0.77435821 2.97884762 -0.2516045
v -0.91428757 3.15184796 0
v -0.81420851 2.97884762 -2E-08
v -0.68658161 2.81996953 -4E-08
v -0.67807651 2.8199693 -0.10739698
v -0.65297776 2.81996953 -0.21216558
v -0.91428757 3.15184796 0
v -0.90296173 3.15184772 0.14301538
v -0.80412245 2.97884762 0.1273607
v -0.81420851 2.97884762 -2E-08
v -0.86953896 3.15184796 0.2825307
v -0.77435821 2.97884762 0.25160453
v -0.65297776 2.81996953 0.21216555
v -0.67807651 2.8199693 0.10739691
v -0.68658161 2.81996953 -4E-08
v -0.86953896 3.15184796 0.2825307
v -0.81457388 3.15184772 0.41504595
v -0.72540957 2.97884762 0.36961448
v -0.77435821 2.97884762 0.25160453
v -0.73967469 3.15184796 0.53740436
v -0.65870893 2.97884762 0.47857934
v -0.55545652 2.81996953 0.40356216
v -0.61170197 2.8199693 0.31167743
v -0.65297776 2.81996953 0.21216555
v -0.73967469 3.15184796 0.53740436
v -0.64644951 3.15184772 0.64644921
v -0.57568836 2.97884762 0.575688
v -0.65870893 2.97884762 0.47857934
v -0.53740466 3.15184796 0.73967427
v -0.47857961 2.97884762 0.65870857
v -0.4035624 2.81996953 0.55545616
v -0.48544928 2.8199693 0.48544902
v -0.55545652 2.81996953 0.40356216
v -0.53740466 3.15184796 0.73967427
v -0.41504619 3.15184772 0.81457359
v -0.36961472 2.97884762 0.72540927
v -0.47857961 2.97884762 0.65870857
v -0.28253093 3.15184796 0.86953866
v -0.25160471 2.97884762 0.7743578
v -0.21216576 2.81996953 0.65297747
v -0.31167766 2.8199693 0.61170155
v -0.4035624 2.81996953 0.55545616
v -0.28253093 3.15184796 0.86953866
v -0.14301552 3.15184772 0.90296155
v -0.12736085 2.97884762 0.80412221
v -0.25160471 2.97884762 0.7743578
v -5E-08 3.15184796 0.91428739
v -6E-08 2.97884762 0.81420827
v -7E-08 2.81996953 0.68658143
v -0.10739709 2.8199693 0.67807615
v -0.21216576 2.81996953 0.65297747
v -5E-08 3.15184796 0.91428739
v 0.1430154 3.15184772 0.90296155
v 0.12736072 2.97884762 0.80412221
v -6E-08 2.97884762 0.81420827
v 0.28253075 3.15184796 0.86953872
v 0.25160456 2.97884762 0.7743578
v 0.21216559 2.81996953 0.65297747
v 0.10739694 2.8199693 0.67807615
v -7E-08 2.81996953 0.68658143
v 0.28253075 3.15184796 0.86953872
v 0.41504601 3.15184772 0.81457359
v 0.36961451 2.97884762 0.72540927
v 0.25160456 2.97884762 0.7743578
v 0.53740442 3.15184796 0.73967433
v 0.4785794 2.97884762 0.65870857
v 0.40356219 2.81996953 0.55545616
v 0.31167752 2.8199693 0.61170155
v 0.21216559 2.81996953 0.65297747
v 0.53740442 3.15184796 0.73967433
v 0.64644933 3.15184772 0.64644921
v 0.57568812 2.97884762 0.575688
v 0.4785794 2.97884762 0.65870857
v 0.73967451 3.15184796 0.53740436
v 0.65870869 2.97884762 0.47857934
v 0.55545622 2.81996953 0.40356216
v 0.48544914 2.8199693 0.48544905
v 0.40356219 2.81996953 0.55545616
v 0.73967451 3.15184796 0.53740436
v 0.81457365 3.15184772 0.41504598
v 0.72540939 2.97884762 0.36961448
v 0.65870869 2.97884762 0.47857934
v 0.86953884 3.15184796 0.2825307
v 0.77435786 2.97884762 0.25160453
v 0.65297759 2.81996953 0.21216555
v 0.61170161 2.8199693 0.31167746
v 0.55545622 2.81996953 0.40356216
v 0.86953884 3.15184796 0.2825307
v 0.90296155 3.15184772 0.14301538
v 0.80412221 2.97884762 0.1273607
v 0.77435786 2.97884762 0.25160453
v 0.91428745 3.15184796 -5E-08
v 0.81420821 2.97884762 -6E-08
v 0.68658143 2.81996953 -8E-08
v 0.67807621 2.8199693 0.10739692
v 0.65297759 2.81996953 0.21216555
v 0.91428745 3.15184796 -5E-08
v 0.90296155 3.15184772 -0.14301553
v 0.80412215 2.97884762 -0.12736088
v 0.81420821 2.97884762 -6E-08
v 0.86953878 3.15184796 -0.28253099
v 0.77435786 2.97884762 -0.25160477
v 0.65297759 2.8199693 -0.21216582
v 0.67807621 2.8199693 -0.10739712
v 0.68658143 2.81996953 -8E-08
v 0.65297759 2.8199693 -0.21216582
v 0.61170161 2.8199693 -0.31167781
v 0.49406543 2.68564165 -0.25173914
v 0.52740353 2.68564153 -0.17136428
v 0.5554564 2.81996953 -0.40356249
v 0.44863668 2.68564153 -0.32595354
v 0.34478968 2.5853343 -0.25050434
v 0.37970296 2.58533418 -0.19346856
v 0.40532425 2.58533418 -0.13169825
v 0.5554564 2.81996953 -0.40356249
v 0.48544958 2.8199693 -0.4854494
v 0.39209288 2.68564165 -0.39209279
v 0.44863668 2.68564153 -0.32595354
v 0.4035629 2.81996953 -0.55545658
v 0.32595381 2.68564153 -0.44863686
v 0.25050455 2.5853343 -0.34478989
v 0.30133423 2.58533418 -0.3013342
v 0.34478968 2.5853343 -0.25050434
v 0.4035629 2.81996953 -0.55545658
v 0.31167796 2.8199693 -0.61170197
v 0.25173926 2.68564165 -0.4940657
v 0.32595381 2.68564153 -0.44863686
v 0.2121657 2.81996953 -0.65297782
v 0.17136416 2.68564153 -0.52740383
v 0.13169807 2.5853343 -0.40532449
v 0.19346859 2.58533418 -0.37970319
v 0.25050455 2.5853343 -0.34478989
v 0.2121657 2.81996953 -0.65297782
v 0.10739695 2.8199693 -0.67807668
v 0.08674344 2.68564165 -0.54767585
v 0.17136416 2.68564153 -0.52740383
v -5E-08 2.81996953 -0.68658173
v -6E-08 2.68564153 -0.5545454
v -8E-08 2.5853343 -0.42618349
v 0.06666471 2.58533418 -0.42090413
v 0.13169807 2.5853343 -0.40532449
v -5E-08 2.81996953 -0.68658173
v -0.10739709 2.8199693 -0.67807662
v -0.08674359 2.68564165 -0.54767585
v -6E-08 2.68564153 -0.5545454
v -0.21216574 2.81996953 -0.65297782
v -0.17136423 2.68564153 -0.52740383
v -0.13169821 2.5853343 -0.40532452
v -0.06666489 2.58533418 -0.42090413
v -8E-08 2.5853343 -0.42618349
v -0.21216574 2.81996953 -0.65297782
v -0.31167769 2.8199693 -0.61170191
v -0.25173908 2.68564165 -0.49406573
v -0.17136423 2.68564153 -0.52740383
v -0.40356246 2.81996953 -0.55545658
v -0.32595345 2.68564153 -0.44863683
v -0.25050429 2.5853343 -0.34478992
v -0.1934685 2.58533418 -0.37970319
v -0.13169821 2.5853343 -0.40532452
v -0.40356246 2.81996953 -0.55545658
v -0.48544934 2.8199693 -0.48544934
v -0.3920927 2.68564165 -0.39209276
v -0.32595345 2.68564153 -0.44863683
v -0.55545652 2.81996953 -0.4035624
v -0.4486368 2.68564153 -0.32595345
v -0.34478983 2.5853343 -0.25050429
v -0.30133414 2.58533418 -0.30133417
v -0.25050429 2.5853343 -0.34478992
v -0.55545652 2.81996953 -0.4035624
v -0.61170197 2.8199693 -0.3116776
v -0.49406567 2.68564165 -0.25173897
v -0.4486368 2.68564153 -0.32595345
v -0.65297776 2.81996953 -0.21216558
v -0.52740383 2.68564153 -0.17136408
v -0.40532449 2.5853343 -0.13169806
v -0.37970319 2.58533418 -0.19346839
v -0.34478983 2.5853343 -0.25050429
v -0.65297776 2.81996953 -0.21216558
v -0.67807651 2.8199693 -0.10739698
v -0.54767579 2.68564165 -0.08674351
v -0.52740383 2.68564153 -0.17136408
v -0.68658161 2.81996953 -4E-08
v -0.55454528 2.68564153 -7E-08
v -0.4261834 2.5853343 -9E-08
v -0.42090404 2.58533418 -0.06666481
v -0.40532449 2.5853343 -0.13169806
v -0.68658161 2.81996953 -4E-08
v -0.67807651 2.8199693 0.10739691
v -0.54767579 2.68564165 0.08674341
v -0.55454528 2.68564153 -7E-08
v -0.65297776 2.81996953 0.21216555
v -0.52740383 2.68564153 0.17136401
v -0.40532446 2.5853343 0.13169794
v -0.42090407 2.58533418 0.06666467
v -0.4261834 2.5853343 -9E-08
v -0.65297776 2.81996953 0.21216555
v -0.61170197 2.8199693 0.31167743
v -0.49406567 2.68564165 0.25173879
v -0.52740383 2.68564153 0.17136401
v -0.55545652 2.81996953 0.40356216
v -0.4486368 2.68564153 0.32595316
v -0.34478986 2.5853343 0.25050402
v -0.37970319 2.58533418 0.1934682
v -0.40532446 2.5853343 0.13169794
v -0.55545652 2.81996953 0.40356216
v -0.48544928 2.8199693 0.48544902
v -0.39209267 2.68564165 0.39209241
v -0.4486368 2.68564153 0.32595316
v -0.4035624 2.81996953 0.55545616
v -0.32595339 2.68564153 0.44863653
v -0.25050426 2.5853343 0.34478956
v -0.30133411 2.58533418 0.30133387
v -0.34478986 2.5853343 0.25050402
v -0.4035624 2.81996953 0.55545616
v -0.31167766 2.8199693 0.61170155
v -0.25173905 2.68564165 0.49406534
v -0.32595339 2.68564153 0.44863653
v -0.21216576 2.81996953 0.65297747
v -0.17136423 2.68564153 0.52740347
v -0.13169819 2.5853343 0.40532419
v -0.19346847 2.58533418 0.3797029
v -0.25050426 2.5853343 0.34478956
v -0.21216576 2.81996953 0.65297747
v -0.10739709 2.8199693 0.67807615
v -0.08674361 2.68564165 0.54767549
v -0.17136423 2.68564153 0.52740347
v -7E-08 2.81996953 0.68658143
v -8E-08 2.68564153 0.55454499
v -9E-08 2.5853343 0.42618313
v -0.06666489 2.58533418 0.42090377
v -0.13169819 2.5853343 0.40532419
v -7E-08 2.81996953 0.68658143
v 0.10739694 2.8199693 0.67807615
v 0.08674344 2.68564165 0.54767549
v -8E-08 2.68564153 0.55454499
v 0.21216559 2.81996953 0.65297747
v 0.17136405 2.68564153 0.52740353
v 0.13169801 2.5853343 0.40532416
v 0.06666471 2.58533418 0.42090377
v -9E-08 2.5853343 0.42618313
v 0.21216559 2.81996953 0.65297747
v 0.31167752 2.8199693 0.61170155
v 0.25173885 2.68564165 0.49406534
v 0.17136405 2.68564153 0.52740353
v 0.40356219 2.81996953 0.55545616
v 0.32595322 2.68564153 0.44863653
v 0.25050405 2.5853343 0.34478953
v 0.19346827 2.58533418 0.3797029
v 0.13169801 2.5853343 0.40532416
v 0.40356219 2.81996953 0.55545616
v 0.48544914 2.8199693 0.48544905
v 0.39209247 2.68564165 0.39209241
v 0.32595322 2.68564153 0.44863653
v 0.55545622 2.81996953 0.40356216
v 0.44863659 2.68564153 0.32595316
v 0.34478959 2.5853343 0.25050399
v 0.3013339 2.58533418 0.30133387
v 0.25050405 2.5853343 0.34478953
v 0.55545622 2.81996953 0.40356216
v 0.61170161 2.8199693 0.31167746
v 0.49406543 2.68564165 0.25173879
v 0.44863659 2.68564153 0.32595316
v 0.65297759 2.81996953 0.21216555
v 0.52740353 2.68564153 0.17136401
v 0.40532422 2.5853343 0.13169795
v 0.37970296 2.58533418 0.1934682
v 0.34478959 2.5853343 0.25050399
v 0.65297759 2.81996953 0.21216555
v 0.67807621 2.8199693 0.10739692
v 0.54767555 2.68564165 0.0867434
v 0.52740353 2.68564153 0.17136401
v 0.68658143 2.81996953 -8E-08
v 0.55454504 2.68564153 -1E-07
v 0.42618319 2.5853343 -1.2E-07
v 0.42090383 2.58533418 0.06666468
v 0.40532422 2.5853343 0.13169795
v 0.68658143 2.81996953 -8E-08
v 0.67807621 2.8199693 -0.10739712
v 0.54767555 2.68564165 -0.08674364
v 0.55454504 2.68564153 -1E-07
v 0.65297759 2.8199693 -0.21216582
v 0.52740353 2.68564153 -0.17136428
v 0.40532425 2.58533418 -0.13169825
v 0.42090383 2.58533418 -0.06666493
v 0.42618319 2.5853343 -1.2E-07
v 0.40532425 2.58533418 -0.13169825
v 0.37970296 2.58533418 -0.19346856
v 0.27581644 2.52851677 -0.14053571
v 0.29442775 2.52851665 -0.09566574
v 0.34478968 2.5853343 -0.25050434
v 0.25045538 2.52851665 -0.18196656
v 0.16741741 2.49624991 -0.12163601
v 0.18437007 2.49624991 -0.09394147
v 0.19681089 2.49624991 -0.06394804
v 0.34478968 2.5853343 -0.25050434
v 0.30133423 2.58533418 -0.3013342
v 0.21888934 2.52851677 -0.21888939
v 0.25045538 2.52851665 -0.18196656
v 0.25050455 2.5853343 -0.34478989
v 0.18196663 2.52851665 -0.25045565
v 0.12163599 2.49624991 -0.16741766
v 0.14631702 2.49624991 -0.14631714
v 0.16741741 2.49624991 -0.12163601
v 0.25050455 2.5853343 -0.34478989
v 0.19346859 2.58533418 -0.37970319
v 0.14053568 2.52851677 -0.27581671
v 0.18196663 2.52851665 -0.25045565
v 0.13169807 2.5853343 -0.40532449
v 0.09566553 2.52851665 -0.29442802
v 0.06394781 2.49624991 -0.19681117
v 0.09394137 2.49624991 -0.18437037
v 0.12163599 2.49624991 -0.16741766
v 0.13169807 2.5853343 -0.40532449
v 0.06666471 2.58533418 -0.42090413
v 0.04842526 2.52851677 -0.30574507
v 0.09566553 2.52851665 -0.29442802
v -8E-08 2.5853343 -0.42618349
v -9E-08 2.52851665 -0.30958
v -1E-07 2.49624991 -0.2069395
v 0.03236994 2.49624991 -0.20437604
v 0.06394781 2.49624991 -0.19681117
v -8E-08 2.5853343 -0.42618349
v -0.06666489 2.58533418 -0.42090413
v -0.04842545 2.52851677 -0.30574507
v -9E-08 2.52851665 -0.30958
v -0.13169821 2.5853343 -0.40532452
v -0.09566568 2.52851665 -0.29442799
v -0.06394798 2.49624991 -0.19681117
v -0.03237014 2.49624991 -0.20437604
v -1E-07 2.49624991 -0.2069395
v -0.13169821 2.5853343 -0.40532452
v -0.1934685 2.58533418 -0.37970319
v -0.14053565 2.52851677 -0.27581671
v -0.09566568 2.52851665 -0.29442799
v -0.25050429 2.5853343 -0.34478992
v -0.1819665 2.52851665 -0.25045562
v -0.12163594 2.49624991 -0.16741766
v -0.09394142 2.49624991 -0.18437037
v -0.06394798 2.49624991 -0.19681117
v -0.25050429 2.5853343 -0.34478992
v -0.30133414 2.58533418 -0.30133417
v -0.21888933 2.52851677 -0.21888937
v -0.1819665 2.52851665 -0.25045562
v -0.34478983 2.5853343 -0.25050429
v -0.25045556 2.52851665 -0.1819665
v -0.1674176 2.49624991 -0.12163597
v -0.14631708 2.49624991 -0.14631712
v -0.12163594 2.49624991 -0.16741766
v -0.34478983 2.5853343 -0.25050429
v -0.37970319 2.58533418 -0.19346839
v -0.27581668 2.52851677 -0.14053559
v -0.25045556 2.52851665 -0.1819665
v -0.40532449 2.5853343 -0.13169806
v -0.29442799 2.52851665 -0.0956656
v -0.19681112 2.49624991 -0.06394795
v -0.18437031 2.49624991 -0.0939414
v -0.1674176 2.49624991 -0.12163597
v -0.40532449 2.5853343 -0.13169806
v -0.42090404 2.58533418 -0.06666481
v -0.30574501 2.52851677 -0.04842541
v -0.29442799 2.52851665 -0.0956656
v -0.4261834 2.5853343 -9E-08
v -0.30957994 2.52851665 -1.1E-07
v -0.20693944 2.49624991 -1.3E-07
v -0.20437598 2.49624991 -0.03237014
v -0.19681112 2.49624991 -0.06394795
v -0.4261834 2.5853343 -9E-08
v -0.42090407 2.58533418 0.06666467
v -0.30574498 2.52851677 0.04842521
v -0.30957994 2.52851665 -1.1E-07
v -0.40532446 2.5853343 0.13169794
v -0.29442799 2.52851665 0.09566541
v -0.19681114 2.49624991 0.0639477
v -0.20437598 2.49624991 0.03236988
v -0.20693944 2.49624991 -1.3E-07
v -0.40532446 2.5853343 0.13169794
v -0.37970319 2.58533418 0.1934682
v -0.27581668 2.52851677 0.14053537
v -0.29442799 2.52851665 0.09566541
v -0.34478986 2.5853343 0.25050402
v -0.25045556 2.52851665 0.18196619
v -0.16741762 2.49624991 0.12163565
v -0.18437031 2.49624991 0.09394113
v -0.19681114 2.49624991 0.0639477
v -0.34478986 2.5853343 0.25050402
v -0.30133411 2.58533418 0.30133387
v -0.2188893 2.52851677 0.21888903
v -0.25045556 2.52851665 0.18196619
v -0.25050426 2.5853343 0.34478956
v -0.18196647 2.52851665 0.25045529
v -0.12163593 2.49624991 0.16741732
v -0.14631708 2.49624991 0.14631678
v -0.16741762 2.49624991 0.12163565
v -0.25050426 2.5853343 0.34478956
v -0.19346847 2.58533418 0.3797029
v -0.14053562 2.52851677 0.27581635
v -0.18196647 2.52851665 0.25045529
v -0.13169819 2.5853343 0.40532419
v -0.09566568 2.52851665 0.29442766
v -0.06394798 2.49624991 0.19681083
v -0.09394141 2.49624991 0.18437001
v -0.12163593 2.49624991 0.16741732
v -0.13169819 2.5853343 0.40532419
v -0.06666489 2.58533418 0.42090377
v -0.04842545 2.52851677 0.30574471
v -0.09566568 2.52851665 0.29442766
v -9E-08 2.5853343 0.42618313
v -1E-07 2.52851665 0.30957961
v -1E-07 2.49624991 0.20693916
v -0.03237015 2.49624991 0.20437568
v -0.06394798 2.49624991 0.19681083
v -9E-08 2.5853343 0.42618313
v 0.06666471 2.58533418 0.42090377
v 0.04842525 2.52851677 0.30574471
v -1E-07 2.52851665 0.30957961
v 0.13169801 2.5853343 0.40532416
v 0.09566545 2.52851665 0.29442769
v 0.06394776 2.49624991 0.19681083
v 0.03236993 2.49624991 0.2043757
v -1E-07 2.49624991 0.20693916
v 0.13169801 2.5853343 0.40532416
v 0.19346827 2.58533418 0.3797029
v 0.14053543 2.52851677 0.27581635
v 0.09566545 2.52851665 0.29442769
v 0.25050405 2.5853343 0.34478953
v 0.18196627 2.52851665 0.25045529
v 0.12163571 2.49624991 0.16741733
v 0.09394118 2.49624991 0.18437001
v 0.06394776 2.49624991 0.19681083
v 0.25050405 2.5853343 0.34478953
v 0.3013339 2.58533418 0.30133387
v 0.21888909 2.52851677 0.21888903
v 0.18196627 2.52851665 0.25045529
v 0.34478959 2.5853343 0.25050399
v 0.25045532 2.52851665 0.18196619
v 0.16741736 2.49624991 0.12163565
v 0.14631684 2.49624991 0.14631678
v 0.12163571 2.49624991 0.16741733
v 0.34478959 2.5853343 0.25050399
v 0.37970296 2.58533418 0.1934682
v 0.27581644 2.52851677 0.14053537
v 0.25045532 2.52851665 0.18196619
v 0.40532422 2.5853343 0.13169795
v 0.29442775 2.52851665 0.09566541
v 0.19681089 2.49624991 0.0639477
v 0.18437009 2.49624991 0.09394113
v 0.16741736 2.49624991 0.12163565
v 0.40532422 2.5853343 0.13169795
v 0.42090383 2.58533418 0.06666468
v 0.30574477 2.52851677 0.04842521
v 0.29442775 2.52851665 0.09566541
v 0.42618319 2.5853343 -1.2E-07
v 0.30957967 2.52851665 -1.3E-07
v 0.20693918 2.49624991 -1.5E-07
v 0.20437574 2.49624991 0.03236988
v 0.19681089 2.49624991 0.0639477
v 0.42618319 2.5853343 -1.2E-07
v 0.42090383 2.58533418 -0.06666493
v 0.30574474 2.52851677 -0.0484255
v 0.30957967 2.52851665 -1.3E-07
v 0.40532425 2.58533418 -0.13169825
v 0.29442775 2.52851665 -0.09566574
v 0.19681089 2.49624991 -0.06394804
v 0.20437574 2.49624991 -0.03237019
v 0.20693918 2.49624991 -1.5E-07
v 0.19681089 2.49624991 -0.06394804
v 0.18437007 2.49624991 -0.09394147
v 0.10732816 2.46959496 -0.05468666
v 0.11457045 2.46959484 -0.03722644
v 0.16741741 2.49624991 -0.12163601
v 0.09745939 2.46959484 -0.0708086
v 0.04992841 2.45170796 -0.03316015
v 0.05507869 2.45170796 -0.02561016
v 0.07270901 2.45634556 -0.02331376
v 0.16741741 2.49624991 -0.12163601
v 0.14631702 2.49624991 -0.14631714
v 0.08517614 2.46959496 -0.0851763
v 0.09745939 2.46959484 -0.0708086
v 0.12163599 2.49624991 -0.16741766
v 0.07080849 2.46959484 -0.09745966
v 0.03625155 2.45170796 -0.04564094
v 0.04360726 2.45170796 -0.03988859
v 0.04992841 2.45170796 -0.03316015
v 0.12163599 2.49624991 -0.16741766
v 0.09394137 2.49624991 -0.18437037
v 0.05468649 2.46959496 -0.10732846
v 0.07080849 2.46959484 -0.09745966
v 0.06394781 2.49624991 -0.19681117
v 0.03722618 2.46959484 -0.11457074
v 0.0190585 2.45170796 -0.05365428
v 0.02799762 2.45170796 -0.05026261
v 0.03625155 2.45170796 -0.04564094
v 0.06394781 2.49624991 -0.19681117
v 0.03236994 2.49624991 -0.20437604
v 0.01884361 2.46959496 -0.11897451
v 0.03722618 2.46959484 -0.11457074
v -1E-07 2.49624991 -0.2069395
v -1.1E-07 2.46959484 -0.12046675
v -1.1E-07 2.45170796 -0.05641538
v 0.00964723 2.45170796 -0.05571657
v 0.0190585 2.45170796 -0.05365428
v -1E-07 2.49624991 -0.2069395
v -0.03237014 2.49624991 -0.20437604
v -0.01884383 2.46959496 -0.11897451
v -1.1E-07 2.46959484 -0.12046675
v -0.06394798 2.49624991 -0.19681117
v -0.03722638 2.46959484 -0.11457074
v -0.01905872 2.45170796 -0.05365428
v -0.00964746 2.45170796 -0.05571657
v -1.1E-07 2.45170796 -0.05641538
v -0.06394798 2.49624991 -0.19681117
v -0.09394142 2.49624991 -0.18437037
v -0.0546866 2.46959496 -0.10732846
v -0.03722638 2.46959484 -0.11457074
v -0.12163594 2.49624991 -0.16741766
v -0.07080854 2.46959484 -0.09745965
v -0.03625166 2.45170796 -0.04564094
v -0.02799777 2.45170796 -0.05026261
v -0.01905872 2.45170796 -0.05365428
v -0.12163594 2.49624991 -0.16741766
v -0.14631708 2.49624991 -0.14631712
v -0.08517624 2.46959496 -0.0851763
v -0.07080854 2.46959484 -0.09745965
v -0.1674176 2.49624991 -0.12163597
v -0.0974596 2.46959484 -0.07080857
v -0.04992863 2.45170796 -0.03316014
v -0.04360741 2.45170796 -0.03988859
v -0.03625166 2.45170796 -0.04564094
v -0.1674176 2.49624991 -0.12163597
v -0.18437031 2.49624991 -0.0939414
v -0.1073284 2.46959496 -0.05468662
v -0.0974596 2.46959484 -0.07080857
v -0.19681112 2.49624991 -0.06394795
v -0.11457068 2.46959484 -0.03722639
v -0.07270926 2.45634556 -0.02331375
v -0.05507892 2.45170796 -0.02561015
v -0.04992863 2.45170796 -0.03316014
v -0.19681112 2.49624991 -0.06394795
v -0.20437598 2.49624991 -0.03237014
v -0.11897445 2.46959496 -0.01884385
v -0.11457068 2.46959484 -0.03722639
v -0.20693944 2.49624991 -1.3E-07
v -0.12046668 2.46959484 -1.5E-07
v -0.0607232 2.45170796 -1.7E-07
v -0.0600244 2.45170796 -0.01038971
v -0.07270926 2.45634556 -0.02331375
v -0.20693944 2.49624991 -1.3E-07
v -0.20437598 2.49624991 0.03236988
v -0.11897445 2.46959496 0.01884355
v -0.12046668 2.46959484 -1.5E-07
v -0.19681114 2.49624991 0.0639477
v -0.11457068 2.46959484 0.03722609
v -0.07270925 2.45634556 0.02331341
v -0.06002439 2.45170796 0.01038937
v -0.0607232 2.45170796 -1.7E-07
v -0.19681114 2.49624991 0.0639477
v -0.18437031 2.49624991 0.09394113
v -0.1073284 2.46959496 0.05468631
v -0.11457068 2.46959484 0.03722609
v -0.16741762 2.49624991 0.12163565
v -0.09745959 2.46959484 0.07080825
v -0.04992863 2.45170796 0.03315979
v -0.05507892 2.45170796 0.0256098
v -0.07270925 2.45634556 0.02331341
v -0.16741762 2.49624991 0.12163565
v -0.14631708 2.49624991 0.14631678
v -0.08517624 2.46959496 0.08517595
v -0.09745959 2.46959484 0.07080825
v -0.12163593 2.49624991 0.16741732
v -0.07080852 2.46959484 0.0974593
v -0.03625165 2.45170796 0.04564058
v -0.04360741 2.45170796 0.03988824
v -0.04992863 2.45170796 0.03315979
v -0.12163593 2.49624991 0.16741732
v -0.09394141 2.49624991 0.18437001
v -0.05468659 2.46959496 0.1073281
v -0.07080852 2.46959484 0.0974593
v -0.06394798 2.49624991 0.19681083
v -0.03722638 2.46959484 0.11457039
v -0.01905872 2.45170796 0.05365391
v -0.02799777 2.45170796 0.05026225
v -0.03625165 2.45170796 0.04564058
v -0.06394798 2.49624991 0.19681083
v -0.03237015 2.49624991 0.20437568
v -0.01884383 2.46959496 0.11897415
v -0.03722638 2.46959484 0.11457039
v -1E-07 2.49624991 0.20693916
v -1.1E-07 2.46959484 0.1204664
v -1.1E-07 2.45170796 0.05641502
v -0.00964746 2.45170796 0.05571622
v -0.01905872 2.45170796 0.05365391
v -1E-07 2.49624991 0.20693916
v 0.03236993 2.49624991 0.2043757
v 0.0188436 2.46959496 0.11897415
v -1.1E-07 2.46959484 0.1204664
v 0.06394776 2.49624991 0.19681083
v 0.03722615 2.46959484 0.11457038
v 0.01905848 2.45170796 0.05365392
v 0.00964723 2.45170796 0.05571622
v -1.1E-07 2.45170796 0.05641502
v 0.06394776 2.49624991 0.19681083
v 0.09394118 2.49624991 0.18437001
v 0.05468637 2.46959496 0.1073281
v 0.03722615 2.46959484 0.11457038
v 0.12163571 2.49624991 0.16741733
v 0.07080831 2.46959484 0.09745929
v 0.03625143 2.45170796 0.04564058
v 0.02799754 2.45170796 0.05026225
v 0.01905848 2.45170796 0.05365392
v 0.12163571 2.49624991 0.16741733
v 0.14631684 2.49624991 0.14631678
v 0.08517601 2.46959496 0.08517595
v 0.07080831 2.46959484 0.09745929
v 0.16741736 2.49624991 0.12163565
v 0.09745936 2.46959484 0.07080824
v 0.04992839 2.45170796 0.03315979
v 0.04360718 2.45170796 0.03988824
v 0.03625143 2.45170796 0.04564058
v 0.16741736 2.49624991 0.12163565
v 0.18437009 2.49624991 0.09394113
v 0.10732816 2.46959496 0.0546863
v 0.09745936 2.46959484 0.07080824
v 0.19681089 2.49624991 0.0639477
v 0.11457045 2.46959484 0.03722609
v 0.07270902 2.45634556 0.02331341
v 0.05507869 2.45170796 0.0256098
v 0.04992839 2.45170796 0.03315979
v 0.19681089 2.49624991 0.0639477
v 0.20437574 2.49624991 0.03236988
v 0.11897421 2.46959496 0.01884355
v 0.11457045 2.46959484 0.03722609
v 0.20693918 2.49624991 -1.5E-07
v 0.12046644 2.46959484 -1.6E-07
v 0.06072296 2.45170796 -1.7E-07
v 0.06002416 2.45170796 0.01038937
v 0.07270902 2.45634556 0.02331341
v 0.20693918 2.49624991 -1.5E-07
v 0.20437574 2.49624991 -0.03237019
v 0.11897421 2.46959496 -0.01884388
v 0.12046644 2.46959484 -1.6E-07
v 0.19681089 2.49624991 -0.06394804
v 0.11457045 2.46959484 -0.03722644
v 0.07270901 2.45634556 -0.02331376
v 0.06002415 2.45170796 -0.01038972
v 0.06072296 2.45170796 -1.7E-07
v -0.03417183 2.44574559 -0.01236647
v -0.02975113 2.44574571 -0.01487568
v -0.04360741 2.45170796 -0.03988859
v -0.03423699 2.44574559 -1.7E-07
v -0.02975112 2.44574559 -1.7E-07
v -0.0247327 2.44574559 -1.8E-07
v -0.0247327 2.44574559 -0.01702089
v 0.02473252 2.44574559 -1.8E-07
v 0.02473255 2.44574559 -0.01702089
v 0.01910132 2.44574571 -0.01874447
v 0.0191013 2.44574559 -1.8E-07
v 0.02799762 2.45170796 -0.05026261
v 0.0130026 2.44574559 -0.02000934
v 0.0130026 2.44574559 -1.8E-07
v -0.0247327 2.44574559 0.01702053
v -0.02975113 2.44574571 0.01487533
v -0.04360741 2.45170796 0.03988824
v -0.03417183 2.44574559 0.01236612
v 0.02473249 2.44574559 0.01702053
v 0.01910128 2.44574571 0.01874411
v 0.02799754 2.45170796 0.05026225
v 0.01300259 2.44574559 0.02000898
v 0.00658177 2.44574571 -0.02077843
v 0.00658178 2.44574559 -1.8E-07
v 0.00964723 2.45170796 -0.05571657
v -1.2E-07 2.44574559 -0.02103903
v -1.2E-07 2.44574559 -1.8E-07
v 0.00658177 2.44574571 0.02077807
v 0.00964723 2.45170796 0.05571622
v -1.2E-07 2.44574559 0.02103867
v 0.03417161 2.44574559 0.01236612
v 0.02975091 2.44574571 0.01487533
v 0.04360718 2.45170796 0.03988824
v 0.03423676 2.44574559 -1.7E-07
v 0.02975093 2.44574559 -1.7E-07
v 0.04360726 2.45170796 -0.03988859
v 0.02975095 2.44574571 -0.01487568
v 0.03417161 2.44574559 -0.01236647
v 0.03827025 2.44574559 -1.7E-07
v 0.03800965 2.44574571 0.00955051
v 0.06002416 2.45170796 0.01038937
v 0.05507869 2.45170796 0.0256098
v 0.03800965 2.44574571 -0.00955086
v 0.05507869 2.45170796 -0.02561016
v 0.06002415 2.45170796 -0.01038972
v -0.00658201 2.44574571 0.02077807
v -0.00964746 2.45170796 0.05571622
v -0.00658201 2.44574559 -1.8E-07
v -0.01300282 2.44574559 -1.8E-07
v -0.01300282 2.44574559 0.02000898
v -0.01300282 2.44574559 -0.02000934
v -0.00658201 2.44574571 -0.02077843
v -0.00964746 2.45170796 -0.05571657
v -0.01910149 2.44574571 0.01874411
v -0.02799777 2.45170796 0.05026225
v -0.01910149 2.44574559 -1.8E-07
v -0.01910149 2.44574571 -0.01874447
v -0.02799777 2.45170796 -0.05026261
v -0.03827049 2.44574559 -1.7E-07
v -0.03800989 2.44574571 -0.00955086
v -0.0600244 2.45170796 -0.01038971
v -0.05507892 2.45170796 -0.02561015
v -0.03800989 2.44574571 0.00955051
v -0.05507892 2.45170796 0.0256098
v -0.06002439 2.45170796 0.01038937
v 0.5786624 4.65977585 0.57866222
v 0.48105201 4.65977609 0.66211176
v 0.66211188 4.65977609 0.48105195
v 0.62697327 4.83893049 0.45552224
v 0.54795241 4.83893001 0.54795235
v 0.4555223 4.83893049 0.62697321
v 0.37152413 4.65977585 0.72915697
v 0.25290444 4.65977609 0.77835858
v 0.48105201 4.65977609 0.66211176
v 0.4555223 4.83893049 0.62697321
v 0.35180712 4.83893001 0.69046032
v 0.23948267 4.83893049 0.73705071
v 0.12801872 4.65977585 0.80827671
v -6E-08 4.65977609 0.81841493
v 0.25290444 4.65977609 0.77835858
v 0.23948267 4.83893049 0.73705071
v 0.12122469 4.83893001 0.7653811
v -6E-08 4.83893049 0.77498132
v -0.12801886 4.65977585 0.80827665
v -0.25290462 4.65977609 0.77835858
v -6E-08 4.65977609 0.81841493
v -6E-08 4.83893049 0.77498132
v -0.12122484 4.83893001 0.7653811
v -0.23948285 4.83893049 0.73705071
v -0.3715243 4.65977585 0.72915703
v -0.48105216 4.65977609 0.66211176
v -0.25290462 4.65977609 0.77835858
v -0.23948285 4.83893049 0.73705071
v -0.3518073 4.83893001 0.69046032
v -0.45552245 4.83893049 0.62697315
v -0.57866257 4.65977585 0.57866222
v -0.66211212 4.65977609 0.48105195
v -0.48105216 4.65977609 0.66211176
v -0.45552245 4.83893049 0.62697315
v -0.54795265 4.83893001 0.54795235
v -0.62697351 4.83893049 0.45552224
v -0.72915745 4.65977585 0.37152404
v -0.77835888 4.65977609 0.25290442
v -0.66211212 4.65977609 0.48105195
v -0.62697351 4.83893049 0.45552224
v -0.69046062 4.83893001 0.35180706
v -0.73705095 4.83893049 0.23948263
v -0.80827695 4.65977585 0.12801869
v -0.81841511 4.65977609 -2E-08
v -0.77835888 4.65977609 0.25290442
v -0.73705095 4.83893049 0.23948263
v -0.76538128 4.83893001 0.12122467
v -0.77498144 4.83893049 -3E-08
v -0.80827695 4.65977585 -0.12801872
v -0.77835888 4.65977609 -0.25290442
v -0.81841511 4.65977609 -2E-08
v -0.77498144 4.83893049 -3E-08
v -0.76538128 4.83893001 -0.1212247
v -0.73705095 4.83893049 -0.23948266
v -0.72915745 4.65977585 -0.37152418
v -0.66211212 4.65977609 -0.48105216
v -0.77835888 4.65977609 -0.25290442
v -0.73705095 4.83893049 -0.23948266
v -0.69046062 4.83893001 -0.35180721
v -0.62697345 4.83893049 -0.45552248
v -0.57866263 4.65977585 -0.57866257
v -0.48105222 4.65977609 -0.66211212
v -0.66211212 4.65977609 -0.48105216
v -0.62697345 4.83893049 -0.45552248
v -0.54795265 4.83893001 -0.54795265
v -0.45552257 4.83893049 -0.62697351
v -0.37152433 4.65977585 -0.72915745
v -0.25290465 4.65977609 -0.77835894
v -0.48105222 4.65977609 -0.66211212
v -0.45552257 4.83893049 -0.62697351
v -0.35180739 4.83893001 -0.69046062
v -0.23948285 4.83893049 -0.73705101
v -0.12801884 4.65977585 -0.80827701
v -4E-08 4.65977609 -0.81841528
v -0.25290465 4.65977609 -0.77835894
v -0.23948285 4.83893049 -0.73705101
v -0.12122482 4.83893001 -0.76538134
v -4E-08 4.83893049 -0.77498156
v 0.12801874 4.65977585 -0.80827707
v 0.25290456 4.65977609 -0.77835894
v -4E-08 4.65977609 -0.81841528
v -4E-08 4.83893049 -0.77498156
v 0.12122471 4.83893001 -0.76538134
v 0.23948281 4.83893049 -0.73705101
v 0.37152463 4.65977585 -0.72915745
v 0.48105279 4.65977609 -0.66211212
v 0.25290456 4.65977609 -0.77835894
v 0.23948281 4.83893049 -0.73705101
v 0.35180759 4.83893001 -0.69046062
v 0.45552301 4.83893049 -0.62697345
v 0.57866287 4.65977585 -0.57866257
v 0.662112 4.65977609 -0.48105222
v 0.48105279 4.65977609 -0.66211212
v 0.45552301 4.83893049 -0.62697345
v 0.54795289 4.83893001 -0.54795265
v 0.62697339 4.83893049 -0.45552257
v 0.72915715 4.65977585 -0.37152439
v 0.7783587 4.65977609 -0.25290468
v 0.662112 4.65977609 -0.48105222
v 0.62697339 4.83893049 -0.45552257
v 0.69046038 4.83893001 -0.35180739
v 0.73705077 4.83893049 -0.23948289
v 0.80827671 4.65977585 -0.1280189
v 0.81841481 4.65977609 -7E-08
v 0.7783587 4.65977609 -0.25290468
v 0.73705077 4.83893049 -0.23948289
v 0.76538104 4.83893001 -0.12122486
v 0.7749812 4.83893049 -7E-08
v 0.80827671 4.65977585 0.12801869
v 0.7783587 4.65977609 0.25290442
v 0.81841481 4.65977609 -7E-08
v 0.7749812 4.83893049 -7E-08
v 0.76538104 4.83893001 0.12122467
v 0.73705077 4.83893049 0.23948263
v 0.72915721 4.65977585 0.37152404
v 0.66211188 4.65977609 0.48105195
v 0.7783587 4.65977609 0.25290442
v 0.73705077 4.83893049 0.23948263
v 0.69046044 4.83893001 0.35180706
v 0.62697327 4.83893049 0.45552224
v 0.5037517 4.90826976 0.50375152
v 0.41877744 4.90826929 0.57639813
v 0.57639825 4.90826929 0.41877735
v 0.58607996 4.84772646 0.4258115
v 0.51221317 4.84772623 0.51221299
v 0.42581168 4.84772646 0.58607984
v 0.32342851 4.90826976 0.63476408
v 0.22016473 4.90826929 0.67759621
v 0.41877744 4.90826929 0.57639813
v 0.42581168 4.84772646 0.58607984
v 0.32886106 4.84772623 0.64542615
v 0.2238628 4.84772646 0.68897766
v 0.11144605 4.90826976 0.7036413
v -6E-08 4.90826929 0.71246701
v 0.22016473 4.90826929 0.67759621
v 0.2238628 4.84772646 0.68897766
v 0.113318 4.84772623 0.7154603
v -7E-08 4.84772646 0.72443432
v -0.1114462 4.90826976 0.7036413
v -0.22016488 4.90826929 0.67759621
v -6E-08 4.90826929 0.71246701
v -7E-08 4.84772646 0.72443432
v -0.11331815 4.84772623 0.7154603
v -0.22386298 4.84772646 0.68897766
v -0.32342866 4.90826976 0.63476408
v -0.41877761 4.90826929 0.57639813
v -0.22016488 4.90826929 0.67759621
v -0.22386298 4.84772646 0.68897766
v -0.32886124 4.84772623 0.64542615
v -0.42581183 4.84772646 0.58607978
v -0.50375187 4.90826976 0.50375158
v -0.57639855 4.90826929 0.41877735
v -0.41877761 4.90826929 0.57639813
v -0.42581183 4.84772646 0.58607978
v -0.51221335 4.84772623 0.51221305
v -0.58608019 4.84772646 0.42581153
v -0.63476443 4.90826976 0.32342842
v -0.67759651 4.90826929 0.22016466
v -0.57639855 4.90826929 0.41877735
v -0.58608019 4.84772646 0.42581153
v -0.64542651 4.84772623 0.32886103
v -0.68897802 4.84772646 0.22386274
v -0.70364153 4.90826976 0.11144602
v -0.71246737 4.90826929 -4E-08
v -0.67759651 4.90826929 0.22016466
v -0.68897802 4.84772646 0.22386274
v -0.71546054 4.84772623 0.11331798
v -0.72443461 4.84772646 -3E-08
v -0.70364153 4.90826976 -0.11144608
v -0.67759645 4.90826929 -0.22016473
v -0.71246737 4.90826929 -4E-08
v -0.72443461 4.84772646 -3E-08
v -0.71546054 4.84772623 -0.11331803
v -0.68897802 4.84772646 -0.22386281
v -0.63476443 4.90826976 -0.32342857
v -0.57639849 4.90826929 -0.41877764
v -0.67759645 4.90826929 -0.22016473
v -0.68897802 4.84772646 -0.22386281
v -0.64542651 4.84772623 -0.32886115
v -0.58608019 4.84772646 -0.42581183
v -0.50375193 4.90826976 -0.50375193
v -0.41877767 4.90826929 -0.57639855
v -0.57639849 4.90826929 -0.41877764
v -0.58608019 4.84772646 -0.42581183
v -0.51221341 4.84772623 -0.51221341
v -0.42581192 4.84772646 -0.58608019
v -0.32342872 4.90826976 -0.63476443
v -0.2201649 4.90826929 -0.67759657
v -0.41877767 4.90826929 -0.57639855
v -0.42581192 4.84772646 -0.58608019
v -0.3288613 4.84772623 -0.64542651
v -0.22386299 4.84772646 -0.68897808
v -0.11144619 4.90826976 -0.70364165
v -5E-08 4.90826929 -0.71246755
v -0.2201649 4.90826929 -0.67759657
v -0.22386299 4.84772646 -0.68897808
v -0.11331815 4.84772623 -0.71546066
v -5E-08 4.84772646 -0.72443467
v 0.11144607 4.90826976 -0.70364165
v 0.22016484 4.90826929 -0.67759657
v -5E-08 4.90826929 -0.71246755
v -5E-08 4.84772646 -0.72443467
v 0.11331801 4.84772623 -0.71546066
v 0.22386292 4.84772646 -0.68897808
v 0.32342893 4.90826976 -0.63476443
v 0.41877812 4.90826929 -0.57639849
v 0.22016484 4.90826929 -0.67759657
v 0.22386292 4.84772646 -0.68897808
v 0.32886153 4.84772623 -0.64542651
v 0.4258123 4.84772646 -0.58608019
v 0.50375211 4.90826976 -0.50375193
v 0.57639837 4.90826929 -0.4187777
v 0.41877812 4.90826929 -0.57639849
v 0.4258123 4.84772646 -0.58608019
v 0.51221359 4.84772623 -0.51221341
v 0.58608007 4.84772646 -0.42581192
v 0.63476419 4.90826976 -0.32342875
v 0.67759627 4.90826929 -0.22016494
v 0.57639837 4.90826929 -0.4187777
v 0.58608007 4.84772646 -0.42581192
v 0.64542627 4.84772623 -0.32886136
v 0.68897778 4.84772646 -0.22386304
v 0.7036413 4.90826976 -0.11144623
v 0.71246696 4.90826929 -7E-08
v 0.67759627 4.90826929 -0.22016494
v 0.68897778 4.84772646 -0.22386304
v 0.71546036 4.84772623 -0.11331818
v 0.7244342 4.84772646 -7E-08
v 0.7036413 4.90826976 0.11144603
v 0.67759627 4.90826929 0.22016466
v 0.71246696 4.90826929 -7E-08
v 0.7244342 4.84772646 -7E-08
v 0.71546036 4.84772623 0.11331798
v 0.68897778 4.84772646 0.22386275
v 0.63476419 4.90826976 0.32342839
v 0.57639825 4.90826929 0.41877735
v 0.67759627 4.90826929 0.22016466
v 0.68897778 4.84772646 0.22386275
v 0.64542621 4.84772623 0.328861
v 0.58607996 4.84772646 0.4258115
v -0.64441377 4.13511455 -0.64441371
v -0.5357123 4.13511455 -0.73734528
v -0.73734528 4.13511455 -0.53571224
v -0.78365457 3.87610495 -0.56935781
v -0.6848864 3.87610519 -0.68488628
v -0.56935787 3.87610495 -0.78365457
v -0.41373917 4.13511455 -0.81200862
v -0.28164119 4.13511455 -0.86680061
v -0.5357123 4.13511455 -0.73734528
v -0.56935787 3.87610495 -0.78365457
v -0.43972421 3.87610519 -0.86300701
v -0.29932976 3.87610495 -0.92124027
v -0.14256512 4.13511455 -0.90011823
v -3E-08 4.13511455 -0.91140842
v -0.28164119 4.13511455 -0.86680061
v -0.29932976 3.87610495 -0.92124027
v -0.15151896 3.87610519 -0.95665044
v -2E-08 3.87610495 -0.96864974
v 0.14256501 4.13511455 -0.90011823
v 0.28164119 4.13511455 -0.86680061
v -3E-08 4.13511455 -0.91140842
v -2E-08 3.87610495 -0.96864974
v 0.15151888 3.87610519 -0.95665044
v 0.29932973 3.87610495 -0.92124027
v 0.41373953 4.13511455 -0.81200862
v 0.53571296 4.13511455 -0.73734528
v 0.28164119 4.13511455 -0.86680061
v 0.29932973 3.87610495 -0.92124027
v 0.43972462 3.87610519 -0.86300701
v 0.56935859 3.87610495 -0.78365451
v 0.64441407 4.13511455 -0.64441377
v 0.73734522 4.13511455 -0.53571236
v 0.53571296 4.13511455 -0.73734528
v 0.56935859 3.87610495 -0.78365451
v 0.68488669 3.87610519 -0.68488634
v 0.78365439 3.87610495 -0.56935793
v 0.81200838 4.13511455 -0.4137392
v 0.86680037 4.13511455 -0.28164124
v 0.73734522 4.13511455 -0.53571236
v 0.78365439 3.87610495 -0.56935793
v 0.86300683 3.87610519 -0.43972421
v 0.92124015 3.87610495 -0.29932979
v 0.90011793 4.13511455 -0.14256515
v 0.91140807 4.13511455 -5E-08
v 0.86680037 4.13511455 -0.28164124
v 0.92124015 3.87610495 -0.29932979
v 0.95665014 3.87610519 -0.15151899
v 0.96864927 3.87610495 -4E-08
v 0.90011787 4.13511455 0.14256498
v 0.86680037 4.13511455 0.28164095
v 0.91140807 4.13511455 -5E-08
v 0.96864927 3.87610495 -4E-08
v 0.95665014 3.87610519 0.15151885
v 0.92124015 3.87610495 0.29932955
v 0.81200844 4.13511455 0.41373891
v 0.7373451 4.13511455 0.53571194
v 0.86680037 4.13511455 0.28164095
v 0.92124015 3.87610495 0.29932955
v 0.86300683 3.87610519 0.43972388
v 0.78365433 3.87610495 0.56935745
v 0.64441353 4.13511455 0.64441341
v 0.53571206 4.13511455 0.73734492
v 0.7373451 4.13511455 0.53571194
v 0.78365433 3.87610495 0.56935745
v 0.6848861 3.87610519 0.68488592
v 0.56935769 3.87610495 0.78365421
v 0.41373897 4.13511455 0.81200826
v 0.28164104 4.13511455 0.86680031
v 0.53571206 4.13511455 0.73734492
v 0.56935769 3.87610495 0.78365421
v 0.439724 3.87610519 0.86300671
v 0.29932961 3.87610495 0.92124009
v 0.142565 4.13511455 0.90011793
v -5E-08 4.13511455 0.91140819
v 0.28164104 4.13511455 0.86680031
v 0.29932961 3.87610495 0.92124009
v 0.15151887 3.87610519 0.95665014
v -4E-08 3.87610495 0.96864939
v -0.14256513 4.13511455 0.90011793
v -0.28164119 4.13511455 0.86680031
v -5E-08 4.13511455 0.91140819
v -4E-08 3.87610495 0.96864939
v -0.15151897 3.87610519 0.95665014
v -0.29932973 3.87610495 0.92124003
v -0.41373914 4.13511455 0.81200826
v -0.53571224 4.13511455 0.73734492
v -0.28164119 4.13511455 0.86680031
v -0.29932973 3.87610495 0.92124003
v -0.43972412 3.87610519 0.86300671
v -0.56935781 3.87610495 0.78365409
v -0.64441371 4.13511455 0.64441341
v -0.73734528 4.13511455 0.53571194
v -0.53571224 4.13511455 0.73734492
v -0.56935781 3.87610495 0.78365409
v -0.68488634 3.87610519 0.68488592
v -0.78365457 3.87610495 0.56935751
v -0.81200862 4.13511455 0.41373888
v -0.86680061 4.13511455 0.28164095
v -0.73734528 4.13511455 0.53571194
v -0.78365457 3.87610495 0.56935751
v -0.86300707 3.87610519 0.43972391
v -0.92124027 3.87610495 0.29932952
v -0.90011817 4.13511455 0.14256498
v -0.91140831 4.13511455 0
v -0.86680061 4.13511455 0.28164095
v -0.92124027 3.87610495 0.29932952
v -0.95665032 3.87610519 0.15151885
v -0.96864957 3.87610495 2E-08
v -0.90011811 4.13511455 -0.14256495
v -0.86680061 4.13511455 -0.28164092
v -0.91140831 4.13511455 0
v -0.96864957 3.87610495 2E-08
v -0.95665032 3.87610519 -0.15151876
v -0.92124027 3.87610495 -0.29932946
v -0.81200862 4.13511455 -0.41373897
v -0.73734528 4.13511455 -0.53571224
v -0.86680061 4.13511455 -0.28164092
v -0.92124027 3.87610495 -0.29932946
v -0.86300707 3.87610519 -0.43972397
v -0.78365457 3.87610495 -0.56935781
v 0.75016093 4.9024967 0.11881404
v 0.72239405 4.9024967 0.23472036
v 0.75957018 4.9024967 -7E-08
v 0.7534796 4.90682685 -7E-08
v 0.74414581 4.90682638 0.11786134
v 0.71660143 4.90682685 0.23283827
v 0.67673016 4.9024967 0.34481114
v 0.61450553 4.9024967 0.44646388
v 0.72239405 4.9024967 0.23472036
v 0.71660143 4.90682685 0.23283827
v 0.67130381 4.90682638 0.34204629
v 0.60957807 4.90682685 0.44288391
v 0.53705609 4.9024967 0.53705597
v 0.446464 4.9024967 0.61450535
v 0.61450553 4.9024967 0.44646388
v 0.60957807 4.90682685 0.44288391
v 0.53274971 4.90682638 0.53274959
v 0.44288403 4.90682685 0.60957795
v 0.34481123 4.9024967 0.67673004
v 0.23472042 4.9024967 0.72239399
v 0.446464 4.9024967 0.61450535
v 0.44288403 4.90682685 0.60957795
v 0.34204638 4.90682638 0.67130369
v 0.23283833 4.90682685 0.71660143
v 0.11881407 4.9024967 0.75016099
v -6E-08 4.9024967 0.75957024
v 0.23472042 4.9024967 0.72239399
v 0.23283833 4.90682685 0.71660143
v 0.11786136 4.90682638 0.74414575
v -6E-08 4.90682685 0.75347954
v -0.11881421 4.9024967 0.75016099
v -0.23472059 4.9024967 0.72239399
v -6E-08 4.9024967 0.75957024
v -6E-08 4.90682685 0.75347954
v -0.1178615 4.90682638 0.74414575
v -0.23283847 4.90682685 0.71660143
v -0.34481141 4.9024967 0.6767301
v -0.44646412 4.9024967 0.61450541
v -0.23472059 4.9024967 0.72239399
v -0.23283847 4.90682685 0.71660143
v -0.34204653 4.90682638 0.67130369
v -0.44288415 4.90682685 0.60957795
v -0.53705633 4.9024967 0.53705597
v -0.61450571 4.9024967 0.44646391
v -0.44646412 4.9024967 0.61450541
v -0.44288415 4.90682685 0.60957795
v -0.53274989 4.90682638 0.53274959
v -0.60957837 4.90682685 0.44288391
v -0.67673039 4.9024967 0.34481114
v -0.72239417 4.9024967 0.23472036
v -0.61450571 4.9024967 0.44646391
v -0.60957837 4.90682685 0.44288391
v -0.67130405 4.90682638 0.34204629
v -0.71660173 4.90682685 0.23283827
v -0.75016117 4.9024967 0.11881404
v -0.75957036 4.9024967 -3E-08
v -0.72239417 4.9024967 0.23472036
v -0.71660173 4.90682685 0.23283827
v -0.74414599 4.90682638 0.11786134
v -0.75347978 4.90682685 -3E-08
v -0.75016117 4.9024967 -0.11881408
v -0.72239417 4.9024967 -0.23472041
v -0.75957036 4.9024967 -3E-08
v -0.75347978 4.90682685 -3E-08
v -0.74414599 4.90682638 -0.11786137
v -0.71660179 4.90682685 -0.23283832
v -0.67673039 4.9024967 -0.34481132
v -0.61450571 4.9024967 -0.44646415
v -0.72239417 4.9024967 -0.23472041
v -0.71660179 4.90682685 -0.23283832
v -0.67130405 4.90682638 -0.34204647
v -0.60957831 4.90682685 -0.44288418
v -0.53705633 4.9024967 -0.53705633
v -0.44646421 4.9024967 -0.61450571
v -0.61450571 4.9024967 -0.44646415
v -0.60957831 4.90682685 -0.44288418
v -0.53274995 4.90682638 -0.53274995
v -0.44288427 4.90682685 -0.60957837
v -0.34481144 4.9024967 -0.67673039
v -0.2347206 4.9024967 -0.72239423
v -0.44646421 4.9024967 -0.61450571
v -0.44288427 4.90682685 -0.60957837
v -0.34204659 4.90682638 -0.67130405
v -0.23283848 4.90682685 -0.71660185
v -0.1188142 4.9024967 -0.75016129
v -4E-08 4.9024967 -0.75957054
v -0.2347206 4.9024967 -0.72239423
v -0.23283848 4.90682685 -0.71660185
v -0.11786149 4.90682638 -0.74414617
v -4E-08 4.90682685 -0.75347996
v 0.11881407 4.9024967 -0.75016129
v 0.23472053 4.9024967 -0.72239423
v -4E-08 4.9024967 -0.75957054
v -4E-08 4.90682685 -0.75347996
v 0.11786138 4.90682638 -0.74414617
v 0.23283844 4.90682685 -0.71660185
v 0.34481168 4.9024967 -0.67673039
v 0.44646469 4.9024967 -0.61450571
v 0.23472053 4.9024967 -0.72239423
v 0.23283844 4.90682685 -0.71660185
v 0.34204683 4.90682638 -0.67130405
v 0.44288471 4.90682685 -0.60957831
v 0.53705657 4.9024967 -0.53705633
v 0.61450559 4.9024967 -0.44646421
v 0.44646469 4.9024967 -0.61450571
v 0.44288471 4.90682685 -0.60957831
v 0.53275019 4.90682638 -0.53274995
v 0.60957825 4.90682685 -0.44288427
v 0.67673016 4.9024967 -0.34481147
v 0.72239405 4.9024967 -0.23472063
v 0.61450559 4.9024967 -0.44646421
v 0.60957825 4.90682685 -0.44288427
v 0.67130381 4.90682638 -0.34204662
v 0.71660155 4.90682685 -0.23283854
v 0.75016093 4.9024967 -0.11881424
v 0.75957018 4.9024967 -7E-08
v 0.72239405 4.9024967 -0.23472063
v 0.71660155 4.90682685 -0.23283854
v 0.74414581 4.90682638 -0.11786152
v 0.7534796 4.90682685 -7E-08
v 0.07965811 1.9649716 -0.04058808
v 0.08496629 1.96497154 -0.02776062
v 0.07240057 1.96497154 -0.05242229
v 0.08870587 2.21560538 -0.06417877
v 0.09757761 2.21560502 -0.04971853
v 0.10406149 2.21560538 -0.0340416
v 0.08824816 1.9649716 -0.01409094
v 0.0893959 1.96497154 -2.644E-05
v 0.08496629 1.96497154 -0.02776062
v 0.10406149 2.21560538 -0.0340416
v 0.1080853 2.21560502 -0.01728964
v 0.10950227 2.21560538 -3.958E-05
v 0.08830172 1.9649716 0.0139855
v 0.08503325 1.96497154 0.02762889
v 0.0893959 1.96497154 -2.644E-05
v 0.10950227 2.21560538 -3.958E-05
v 0.10816565 2.21560502 0.01713165
v 0.10416192 2.21560538 0.03384418
v 0.07965812 1.9649716 0.04058773
v 0.07233362 1.96497154 0.05255332
v 0.08503325 1.96497154 0.02762889
v 0.10416192 2.21560538 0.03384418
v 0.09757763 2.21560502 0.04971818
v 0.08860545 2.21560538 0.06437549
v 0.06321701 1.9649716 0.06321695
v 0.05255338 1.96497154 0.07233355
v 0.07233362 1.96497154 0.05255332
v 0.08860545 2.21560538 0.06437549
v 0.07743802 2.21560502 0.07743796
v 0.06437555 2.21560538 0.08860539
v 0.04058779 1.9649716 0.07965806
v 0.02762895 1.96497154 0.08503319
v 0.05255338 1.96497154 0.07233355
v 0.06437555 2.21560538 0.08860539
v 0.04971824 2.21560502 0.09757758
v 0.03384425 2.21560538 0.10416186
v 0.01398556 1.9649716 0.08830166
v -1.1E-07 1.96497154 0.08940922
v 0.02762895 1.96497154 0.08503319
v 0.03384425 2.21560538 0.10416186
v 0.0171317 2.21560502 0.10816558
v -1.1E-07 2.21560538 0.10952231
v -0.01398578 1.9649716 0.08830166
v -0.02762917 1.96497154 0.08503319
v -1.1E-07 1.96497154 0.08940922
v -1.1E-07 2.21560538 0.10952231
v -0.01713192 2.21560502 0.10816558
v -0.03384446 2.21560538 0.10416186
v -0.04058801 1.9649716 0.07965806
v -0.0525536 1.96497154 0.07233355
v -0.02762917 1.96497154 0.08503319
v -0.03384446 2.21560538 0.10416186
v -0.04971847 2.21560502 0.09757758
v -0.06437577 2.21560538 0.08860539
v -0.06321724 1.9649716 0.06321695
v -0.07233384 1.96497154 0.05255332
v -0.0525536 1.96497154 0.07233355
v -0.06437577 2.21560538 0.08860539
v -0.07743824 2.21560502 0.07743795
v -0.08860569 2.21560538 0.06437549
v -0.07965836 1.9649716 0.04058773
v -0.08503348 1.96497154 0.02762889
v -0.07233384 1.96497154 0.05255332
v -0.08860569 2.21560538 0.06437549
v -0.09757788 2.21560502 0.04971818
v -0.10416216 2.21560538 0.03384418
v -0.08830196 1.9649716 0.0139855
v -0.08940952 1.96497154 -1.6E-07
v -0.08503348 1.96497154 0.02762889
v -0.10416216 2.21560538 0.03384418
v -0.10816588 2.21560502 0.01713165
v -0.10952261 2.21560538 -1.6E-07
v -0.08830196 1.9649716 -0.01398583
v -0.08503348 1.96497154 -0.02762922
v -0.08940952 1.96497154 -1.6E-07
v -0.10952261 2.21560538 -1.6E-07
v -0.10816589 2.21560502 -0.01713197
v -0.10416216 2.21560538 -0.03384451
v -0.07965836 1.9649716 -0.04058807
v -0.07233386 1.96497154 -0.05255366
v -0.08503348 1.96497154 -0.02762922
v -0.10416216 2.21560538 -0.03384451
v -0.09757787 2.21560502 -0.04971851
v -0.08860569 2.21560538 -0.06437583
v -0.06321725 1.9649716 -0.0632173
v -0.05255362 1.96497154 -0.07233391
v -0.07233386 1.96497154 -0.05255366
v -0.08860569 2.21560538 -0.06437583
v -0.07743826 2.21560502 -0.07743831
v -0.06437579 2.21560538 -0.08860574
v -0.04058803 1.9649716 -0.07965842
v -0.02762918 1.96497154 -0.08503354
v -0.05255362 1.96497154 -0.07233391
v -0.06437579 2.21560538 -0.08860574
v -0.04971847 2.21560502 -0.09757794
v -0.03384447 2.21560538 -0.10416222
v -0.01398578 1.9649716 -0.08830202
v -1.1E-07 1.96497154 -0.08940958
v -0.02762918 1.96497154 -0.08503354
v -0.03384447 2.21560538 -0.10416222
v -0.01713193 2.21560502 -0.10816594
v -1.1E-07 2.21560538 -0.10952266
v 0.01398556 1.9649716 -0.08830202
v 0.02762897 1.96497154 -0.08503354
v -1.1E-07 1.96497154 -0.08940958
v -1.1E-07 2.21560538 -0.10952266
v 0.0171317 2.21560502 -0.10816594
v 0.03384427 2.21560538 -0.10416222
v 0.04058787 1.9649716 -0.07965842
v 0.05256688 1.96497154 -0.07230763
v 0.02762897 1.96497154 -0.08503354
v 0.03384427 2.21560538 -0.10416222
v 0.04971834 2.21560502 -0.09757794
v 0.06439577 2.21560538 -0.08856633
v 0.06327064 1.9649716 -0.06311221
v 0.07240057 1.96497154 -0.05242229
v 0.05256688 1.96497154 -0.07230763
v 0.06439577 2.21560538 -0.08856633
v 0.07751843 2.21560502 -0.07728066
v 0.08870587 2.21560538 -0.06417877
vn -0.03797 -0.9992 0.01234
vn -0.03563 -0.9992 0.01815
vn 0.8837 -0.1278 -0.45027
vn 0.94327 -0.12774 -0.30648
vn -0.0323 -0.9992 0.02347
vn 0.80239 -0.12775 -0.58297
vn 0.12291 0.98839 -0.0893
vn 0.13533 0.9884 -0.06895
vn 0.14449 0.98839 -0.04695
vn -0.02827 -0.9992 0.02827
vn 0.70131 -0.1278 -0.70131
vn -0.02347 -0.9992 0.0323
vn 0.58297 -0.12775 -0.80239
vn 0.0893 0.98839 -0.12291
vn 0.1074 0.9884 -0.1074
vn -0.01815 -0.9992 0.03563
vn 0.45027 -0.1278 -0.8837
vn -0.01234 -0.9992 0.03797
vn 0.30649 -0.12775 -0.94326
vn 0.04695 0.98839 -0.14449
vn 0.06895 0.9884 -0.13533
vn -0.00626 -0.9992 0.03949
vn 0.15515 -0.1278 -0.97959
vn 0 -0.9992 0.03992
vn -0 -0.12775 -0.99181
vn 0 0.98839 -0.15193
vn 0.02376 0.9884 -0.15001
vn 0.00626 -0.9992 0.03949
vn -0.15515 -0.1278 -0.97959
vn 0.01234 -0.9992 0.03797
vn -0.30649 -0.12775 -0.94326
vn -0.04695 0.98839 -0.14449
vn -0.02376 0.9884 -0.15001
vn 0.01815 -0.9992 0.03563
vn -0.45027 -0.1278 -0.8837
vn 0.02347 -0.9992 0.0323
vn -0.58297 -0.12775 -0.80239
vn -0.0893 0.98839 -0.12291
vn -0.06895 0.9884 -0.13533
vn 0.02827 -0.9992 0.02827
vn -0.70131 -0.1278 -0.70131
vn 0.0323 -0.9992 0.02347
vn -0.80239 -0.12775 -0.58297
vn -0.12291 0.98839 -0.0893
vn -0.1074 0.9884 -0.1074
vn 0.03563 -0.9992 0.01815
vn -0.8837 -0.1278 -0.45027
vn 0.03797 -0.9992 0.01234
vn -0.94326 -0.12775 -0.30648
vn -0.14449 0.98839 -0.04695
vn -0.13533 0.9884 -0.06895
vn 0.03949 -0.9992 0.00626
vn -0.97959 -0.1278 -0.15515
vn 0.03992 -0.9992 0
vn -0.99181 -0.12775 0
vn -0.15193 0.98839 0
vn -0.15001 0.9884 -0.02376
vn 0.03949 -0.9992 -0.00626
vn -0.97959 -0.1278 0.15515
vn 0.03797 -0.9992 -0.01234
vn -0.94326 -0.12775 0.30648
vn -0.14449 0.98839 0.04695
vn -0.15001 0.9884 0.02376
vn 0.03563 -0.9992 -0.01815
vn -0.8837 -0.1278 0.45027
vn 0.0323 -0.9992 -0.02347
vn -0.80239 -0.12775 0.58297
vn -0.12291 0.98839 0.0893
vn -0.13533 0.9884 0.06895
vn 0.02827 -0.9992 -0.02827
vn -0.70131 -0.1278 0.70131
vn 0.02347 -0.9992 -0.0323
vn -0.58297 -0.12775 0.80239
vn -0.0893 0.98839 0.12291
vn -0.1074 0.9884 0.1074
vn 0.01815 -0.9992 -0.03563
vn -0.45027 -0.1278 0.8837
vn 0.01234 -0.9992 -0.03797
vn -0.30649 -0.12775 0.94326
vn -0.04695 0.98839 0.14449
vn -0.06895 0.9884 0.13533
vn 0.00626 -0.9992 -0.03949
vn -0.15515 -0.1278 0.97959
vn 0 -0.9992 -0.03992
vn -0 -0.12775 0.99181
vn -0 0.98839 0.15193
vn -0.02376 0.9884 0.15001
vn -0.00626 -0.9992 -0.03949
vn 0.15515 -0.1278 0.97959
vn -0.01234 -0.9992 -0.03797
vn 0.30649 -0.12775 0.94326
vn 0.04695 0.98839 0.14449
vn 0.02376 0.9884 0.15001
vn -0.01815 -0.9992 -0.03563
vn 0.45027 -0.1278 0.8837
vn -0.02347 -0.9992 -0.0323
vn 0.58297 -0.12775 0.80239
vn 0.0893 0.98839 0.12291
vn 0.06895 0.9884 0.13533
vn -0.02827 -0.9992 -0.02828
vn 0.70131 -0.1278 0.70131
vn -0.0323 -0.9992 -0.02347
vn 0.80239 -0.12774 0.58297
vn 0.12291 0.98839 0.0893
vn 0.1074 0.9884 0.1074
vn -0.03563 -0.9992 -0.01815
vn 0.8837 -0.1278 0.45027
vn -0.03797 -0.9992 -0.01234
vn 0.94326 -0.12775 0.30648
vn 0.14449 0.98839 0.04695
vn 0.13533 0.9884 0.06895
vn -0.03949 -0.9992 -0.00625
vn 0.97959 -0.1278 0.15515
vn -0.03992 -0.9992 0
vn 0.99181 -0.12775 0
vn 0.15193 0.98839 0
vn 0.15001 0.9884 0.02376
vn -0.03949 -0.9992 0.00626
vn 0.97959 -0.12779 -0.15515
vn 0.15001 0.9884 -0.02376
vn -0.11485 -0.99166 0.05852
vn -0.10426 -0.99166 0.07575
vn -0.12257 -0.99166 0.03982
vn -0.16655 -0.98455 0.05411
vn -0.15606 -0.98454 0.07951
vn -0.14167 -0.98455 0.10293
vn -0.09115 -0.99166 0.09115
vn -0.07575 -0.99166 0.10426
vn -0.12385 -0.98454 0.12385
vn -0.10293 -0.98455 0.14167
vn -0.05852 -0.99166 0.11485
vn -0.03982 -0.99166 0.12257
vn -0.07951 -0.98454 0.15606
vn -0.05411 -0.98455 0.16655
vn -0.02016 -0.99166 0.12731
vn 0 -0.99166 0.12887
vn -0.0274 -0.98454 0.17299
vn 0 -0.98455 0.17512
vn 0.02016 -0.99166 0.12731
vn 0.03982 -0.99166 0.12257
vn 0.0274 -0.98454 0.17299
vn 0.05411 -0.98455 0.16655
vn 0.05852 -0.99166 0.11485
vn 0.07575 -0.99166 0.10426
vn 0.07951 -0.98454 0.15606
vn 0.10293 -0.98455 0.14167
vn 0.09115 -0.99166 0.09114
vn 0.10426 -0.99166 0.07575
vn 0.12385 -0.98454 0.12385
vn 0.14167 -0.98455 0.10293
vn 0.11485 -0.99166 0.05852
vn 0.12257 -0.99166 0.03982
vn 0.15606 -0.98454 0.07951
vn 0.16655 -0.98455 0.05411
vn 0.12731 -0.99166 0.02016
vn 0.12887 -0.99166 0
vn 0.17299 -0.98454 0.0274
vn 0.17512 -0.98455 0
vn 0.12731 -0.99166 -0.02016
vn 0.12257 -0.99166 -0.03982
vn 0.17299 -0.98454 -0.0274
vn 0.16655 -0.98455 -0.05411
vn 0.11485 -0.99166 -0.05852
vn 0.10426 -0.99166 -0.07575
vn 0.15606 -0.98454 -0.07951
vn 0.14167 -0.98455 -0.10293
vn 0.09115 -0.99166 -0.09115
vn 0.07575 -0.99166 -0.10426
vn 0.12385 -0.98454 -0.12385
vn 0.10293 -0.98455 -0.14167
vn 0.05852 -0.99166 -0.11485
vn 0.03982 -0.99166 -0.12257
vn 0.07951 -0.98454 -0.15606
vn 0.05411 -0.98455 -0.16655
vn 0.02016 -0.99166 -0.12731
vn 0 -0.99166 -0.12887
vn 0.0274 -0.98454 -0.17299
vn -0 -0.98455 -0.17512
vn -0.02016 -0.99166 -0.12731
vn -0.03982 -0.99166 -0.12257
vn -0.0274 -0.98454 -0.17299
vn -0.05411 -0.98455 -0.16655
vn -0.05852 -0.99166 -0.11485
vn -0.07575 -0.99166 -0.10426
vn -0.07951 -0.98454 -0.15606
vn -0.10293 -0.98455 -0.14167
vn -0.09115 -0.99166 -0.09115
vn -0.10426 -0.99166 -0.07575
vn -0.12385 -0.98454 -0.12385
vn -0.14167 -0.98455 -0.10293
vn -0.11485 -0.99166 -0.05852
vn -0.12257 -0.99166 -0.03982
vn -0.15606 -0.98454 -0.07951
vn -0.16655 -0.98455 -0.05411
vn -0.12731 -0.99166 -0.02016
vn -0.12887 -0.99166 0
vn -0.17299 -0.98454 -0.0274
vn -0.17512 -0.98455 -0
vn -0.12731 -0.99166 0.02016
vn -0.17299 -0.98454 0.0274
vn -0.24033 -0.96294 0.12245
vn -0.21816 -0.96295 0.15851
vn -0.25647 -0.96295 0.08333
vn -0.44349 -0.88462 0.1441
vn -0.41557 -0.88457 0.21174
vn -0.37725 -0.88462 0.27409
vn -0.19073 -0.96294 0.19073
vn -0.15851 -0.96295 0.21816
vn -0.32979 -0.88457 0.3298
vn -0.27409 -0.88462 0.37725
vn -0.12245 -0.96294 0.24033
vn -0.08333 -0.96295 0.25647
vn -0.21174 -0.88457 0.41557
vn -0.1441 -0.88462 0.44349
vn -0.04219 -0.96294 0.26641
vn 0 -0.96295 0.26967
vn -0.07296 -0.88457 0.46066
vn 0 -0.88462 0.46631
vn 0.04219 -0.96294 0.26641
vn 0.08333 -0.96295 0.25647
vn 0.07296 -0.88457 0.46066
vn 0.1441 -0.88462 0.44349
vn 0.12245 -0.96294 0.24033
vn 0.15851 -0.96295 0.21816
vn 0.21174 -0.88457 0.41557
vn 0.27409 -0.88462 0.37725
vn 0.19073 -0.96294 0.19073
vn 0.21816 -0.96295 0.15851
vn 0.3298 -0.88457 0.3298
vn 0.37725 -0.88462 0.27409
vn 0.24033 -0.96294 0.12245
vn 0.25647 -0.96295 0.08333
vn 0.41557 -0.88457 0.21174
vn 0.44349 -0.88462 0.1441
vn 0.26641 -0.96294 0.04219
vn 0.26967 -0.96295 0
vn 0.46066 -0.88457 0.07296
vn 0.46631 -0.88462 0
vn 0.26641 -0.96294 -0.04219
vn 0.25647 -0.96295 -0.08333
vn 0.46066 -0.88457 -0.07296
vn 0.44349 -0.88462 -0.1441
vn 0.24033 -0.96294 -0.12245
vn 0.21816 -0.96295 -0.15851
vn 0.41557 -0.88457 -0.21174
vn 0.37725 -0.88462 -0.27409
vn 0.19073 -0.96294 -0.19073
vn 0.15851 -0.96295 -0.21816
vn 0.3298 -0.88457 -0.3298
vn 0.27409 -0.88462 -0.37725
vn 0.12245 -0.96294 -0.24033
vn 0.08333 -0.96295 -0.25647
vn 0.21174 -0.88457 -0.41557
vn 0.1441 -0.88462 -0.44349
vn 0.04219 -0.96294 -0.26641
vn 0 -0.96295 -0.26967
vn 0.07296 -0.88457 -0.46066
vn 0 -0.88462 -0.46631
vn -0.04219 -0.96294 -0.26641
vn -0.08333 -0.96295 -0.25647
vn -0.07296 -0.88457 -0.46066
vn -0.1441 -0.88462 -0.44349
vn -0.12245 -0.96294 -0.24033
vn -0.15851 -0.96295 -0.21816
vn -0.21174 -0.88457 -0.41557
vn -0.27409 -0.88462 -0.37725
vn -0.19073 -0.96294 -0.19073
vn -0.21816 -0.96295 -0.15851
vn -0.3298 -0.88457 -0.3298
vn -0.37725 -0.88462 -0.27409
vn -0.24033 -0.96294 -0.12245
vn -0.25647 -0.96295 -0.08333
vn -0.41557 -0.88457 -0.21174
vn -0.44349 -0.88462 -0.1441
vn -0.26641 -0.96294 -0.04219
vn -0.26967 -0.96295 -0
vn -0.46066 -0.88457 -0.07296
vn -0.46631 -0.88462 -0
vn -0.26641 -0.96294 0.04219
vn -0.46066 -0.88457 0.07296
vn -0.57512 -0.76378 0.29304
vn -0.52216 -0.76382 0.37937
vn -0.61384 -0.76382 0.19945
vn -0.653 -0.72703 0.21217
vn -0.61178 -0.72702 0.31172
vn -0.55547 -0.72703 0.40358
vn -0.45642 -0.76378 0.45642
vn -0.37937 -0.76382 0.52216
vn -0.48551 -0.72702 0.48551
vn -0.40357 -0.72703 0.55547
vn -0.29304 -0.76378 0.57512
vn -0.19945 -0.76382 0.61384
vn -0.31172 -0.72702 0.61178
vn -0.21217 -0.72703 0.653
vn -0.10097 -0.76378 0.63753
vn 0 -0.76382 0.64543
vn -0.10741 -0.72702 0.67816
vn 0 -0.72703 0.6866
vn 0.10097 -0.76378 0.63753
vn 0.19945 -0.76382 0.61384
vn 0.10741 -0.72702 0.67816
vn 0.21217 -0.72703 0.653
vn 0.29304 -0.76378 0.57512
vn 0.37937 -0.76382 0.52216
vn 0.31172 -0.72702 0.61178
vn 0.40358 -0.72703 0.55547
vn 0.45642 -0.76378 0.45642
vn 0.52216 -0.76382 0.37937
vn 0.48551 -0.72702 0.48551
vn 0.55547 -0.72703 0.40358
vn 0.57512 -0.76378 0.29304
vn 0.61384 -0.76382 0.19945
vn 0.61178 -0.72702 0.31172
vn 0.653 -0.72703 0.21217
vn 0.63753 -0.76378 0.10097
vn 0.64543 -0.76382 0
vn 0.67816 -0.72702 0.10741
vn 0.6866 -0.72703 0
vn 0.63753 -0.76378 -0.10097
vn 0.61384 -0.76382 -0.19945
vn 0.67816 -0.72702 -0.10741
vn 0.653 -0.72703 -0.21217
vn 0.57512 -0.76378 -0.29304
vn 0.52216 -0.76382 -0.37937
vn 0.61178 -0.72702 -0.31172
vn 0.55547 -0.72703 -0.40358
vn 0.45642 -0.76378 -0.45642
vn 0.37937 -0.76382 -0.52216
vn 0.48551 -0.72702 -0.48551
vn 0.40358 -0.72703 -0.55547
vn 0.29304 -0.76378 -0.57512
vn 0.19945 -0.76382 -0.61384
vn 0.31172 -0.72702 -0.61178
vn 0.21217 -0.72703 -0.653
vn 0.10097 -0.76378 -0.63753
vn 0 -0.76382 -0.64543
vn 0.10741 -0.72702 -0.67816
vn -0 -0.72703 -0.6866
vn -0.10097 -0.76378 -0.63753
vn -0.19945 -0.76382 -0.61384
vn -0.10741 -0.72702 -0.67816
vn -0.21217 -0.72703 -0.653
vn -0.29304 -0.76378 -0.57512
vn -0.37937 -0.76382 -0.52216
vn -0.31172 -0.72702 -0.61178
vn -0.40358 -0.72703 -0.55547
vn -0.45642 -0.76378 -0.45642
vn -0.52216 -0.76382 -0.37937
vn -0.48551 -0.72702 -0.48551
vn -0.55547 -0.72703 -0.40358
vn -0.57512 -0.76378 -0.29304
vn -0.61384 -0.76382 -0.19945
vn -0.61178 -0.72702 -0.31172
vn -0.653 -0.72703 -0.21217
vn -0.63753 -0.76378 -0.10097
vn -0.64543 -0.76382 -0
vn -0.67816 -0.72702 -0.10741
vn -0.6866 -0.72703 -0
vn -0.63753 -0.76378 0.10097
vn -0.67816 -0.72702 0.10741
vn -0.50752 -0.82192 0.2586
vn -0.46083 -0.82191 0.33481
vn -0.54174 -0.82191 0.17602
vn -0.32535 -0.93966 0.10571
vn -0.30479 -0.93967 0.1553
vn -0.27676 -0.93966 0.20108
vn -0.40277 -0.82192 0.40277
vn -0.33481 -0.82191 0.46083
vn -0.24188 -0.93967 0.24188
vn -0.20108 -0.93966 0.27676
vn -0.2586 -0.82192 0.50752
vn -0.17602 -0.82191 0.54174
vn -0.1553 -0.93967 0.30479
vn -0.10571 -0.93966 0.32535
vn -0.08911 -0.82192 0.5626
vn 0 -0.82191 0.56962
vn -0.05351 -0.93967 0.33786
vn 0 -0.93967 0.3421
vn 0.08911 -0.82192 0.5626
vn 0.17602 -0.82191 0.54174
vn 0.05351 -0.93967 0.33786
vn 0.10571 -0.93966 0.32535
vn 0.2586 -0.82192 0.50752
vn 0.33481 -0.82191 0.46083
vn 0.1553 -0.93967 0.30479
vn 0.20108 -0.93966 0.27676
vn 0.40277 -0.82192 0.40277
vn 0.46083 -0.82191 0.33481
vn 0.24188 -0.93967 0.24188
vn 0.27676 -0.93966 0.20108
vn 0.50752 -0.82192 0.2586
vn 0.54174 -0.82191 0.17602
vn 0.30479 -0.93967 0.1553
vn 0.32535 -0.93966 0.10571
vn 0.5626 -0.82192 0.08911
vn 0.56962 -0.82191 0
vn 0.33786 -0.93967 0.05351
vn 0.3421 -0.93966 0
vn 0.5626 -0.82192 -0.08911
vn 0.54174 -0.82191 -0.17602
vn 0.33786 -0.93967 -0.05351
vn 0.32535 -0.93966 -0.10571
vn 0.50752 -0.82192 -0.2586
vn 0.46083 -0.82191 -0.33481
vn 0.30479 -0.93967 -0.1553
vn 0.27676 -0.93966 -0.20108
vn 0.40277 -0.82192 -0.40277
vn 0.33481 -0.82191 -0.46083
vn 0.24188 -0.93967 -0.24188
vn 0.20108 -0.93966 -0.27676
vn 0.2586 -0.82192 -0.50752
vn 0.17602 -0.82191 -0.54174
vn 0.1553 -0.93967 -0.30479
vn 0.10571 -0.93966 -0.32535
vn 0.08911 -0.82192 -0.5626
vn 0 -0.82191 -0.56962
vn 0.05351 -0.93967 -0.33786
vn -0 -0.93967 -0.3421
vn -0.08911 -0.82192 -0.5626
vn -0.17602 -0.82191 -0.54174
vn -0.05351 -0.93967 -0.33786
vn -0.10571 -0.93966 -0.32535
vn -0.2586 -0.82192 -0.50752
vn -0.33481 -0.82191 -0.46083
vn -0.1553 -0.93967 -0.30479
vn -0.20108 -0.93966 -0.27676
vn -0.40277 -0.82192 -0.40277
vn -0.46083 -0.82191 -0.33481
vn -0.24188 -0.93967 -0.24188
vn -0.27676 -0.93966 -0.20108
vn -0.50752 -0.82192 -0.2586
vn -0.54174 -0.82191 -0.17602
vn -0.30479 -0.93967 -0.1553
vn -0.32535 -0.93966 -0.10571
vn -0.5626 -0.82192 -0.08911
vn -0.56962 -0.82191 -0
vn -0.33786 -0.93967 -0.05351
vn -0.3421 -0.93966 -0
vn -0.5626 -0.82192 0.0891
vn -0.33786 -0.93967 0.05351
vn -0.13627 -0.98823 0.06944
vn -0.12062 -0.98882 0.08764
vn -0.14866 -0.98771 0.0483
vn 0 -1 -0
vn 0 -1 -0
vn -0 -1 0
vn -0.10443 -0.98903 0.10443
vn -0.08605 -0.98923 0.11844
vn 0 -1 -0
vn -0 -1 0
vn -0.0659 -0.98941 0.12935
vn -0.04459 -0.98954 0.13722
vn 0 -1 0
vn -0 -1 -0
vn -0.02247 -0.98963 0.14189
vn 0 -0.98965 0.1435
vn 0 -1 -0
vn -0 -1 -0
vn 0.02247 -0.98963 0.14189
vn 0.04459 -0.98954 0.13722
vn -0 -1 0
vn 0 -1 0
vn 0.06591 -0.98941 0.12935
vn 0.08605 -0.98923 0.11844
vn -0 -1 0
vn -0 -1 -0
vn 0.10443 -0.98903 0.10443
vn 0.12062 -0.98882 0.08764
vn -0 -1 -0
vn -0 -1 0
vn 0.13628 -0.98823 0.06944
vn 0.14866 -0.98771 0.0483
vn -0 -1 0
vn -0 -1 0
vn 0.14994 -0.98841 0.02375
vn 0.14811 -0.98897 0
vn -0 -1 0
vn -0 -1 -0
vn 0.14994 -0.98841 -0.02375
vn 0.14866 -0.98771 -0.0483
vn -0 -1 0
vn -0 -1 1E-05
vn 0.13628 -0.98823 -0.06943
vn 0.12062 -0.98882 -0.08764
vn -0 -1 0
vn -0 -1 0
vn 0.10443 -0.98903 -0.10443
vn 0.08605 -0.98923 -0.11844
vn -0 -1 0
vn -0 -1 0
vn 0.0659 -0.98941 -0.12935
vn 0.04459 -0.98954 -0.13722
vn -0 -1 -0
vn -0 -1 0
vn 0.02247 -0.98963 -0.14189
vn -0 -0.98965 -0.1435
vn -0 -1 -0
vn 0 -1 -0
vn -0.02247 -0.98963 -0.14189
vn -0.04459 -0.98954 -0.13722
vn 0 -1 0
vn -0 -1 0
vn -0.06591 -0.98941 -0.12935
vn -0.08605 -0.98923 -0.11844
vn 0 -1 -0
vn -0 -1 0
vn -0.10443 -0.98903 -0.10443
vn -0.12062 -0.98882 -0.08764
vn 0 -1 0
vn -0 -1 1E-05
vn -0.13628 -0.98823 -0.06943
vn -0.14866 -0.98771 -0.0483
vn 0 -1 1E-05
vn 0 -1 0
vn -0.14994 -0.98841 -0.02375
vn -0.14811 -0.98897 0
vn -0 -1 0
vn 0 -1 -0
vn -0.14994 -0.98841 0.02375
vn -0 -1 -0
vn -0 -1 0
vn 0 -1 0
vn -0 -1 0
vn 0 -1 0
vn -0 -1 -0
vn -0 -1 -0
vn -1E-05 -1 -0
vn 0 -1 -1E-05
vn -1E-05 -1 -0
vn 0 -1 -0
vn -0 -1 -0
vn 0 -1 0
vn -0 -1 0
vn 0 -1 1E-05
vn -1E-05 -1 0
vn 1E-05 -1 0
vn 0 -1 0
vn 1E-05 -1 -0
vn -0 -1 -0
vn -0 -1 0
vn -0 -1 -0
vn -0 -1 0
vn 0 -1 -0
vn 0 -1 0
vn 0 -1 0
vn -0 -1 -0
vn 0 -1 0
vn -0 -1 -0
vn -0 -1 0
vn 0 -1 0
vn -0 -1 0
vn 0 -1 0
vn 1E-05 -1 -0
vn 0 -1 -0
vn 0 -1 -0
vn 0 -1 0
vn 0 -1 -1E-05
vn -1E-05 -1 -0
vn 0 -1 -1E-05
vn 0 -1 -0
vn -1E-05 -1 0
vn 0 -1 0
vn 0 -1 -0
vn 0 -1 0
vn 0 -1 0
vn 0.07845 0.99612 -0.03997
vn 0.08373 0.99612 -0.02721
vn 0.07123 0.99612 -0.05175
vn 0.10859 0.99095 -0.07889
vn 0.11963 0.99095 -0.06095
vn 0.12765 0.99095 -0.04148
vn 0.06226 0.99612 -0.06226
vn 0.05175 0.99612 -0.07123
vn 0.07889 0.99095 -0.10859
vn 0.09494 0.99095 -0.09494
vn 0.03997 0.99612 -0.07845
vn 0.02721 0.99612 -0.08373
vn 0.04148 0.99095 -0.12765
vn 0.06095 0.99095 -0.11963
vn 0.01377 0.99612 -0.08697
vn 0 0.99612 -0.08804
vn 0 0.99095 -0.13422
vn 0.021 0.99095 -0.13261
vn -0.01377 0.99612 -0.08697
vn -0.02721 0.99612 -0.08373
vn -0.04148 0.99095 -0.12765
vn -0.021 0.99095 -0.13261
vn -0.03997 0.99612 -0.07845
vn -0.05175 0.99612 -0.07123
vn -0.07889 0.99095 -0.10859
vn -0.06095 0.99095 -0.11963
vn -0.06226 0.99612 -0.06226
vn -0.07123 0.99612 -0.05175
vn -0.10859 0.99095 -0.07889
vn -0.09494 0.99095 -0.09494
vn -0.07845 0.99612 -0.03997
vn -0.08373 0.99612 -0.02721
vn -0.12765 0.99095 -0.04148
vn -0.11963 0.99095 -0.06095
vn -0.08697 0.99612 -0.01377
vn -0.08804 0.99612 0
vn -0.13422 0.99095 -0
vn -0.13261 0.99095 -0.021
vn -0.08697 0.99612 0.01377
vn -0.08373 0.99612 0.02721
vn -0.12765 0.99095 0.04148
vn -0.13261 0.99095 0.021
vn -0.07845 0.99612 0.03997
vn -0.07123 0.99612 0.05175
vn -0.10859 0.99095 0.07889
vn -0.11963 0.99095 0.06095
vn -0.06226 0.99612 0.06226
vn -0.05175 0.99612 0.07123
vn -0.07889 0.99095 0.10859
vn -0.09494 0.99095 0.09494
vn -0.03997 0.99612 0.07845
vn -0.02721 0.99612 0.08373
vn -0.04148 0.99095 0.12765
vn -0.06095 0.99095 0.11963
vn -0.01377 0.99612 0.08697
vn -0 0.99612 0.08804
vn 0 0.99095 0.13422
vn -0.021 0.99095 0.13261
vn 0.01377 0.99612 0.08697
vn 0.02721 0.99612 0.08373
vn 0.04148 0.99095 0.12765
vn 0.021 0.99095 0.13261
vn 0.03997 0.99612 0.07845
vn 0.05175 0.99612 0.07123
vn 0.07889 0.99095 0.10859
vn 0.06095 0.99095 0.11963
vn 0.06226 0.99612 0.06226
vn 0.07123 0.99612 0.05175
vn 0.10859 0.99095 0.07889
vn 0.09494 0.99095 0.09494
vn 0.07845 0.99612 0.03997
vn 0.08373 0.99612 0.02721
vn 0.12765 0.99095 0.04148
vn 0.11963 0.99095 0.06095
vn 0.08697 0.99612 0.01377
vn 0.08804 0.99612 0
vn 0.13422 0.99095 0
vn 0.13261 0.99095 0.021
vn 0.08697 0.99612 -0.01377
vn 0.13261 0.99095 -0.021
vn 0.24688 0.96085 -0.12579
vn 0.26344 0.96087 -0.0856
vn 0.2241 0.96087 -0.16282
vn 0.39771 0.87083 -0.28895
vn 0.43809 0.87078 -0.22322
vn 0.46753 0.87083 -0.15191
vn 0.19592 0.96085 -0.19592
vn 0.16282 0.96087 -0.2241
vn 0.28895 0.87083 -0.39771
vn 0.34767 0.87078 -0.34767
vn 0.12579 0.96085 -0.24688
vn 0.0856 0.96087 -0.26344
vn 0.15191 0.87083 -0.46753
vn 0.22322 0.87078 -0.43809
vn 0.04334 0.96085 -0.27366
vn 0 0.96087 -0.277
vn -0 0.87083 -0.49159
vn 0.07692 0.87078 -0.48563
vn -0.04334 0.96085 -0.27366
vn -0.0856 0.96087 -0.26344
vn -0.15191 0.87083 -0.46753
vn -0.07692 0.87078 -0.48563
vn -0.12579 0.96085 -0.24688
vn -0.16282 0.96087 -0.2241
vn -0.28895 0.87083 -0.39771
vn -0.22322 0.87078 -0.43809
vn -0.19592 0.96085 -0.19592
vn -0.2241 0.96087 -0.16282
vn -0.39771 0.87083 -0.28895
vn -0.34767 0.87078 -0.34767
vn -0.24688 0.96085 -0.12579
vn -0.26344 0.96087 -0.0856
vn -0.46753 0.87083 -0.15191
vn -0.43809 0.87078 -0.22322
vn -0.27366 0.96085 -0.04334
vn -0.277 0.96087 -0
vn -0.49159 0.87083 0
vn -0.48563 0.87078 -0.07692
vn -0.27366 0.96085 0.04334
vn -0.26344 0.96087 0.0856
vn -0.46753 0.87083 0.15191
vn -0.48563 0.87078 0.07692
vn -0.24688 0.96085 0.12579
vn -0.2241 0.96087 0.16282
vn -0.39771 0.87083 0.28895
vn -0.43809 0.87078 0.22322
vn -0.19592 0.96085 0.19592
vn -0.16282 0.96087 0.2241
vn -0.28895 0.87083 0.39771
vn -0.34767 0.87078 0.34767
vn -0.12579 0.96085 0.24688
vn -0.0856 0.96087 0.26344
vn -0.15191 0.87083 0.46753
vn -0.22322 0.87078 0.43809
vn -0.04334 0.96085 0.27366
vn 0 0.96087 0.277
vn 0 0.87083 0.49159
vn -0.07692 0.87078 0.48563
vn 0.04334 0.96085 0.27366
vn 0.0856 0.96087 0.26344
vn 0.15191 0.87083 0.46753
vn 0.07692 0.87078 0.48563
vn 0.12579 0.96085 0.24688
vn 0.16282 0.96087 0.2241
vn 0.28895 0.87083 0.39771
vn 0.22322 0.87078 0.43809
vn 0.19592 0.96085 0.19592
vn 0.2241 0.96087 0.16282
vn 0.39771 0.87083 0.28895
vn 0.34767 0.87078 0.34767
vn 0.24688 0.96085 0.12579
vn 0.26344 0.96087 0.0856
vn 0.46753 0.87083 0.15191
vn 0.43809 0.87078 0.22322
vn 0.27366 0.96085 0.04334
vn 0.277 0.96087 -0
vn 0.49159 0.87083 0
vn 0.48563 0.87078 0.07692
vn 0.27366 0.96085 -0.04334
vn 0.48563 0.87078 -0.07691
vn 0.74067 0.55587 -0.37739
vn 0.79051 0.55598 -0.25685
vn 0.67245 0.55598 -0.48856
vn 0.79902 0.15671 -0.58052
vn 0.88 0.15669 -0.44838
vn 0.93931 0.15671 -0.3052
vn 0.5878 0.55587 -0.5878
vn 0.48856 0.55598 -0.67245
vn 0.58052 0.15671 -0.79902
vn 0.69837 0.15669 -0.69837
vn 0.37739 0.55587 -0.74067
vn 0.25685 0.55598 -0.79051
vn 0.3052 0.15671 -0.93931
vn 0.44838 0.15668 -0.88
vn 0.13004 0.55587 -0.82104
vn -0 0.55598 -0.8312
vn 0 0.15671 -0.98764
vn 0.1545 0.15668 -0.97549
vn -0.13004 0.55587 -0.82104
vn -0.25685 0.55598 -0.79051
vn -0.3052 0.15671 -0.93931
vn -0.1545 0.15668 -0.97549
vn -0.37739 0.55587 -0.74067
vn -0.48856 0.55598 -0.67245
vn -0.58052 0.15671 -0.79902
vn -0.44838 0.15668 -0.88
vn -0.5878 0.55587 -0.5878
vn -0.67245 0.55598 -0.48856
vn -0.79902 0.15671 -0.58052
vn -0.69837 0.15668 -0.69837
vn -0.74067 0.55587 -0.37739
vn -0.79051 0.55598 -0.25685
vn -0.93931 0.15671 -0.3052
vn -0.88 0.15668 -0.44838
vn -0.82104 0.55587 -0.13004
vn -0.8312 0.55598 0
vn -0.98764 0.15671 -0
vn -0.97549 0.15668 -0.1545
vn -0.82104 0.55587 0.13004
vn -0.79051 0.55598 0.25685
vn -0.93931 0.15671 0.3052
vn -0.97549 0.15668 0.1545
vn -0.74067 0.55587 0.37739
vn -0.67245 0.55598 0.48856
vn -0.79902 0.15671 0.58052
vn -0.88 0.15668 0.44838
vn -0.5878 0.55587 0.5878
vn -0.48856 0.55598 0.67245
vn -0.58052 0.15671 0.79902
vn -0.69837 0.15669 0.69837
vn -0.37739 0.55587 0.74067
vn -0.25685 0.55598 0.79051
vn -0.3052 0.15671 0.93931
vn -0.44838 0.15668 0.88
vn -0.13004 0.55587 0.82104
vn 0 0.55598 0.8312
vn 0 0.15671 0.98764
vn -0.1545 0.15668 0.97549
vn 0.13004 0.55587 0.82104
vn 0.25685 0.55598 0.79051
vn 0.3052 0.15671 0.93931
vn 0.1545 0.15668 0.97549
vn 0.37739 0.55587 0.74067
vn 0.48856 0.55598 0.67245
vn 0.58052 0.15671 0.79902
vn 0.44838 0.15668 0.88
vn 0.5878 0.55587 0.5878
vn 0.67245 0.55598 0.48856
vn 0.79902 0.15671 0.58052
vn 0.69837 0.15669 0.69837
vn 0.74067 0.55587 0.37739
vn 0.79051 0.55598 0.25685
vn 0.93931 0.15671 0.3052
vn 0.88 0.15668 0.44838
vn 0.82104 0.55587 0.13004
vn 0.8312 0.55598 0
vn 0.98764 0.15671 0
vn 0.97549 0.15668 0.1545
vn 0.82104 0.55587 -0.13004
vn 0.97549 0.15668 -0.1545
vn 0.89084 0.01964 -0.4539
vn 0.95089 0.01963 -0.30891
vn 0.80883 0.01963 -0.58771
vn 0.80867 -0.02194 -0.58786
vn 0.89079 -0.02193 -0.45388
vn 0.95091 -0.02194 -0.30869
vn 0.70704 0.01961 -0.7069
vn 0.58779 0.01961 -0.80877
vn 0.58825 -0.02197 -0.80838
vn 0.7073 -0.02195 -0.70657
vn 0.45394 0.01961 -0.89081
vn 0.30896 0.01962 -0.95087
vn 0.30894 -0.02197 -0.95083
vn 0.4541 -0.02197 -0.89068
vn 0.15641 0.01962 -0.9875
vn 0 0.01962 -0.99981
vn 0 -0.02197 -0.99976
vn 0.1564 -0.02197 -0.98745
vn -0.15641 0.01962 -0.9875
vn -0.30896 0.01962 -0.95087
vn -0.30894 -0.02197 -0.95083
vn -0.1564 -0.02197 -0.98745
vn -0.4539 0.01962 -0.89084
vn -0.58767 0.01962 -0.80886
vn -0.58764 -0.02197 -0.80882
vn -0.45388 -0.02197 -0.89079
vn -0.70697 0.01962 -0.70697
vn -0.80886 0.01962 -0.58767
vn -0.80882 -0.02197 -0.58764
vn -0.70694 -0.02197 -0.70694
vn -0.89084 0.01962 -0.4539
vn -0.95087 0.01962 -0.30896
vn -0.95083 -0.02197 -0.30894
vn -0.89079 -0.02197 -0.45388
vn -0.9875 0.01962 -0.15641
vn -0.99981 0.01962 -0
vn -0.99976 -0.02197 0
vn -0.98745 -0.02197 -0.1564
vn -0.9875 0.01962 0.15641
vn -0.95087 0.01962 0.30896
vn -0.95083 -0.02197 0.30894
vn -0.98745 -0.02197 0.1564
vn -0.89084 0.01962 0.4539
vn -0.80886 0.01962 0.58767
vn -0.80882 -0.02197 0.58764
vn -0.89079 -0.02197 0.45388
vn -0.70697 0.01962 0.70697
vn -0.58767 0.01962 0.80886
vn -0.58764 -0.02197 0.80882
vn -0.70694 -0.02197 0.70694
vn -0.4539 0.01962 0.89084
vn -0.30896 0.01962 0.95087
vn -0.30894 -0.02197 0.95083
vn -0.45388 -0.02197 0.89079
vn -0.15641 0.01962 0.9875
vn 0 0.01962 0.99981
vn 0 -0.02197 0.99976
vn -0.1564 -0.02197 0.98745
vn 0.15641 0.01962 0.9875
vn 0.30896 0.01962 0.95087
vn 0.30894 -0.02197 0.95083
vn 0.1564 -0.02197 0.98745
vn 0.4539 0.01962 0.89084
vn 0.58767 0.01962 0.80886
vn 0.58764 -0.02197 0.80882
vn 0.45388 -0.02197 0.89079
vn 0.70697 0.01962 0.70697
vn 0.80886 0.01962 0.58767
vn 0.80882 -0.02197 0.58764
vn 0.70694 -0.02197 0.70694
vn 0.89084 0.01962 0.4539
vn 0.95087 0.01962 0.30896
vn 0.95083 -0.02197 0.30894
vn 0.89079 -0.02197 0.45388
vn 0.98751 0.01961 0.15636
vn 0.99981 0.01961 -0.00015
vn 0.99976 -0.02197 -0.00076
vn 0.98749 -0.02197 0.15616
vn 0.98748 0.01961 -0.1565
vn 0.98737 -0.02195 -0.1569
vn 0.80278 -0.11989 -0.58409
vn 0.72175 -0.45106 -0.52499
vn 0.795 -0.45154 -0.40507
vn 0.88458 -0.11993 -0.45071
vn 0.39786 -0.87069 -0.28914
vn 0.43828 -0.87065 -0.22332
vn 0.46778 -0.87069 -0.15192
vn 0.84897 -0.45106 -0.27533
vn 0.94441 -0.11989 -0.30614
vn 0.58518 -0.11987 -0.80199
vn 0.52592 -0.45045 -0.72146
vn 0.63206 -0.45025 -0.6307
vn 0.703 -0.11983 -0.70103
vn 0.28921 -0.87069 -0.39781
vn 0.34783 -0.8707 -0.3477
vn 0.30679 -0.11988 -0.9442
vn 0.27587 -0.45056 -0.84905
vn 0.40574 -0.45044 -0.79529
vn 0.4513 -0.11987 -0.88429
vn 0.15201 -0.87065 -0.46783
vn 0.22337 -0.87064 -0.43828
vn -0 -0.11988 -0.99279
vn -0 -0.45056 -0.89274
vn 0.13967 -0.45043 -0.88182
vn 0.15531 -0.11986 -0.98057
vn -0 -0.87065 -0.4919
vn 0.07696 -0.87063 -0.48588
vn -0.30679 -0.11988 -0.9442
vn -0.27587 -0.45056 -0.84905
vn -0.13967 -0.45043 -0.88182
vn -0.15531 -0.11986 -0.98057
vn -0.15201 -0.87065 -0.46782
vn -0.07696 -0.87063 -0.48587
vn -0.58355 -0.11988 -0.80318
vn -0.52474 -0.45056 -0.72225
vn -0.40533 -0.45043 -0.7955
vn -0.45072 -0.11986 -0.88458
vn -0.28913 -0.87065 -0.39796
vn -0.22333 -0.87063 -0.43831
vn -0.80318 -0.11988 -0.58355
vn -0.72224 -0.45056 -0.52474
vn -0.63131 -0.45043 -0.63131
vn -0.70201 -0.11986 -0.70201
vn -0.39796 -0.87065 -0.28913
vn -0.34785 -0.87063 -0.34785
vn -0.9442 -0.11988 -0.30679
vn -0.84905 -0.45056 -0.27587
vn -0.7955 -0.45043 -0.40533
vn -0.88458 -0.11986 -0.45072
vn -0.46783 -0.87065 -0.152
vn -0.43831 -0.87063 -0.22333
vn -0.99279 -0.11988 0
vn -0.89274 -0.45056 0
vn -0.88182 -0.45043 -0.13967
vn -0.98057 -0.11986 -0.15531
vn -0.4919 -0.87065 -0
vn -0.48587 -0.87063 -0.07695
vn -0.9442 -0.11988 0.30679
vn -0.84905 -0.45056 0.27587
vn -0.88182 -0.45043 0.13967
vn -0.98057 -0.11986 0.15531
vn -0.46783 -0.87065 0.15201
vn -0.48587 -0.87063 0.07695
vn -0.80318 -0.11988 0.58355
vn -0.72224 -0.45056 0.52474
vn -0.7955 -0.45043 0.40533
vn -0.88458 -0.11986 0.45072
vn -0.39796 -0.87065 0.28913
vn -0.43831 -0.87063 0.22333
vn -0.58355 -0.11988 0.80318
vn -0.52474 -0.45056 0.72225
vn -0.63131 -0.45043 0.63131
vn -0.70201 -0.11986 0.70201
vn -0.28913 -0.87065 0.39796
vn -0.34785 -0.87063 0.34785
vn -0.30679 -0.11988 0.9442
vn -0.27587 -0.45056 0.84905
vn -0.40533 -0.45043 0.7955
vn -0.45072 -0.11986 0.88458
vn -0.15201 -0.87065 0.46782
vn -0.22333 -0.87063 0.43831
vn 0 -0.11988 0.99279
vn -0 -0.45056 0.89274
vn -0.13967 -0.45043 0.88182
vn -0.15531 -0.11986 0.98057
vn 0 -0.87065 0.4919
vn -0.07696 -0.87063 0.48587
vn 0.30679 -0.11988 0.9442
vn 0.27587 -0.45056 0.84905
vn 0.13967 -0.45043 0.88182
vn 0.15531 -0.11986 0.98057
vn 0.15201 -0.87065 0.46783
vn 0.07696 -0.87063 0.48587
vn 0.58355 -0.11988 0.80318
vn 0.52474 -0.45056 0.72224
vn 0.40533 -0.45043 0.7955
vn 0.45072 -0.11986 0.88458
vn 0.28913 -0.87065 0.39796
vn 0.22333 -0.87063 0.43831
vn 0.80318 -0.11988 0.58355
vn 0.72224 -0.45056 0.52474
vn 0.63131 -0.45043 0.63131
vn 0.70201 -0.11986 0.70201
vn 0.39796 -0.87065 0.28913
vn 0.34785 -0.87063 0.34785
vn 0.9442 -0.11988 0.30679
vn 0.84905 -0.45056 0.27587
vn 0.7955 -0.45043 0.40533
vn 0.88458 -0.11986 0.45072
vn 0.46783 -0.87065 0.152
vn 0.43831 -0.87063 0.22333
vn 0.99279 -0.11987 -0.00202
vn 0.8928 -0.45045 -0.00142
vn 0.88189 -0.45044 0.13921
vn 0.98067 -0.11987 0.15466
vn 0.49183 -0.87069 -0.00015
vn 0.48586 -0.87064 0.0769
vn 0.88176 -0.45025 -0.14063
vn 0.98035 -0.11983 -0.15668
vn 0.48575 -0.8707 -0.07703
vn 0.47005 -0.84953 -0.2395
vn 0.5017 -0.84954 -0.163
vn 0.42677 -0.84954 -0.31008
vn 0.47487 -0.8096 -0.34502
vn 0.52301 -0.80959 -0.26649
vn 0.55825 -0.8096 -0.18139
vn 0.37302 -0.84954 -0.37301
vn 0.31008 -0.84955 -0.42676
vn 0.34502 -0.8096 -0.47487
vn 0.41507 -0.80959 -0.41507
vn 0.2395 -0.84953 -0.47004
vn 0.16301 -0.84954 -0.50171
vn 0.18139 -0.8096 -0.55825
vn 0.26649 -0.80959 -0.52301
vn 0.08253 -0.84953 -0.52105
vn -0 -0.84954 -0.52753
vn 0 -0.8096 -0.58698
vn 0.09183 -0.80959 -0.57976
vn -0.08253 -0.84953 -0.52105
vn -0.16301 -0.84954 -0.50171
vn -0.18139 -0.8096 -0.55825
vn -0.09183 -0.80959 -0.57977
vn -0.2395 -0.84953 -0.47004
vn -0.31007 -0.84954 -0.42678
vn -0.34502 -0.8096 -0.47487
vn -0.26649 -0.80959 -0.52301
vn -0.37303 -0.84953 -0.37303
vn -0.42678 -0.84954 -0.31007
vn -0.47487 -0.8096 -0.34502
vn -0.41507 -0.80959 -0.41507
vn -0.47005 -0.84953 -0.2395
vn -0.50171 -0.84954 -0.16301
vn -0.55825 -0.8096 -0.18139
vn -0.52301 -0.80959 -0.26649
vn -0.52105 -0.84953 -0.08253
vn -0.52753 -0.84954 -0
vn -0.58698 -0.8096 0
vn -0.57976 -0.80959 -0.09183
vn -0.52105 -0.84953 0.08253
vn -0.50171 -0.84954 0.16302
vn -0.55825 -0.8096 0.18139
vn -0.57977 -0.80959 0.09183
vn -0.47004 -0.84953 0.2395
vn -0.42678 -0.84954 0.31007
vn -0.47487 -0.8096 0.34502
vn -0.52301 -0.80959 0.26649
vn -0.37303 -0.84953 0.37303
vn -0.31007 -0.84954 0.42678
vn -0.34502 -0.8096 0.47487
vn -0.41507 -0.80959 0.41507
vn -0.2395 -0.84953 0.47004
vn -0.16301 -0.84954 0.50171
vn -0.18139 -0.8096 0.55825
vn -0.26649 -0.80959 0.52301
vn -0.08253 -0.84953 0.52105
vn 0 -0.84954 0.52753
vn -0 -0.8096 0.58698
vn -0.09183 -0.80959 0.57977
vn 0.08253 -0.84953 0.52105
vn 0.16301 -0.84954 0.50171
vn 0.18139 -0.8096 0.55825
vn 0.09183 -0.80959 0.57976
vn 0.2395 -0.84953 0.47005
vn 0.31007 -0.84954 0.42678
vn 0.34502 -0.8096 0.47487
vn 0.26649 -0.80959 0.52301
vn 0.37303 -0.84953 0.37303
vn 0.42678 -0.84954 0.31007
vn 0.47487 -0.8096 0.34502
vn 0.41507 -0.80959 0.41507
vn 0.47005 -0.84953 0.2395
vn 0.50171 -0.84954 0.16301
vn 0.55825 -0.8096 0.18139
vn 0.52301 -0.80959 0.26649
vn 0.52105 -0.84953 0.08252
vn 0.52751 -0.84955 -2E-05
vn 0.58698 -0.8096 -0
vn 0.57976 -0.80959 0.09183
vn 0.52103 -0.84954 -0.08253
vn 0.57976 -0.80959 -0.09183
vn 0.57226 -0.76648 -0.29158
vn 0.61082 -0.7665 -0.19847
vn 0.51959 -0.7665 -0.3775
vn 0.56392 -0.71703 -0.40971
vn 0.62108 -0.71701 -0.31646
vn 0.66293 -0.71703 -0.2154
vn 0.45415 -0.76648 -0.45415
vn 0.3775 -0.7665 -0.51959
vn 0.40971 -0.71703 -0.56392
vn 0.4929 -0.71701 -0.49289
vn 0.29158 -0.76648 -0.57226
vn 0.19847 -0.7665 -0.61082
vn 0.2154 -0.71703 -0.66293
vn 0.31646 -0.71701 -0.62108
vn 0.10047 -0.76648 -0.63436
vn 0 -0.7665 -0.64225
vn -0 -0.71703 -0.69704
vn 0.10904 -0.71701 -0.68848
vn -0.10047 -0.76648 -0.63436
vn -0.19847 -0.7665 -0.61082
vn -0.2154 -0.71703 -0.66293
vn -0.10904 -0.71701 -0.68848
vn -0.29158 -0.76648 -0.57226
vn -0.3775 -0.7665 -0.51959
vn -0.40971 -0.71703 -0.56392
vn -0.31646 -0.71701 -0.62108
vn -0.45415 -0.76648 -0.45415
vn -0.51959 -0.7665 -0.3775
vn -0.56392 -0.71703 -0.40971
vn -0.49289 -0.71701 -0.49289
vn -0.57226 -0.76648 -0.29158
vn -0.61082 -0.7665 -0.19847
vn -0.66293 -0.71703 -0.2154
vn -0.62108 -0.71701 -0.31646
vn -0.63436 -0.76648 -0.10047
vn -0.64225 -0.7665 0
vn -0.69704 -0.71703 0
vn -0.68848 -0.71701 -0.10904
vn -0.63436 -0.76648 0.10047
vn -0.61082 -0.7665 0.19847
vn -0.66293 -0.71703 0.2154
vn -0.68848 -0.71701 0.10904
vn -0.57226 -0.76648 0.29158
vn -0.51959 -0.7665 0.37751
vn -0.56392 -0.71703 0.40971
vn -0.62108 -0.71701 0.31646
vn -0.45415 -0.76648 0.45415
vn -0.3775 -0.7665 0.51959
vn -0.40971 -0.71703 0.56392
vn -0.49289 -0.71701 0.4929
vn -0.29158 -0.76648 0.57226
vn -0.19847 -0.7665 0.61082
vn -0.2154 -0.71703 0.66293
vn -0.31646 -0.71701 0.62108
vn -0.10047 -0.76648 0.63436
vn -0 -0.7665 0.64225
vn 0 -0.71703 0.69704
vn -0.10904 -0.71701 0.68848
vn 0.10047 -0.76648 0.63436
vn 0.19847 -0.7665 0.61082
vn 0.2154 -0.71703 0.66293
vn 0.10904 -0.71701 0.68848
vn 0.29158 -0.76648 0.57226
vn 0.3775 -0.7665 0.51959
vn 0.40971 -0.71703 0.56392
vn 0.31646 -0.71701 0.62108
vn 0.45415 -0.76648 0.45415
vn 0.51959 -0.7665 0.3775
vn 0.56392 -0.71703 0.40971
vn 0.49289 -0.71701 0.49289
vn 0.57226 -0.76648 0.29158
vn 0.61082 -0.7665 0.19847
vn 0.66293 -0.71703 0.2154
vn 0.62108 -0.71701 0.31646
vn 0.63436 -0.76648 0.10047
vn 0.64225 -0.7665 -0
vn 0.69704 -0.71703 -0
vn 0.68848 -0.71701 0.10904
vn 0.63436 -0.76648 -0.10047
vn 0.68848 -0.71701 -0.10904
vn 0.66184 -0.66952 -0.33722
vn 0.70643 -0.66953 -0.22953
vn 0.60092 -0.66953 -0.43659
vn 0.62535 -0.63443 -0.45434
vn 0.68875 -0.63441 -0.35093
vn 0.73515 -0.63443 -0.23886
vn 0.52524 -0.66952 -0.52524
vn 0.4366 -0.66954 -0.60092
vn 0.45435 -0.63443 -0.62535
vn 0.54659 -0.63441 -0.54659
vn 0.33722 -0.66952 -0.66184
vn 0.22953 -0.66953 -0.70643
vn 0.23886 -0.63443 -0.73515
vn 0.35093 -0.63441 -0.68875
vn 0.1162 -0.66952 -0.73365
vn -0 -0.66953 -0.74278
vn -0 -0.63443 -0.77298
vn 0.12092 -0.63441 -0.76348
vn -0.1162 -0.66951 -0.73365
vn -0.22954 -0.66953 -0.70643
vn -0.23891 -0.63441 -0.73515
vn -0.12093 -0.63441 -0.76348
vn -0.33725 -0.6695 -0.66185
vn -0.43661 -0.6695 -0.60094
vn -0.45439 -0.63432 -0.62543
vn -0.35103 -0.63434 -0.68876
vn -0.52523 -0.66949 -0.52527
vn -0.60089 -0.66954 -0.43663
vn -0.6252 -0.63447 -0.4545
vn -0.54652 -0.63433 -0.54675
vn -0.66179 -0.66956 -0.33723
vn -0.70638 -0.66959 -0.22951
vn -0.73499 -0.63464 -0.23879
vn -0.68856 -0.63456 -0.35101
vn -0.73362 -0.66956 -0.11616
vn -0.74277 -0.66955 3E-05
vn -0.77293 -0.63449 0.00013
vn -0.76339 -0.63456 -0.12073
vn -0.73365 -0.66952 0.11621
vn -0.70643 -0.66953 0.22953
vn -0.73515 -0.63443 0.23886
vn -0.76347 -0.63442 0.12096
vn -0.66184 -0.66952 0.33722
vn -0.60092 -0.66953 0.4366
vn -0.62535 -0.63443 0.45435
vn -0.68875 -0.63441 0.35093
vn -0.52524 -0.66952 0.52524
vn -0.4366 -0.66953 0.60092
vn -0.45435 -0.63443 0.62535
vn -0.54659 -0.63441 0.54659
vn -0.33722 -0.66952 0.66184
vn -0.22953 -0.66953 0.70643
vn -0.23886 -0.63443 0.73515
vn -0.35093 -0.63441 0.68875
vn -0.1162 -0.66952 0.73365
vn -0 -0.66953 0.74278
vn 0 -0.63443 0.77298
vn -0.12092 -0.63441 0.76348
vn 0.1162 -0.66951 0.73365
vn 0.22953 -0.66953 0.70643
vn 0.23886 -0.63443 0.73515
vn 0.12092 -0.63441 0.76348
vn 0.33722 -0.66952 0.66184
vn 0.4366 -0.66953 0.60092
vn 0.45435 -0.63443 0.62535
vn 0.35093 -0.63441 0.68875
vn 0.52524 -0.66952 0.52524
vn 0.60092 -0.66953 0.4366
vn 0.62535 -0.63443 0.45435
vn 0.54659 -0.63441 0.54659
vn 0.66184 -0.66952 0.33722
vn 0.70643 -0.66953 0.22953
vn 0.73515 -0.63443 0.23886
vn 0.68875 -0.63441 0.35093
vn 0.73365 -0.66952 0.1162
vn 0.74278 -0.66953 -0
vn 0.77298 -0.63443 0
vn 0.76348 -0.63441 0.12092
vn 0.73365 -0.66952 -0.1162
vn 0.76348 -0.63441 -0.12092
vn 0.73508 -0.56513 -0.37454
vn 0.78462 -0.56514 -0.25494
vn 0.66744 -0.56514 -0.48492
vn 0.74293 -0.39586 -0.53977
vn 0.81822 -0.39586 -0.4169
vn 0.87337 -0.39586 -0.28377
vn 0.58337 -0.56513 -0.58337
vn 0.48492 -0.56514 -0.66744
vn 0.53977 -0.39586 -0.74293
vn 0.64934 -0.39586 -0.64934
vn 0.37454 -0.56513 -0.73509
vn 0.25494 -0.56514 -0.78462
vn 0.28377 -0.39586 -0.87337
vn 0.4169 -0.39586 -0.81822
vn 0.12906 -0.56513 -0.81485
vn 0 -0.56514 -0.825
vn 0 -0.39586 -0.91831
vn 0.14366 -0.39586 -0.907
vn -0.12907 -0.56512 -0.81485
vn -0.25503 -0.56512 -0.7846
vn -0.28388 -0.39585 -0.87333
vn -0.14367 -0.39586 -0.907
vn -0.37471 -0.56504 -0.73506
vn -0.48495 -0.565 -0.66754
vn -0.53972 -0.39587 -0.74296
vn -0.41708 -0.39586 -0.81813
vn -0.58315 -0.56503 -0.58367
vn -0.66713 -0.56518 -0.48529
vn -0.74257 -0.39586 -0.54027
vn -0.649 -0.39587 -0.64968
vn -0.73482 -0.56532 -0.37477
vn -0.78447 -0.56539 -0.25483
vn -0.8734 -0.39584 -0.2837
vn -0.81804 -0.39585 -0.41727
vn -0.81478 -0.56531 -0.12867
vn -0.82495 -0.56521 0.00029
vn -0.91831 -0.39585 0.00038
vn -0.90709 -0.39585 -0.14317
vn -0.81483 -0.56514 0.12913
vn -0.78462 -0.56514 0.25494
vn -0.87337 -0.39586 0.28377
vn -0.90699 -0.39586 0.14375
vn -0.73508 -0.56513 0.37454
vn -0.66744 -0.56514 0.48492
vn -0.74293 -0.39586 0.53977
vn -0.81822 -0.39586 0.4169
vn -0.58337 -0.56513 0.58337
vn -0.48492 -0.56514 0.66744
vn -0.53977 -0.39586 0.74293
vn -0.64934 -0.39586 0.64934
vn -0.37454 -0.56513 0.73508
vn -0.25494 -0.56514 0.78462
vn -0.28377 -0.39586 0.87337
vn -0.4169 -0.39586 0.81822
vn -0.12906 -0.56513 0.81485
vn 0 -0.56514 0.825
vn -0 -0.39586 0.91831
vn -0.14366 -0.39586 0.907
vn 0.12906 -0.56513 0.81485
vn 0.25494 -0.56514 0.78462
vn 0.28377 -0.39586 0.87337
vn 0.14366 -0.39586 0.907
vn 0.37454 -0.56513 0.73508
vn 0.48492 -0.56514 0.66744
vn 0.53977 -0.39586 0.74293
vn 0.4169 -0.39586 0.81822
vn 0.58337 -0.56513 0.58337
vn 0.66744 -0.56514 0.48492
vn 0.74293 -0.39586 0.53977
vn 0.64934 -0.39586 0.64934
vn 0.73508 -0.56513 0.37454
vn 0.78462 -0.56514 0.25494
vn 0.87337 -0.39586 0.28377
vn 0.81822 -0.39586 0.4169
vn 0.81485 -0.56513 0.12906
vn 0.825 -0.56514 0
vn 0.91831 -0.39586 0
vn 0.907 -0.39586 0.14366
vn 0.81485 -0.56513 -0.12906
vn 0.907 -0.39586 -0.14366
vn 0.79484 -0.18639 -0.57748
vn 0.87539 -0.18638 -0.44603
vn 0.80716 -0.06768 -0.58644
vn 0.88896 -0.06768 -0.45295
vn 0.94888 -0.06768 -0.30831
vn 0.93439 -0.18639 -0.3036
vn 0.57749 -0.18639 -0.79484
vn 0.69472 -0.18638 -0.69472
vn 0.58644 -0.06768 -0.80716
vn 0.70549 -0.06768 -0.70548
vn 0.3036 -0.18639 -0.93439
vn 0.44603 -0.18638 -0.87539
vn 0.30831 -0.06768 -0.94888
vn 0.45295 -0.06768 -0.88896
vn 0 -0.18639 -0.98248
vn 0.15369 -0.18638 -0.97038
vn 0 -0.06768 -0.99771
vn 0.15608 -0.06768 -0.98542
vn -0.30368 -0.18642 -0.93436
vn -0.15371 -0.18638 -0.97038
vn -0.30834 -0.06772 -0.94886
vn -0.15608 -0.06768 -0.98542
vn -0.57743 -0.18661 -0.79483
vn -0.44616 -0.18651 -0.8753
vn -0.58642 -0.06787 -0.80716
vn -0.45301 -0.0678 -0.88893
vn -0.79458 -0.18632 -0.57787
vn -0.69444 -0.18654 -0.69495
vn -0.80705 -0.06762 -0.58659
vn -0.70538 -0.06781 -0.70558
vn -0.93448 -0.18598 -0.30357
vn -0.8753 -0.18607 -0.44634
vn -0.9489 -0.06733 -0.3083
vn -0.88892 -0.06741 -0.45307
vn -0.9825 -0.18626 0.00029
vn -0.9705 -0.18608 -0.15334
vn -0.99771 -0.06758 0.00012
vn -0.98546 -0.06742 -0.15593
vn -0.93439 -0.18639 0.3036
vn -0.97037 -0.18636 0.15376
vn -0.94888 -0.06768 0.30831
vn -0.98542 -0.06766 0.1561
vn -0.79484 -0.18639 0.57749
vn -0.87539 -0.18638 0.44603
vn -0.80716 -0.06768 0.58644
vn -0.88896 -0.06768 0.45295
vn -0.57749 -0.18639 0.79484
vn -0.69472 -0.18638 0.69472
vn -0.58644 -0.06768 0.80716
vn -0.70548 -0.06768 0.70549
vn -0.3036 -0.18639 0.93439
vn -0.44604 -0.18638 0.87539
vn -0.30831 -0.06768 0.94888
vn -0.45295 -0.06768 0.88896
vn 0 -0.18639 0.98248
vn -0.15369 -0.18638 0.97038
vn 0 -0.06768 0.99771
vn -0.15608 -0.06768 0.98542
vn 0.3036 -0.18639 0.93439
vn 0.15369 -0.18638 0.97038
vn 0.30831 -0.06768 0.94888
vn 0.15608 -0.06768 0.98542
vn 0.57749 -0.18639 0.79484
vn 0.44604 -0.18638 0.87539
vn 0.58644 -0.06768 0.80716
vn 0.45295 -0.06768 0.88896
vn 0.79484 -0.18639 0.57749
vn 0.69472 -0.18638 0.69472
vn 0.80716 -0.06768 0.58644
vn 0.70549 -0.06768 0.70549
vn 0.93439 -0.18639 0.3036
vn 0.87539 -0.18638 0.44604
vn 0.94888 -0.06768 0.30831
vn 0.88896 -0.06768 0.45295
vn 0.98248 -0.18639 0
vn 0.97038 -0.18638 0.15369
vn 0.99771 -0.06768 0
vn 0.98542 -0.06768 0.15608
vn 0.97038 -0.18638 -0.15369
vn 0.98542 -0.06768 -0.15608
vn 0.89055 0.03192 -0.45376
vn 0.95057 0.03192 -0.30886
vn 0.80861 0.03192 -0.58748
vn 0.79967 0.15162 -0.58099
vn 0.88071 0.15161 -0.44874
vn 0.94006 0.15162 -0.30544
vn 0.70675 0.03192 -0.70675
vn 0.58749 0.03192 -0.8086
vn 0.58099 0.15162 -0.79966
vn 0.69893 0.15161 -0.69893
vn 0.45376 0.03192 -0.89055
vn 0.30886 0.03192 -0.95057
vn 0.30544 0.15162 -0.94006
vn 0.44874 0.15161 -0.88071
vn 0.15636 0.03192 -0.98719
vn 0 0.03192 -0.99949
vn -0 0.15162 -0.98844
vn 0.15463 0.15161 -0.97627
vn -0.15636 0.03192 -0.98718
vn -0.30887 0.03191 -0.95057
vn -0.30544 0.15162 -0.94006
vn -0.15463 0.15161 -0.97627
vn -0.45377 0.03189 -0.89055
vn -0.58749 0.03187 -0.8086
vn -0.58099 0.15162 -0.79966
vn -0.44874 0.15161 -0.88071
vn -0.70673 0.03189 -0.70676
vn -0.80859 0.03193 -0.58751
vn -0.79966 0.15162 -0.58099
vn -0.69893 0.15161 -0.69893
vn -0.89054 0.03198 -0.45378
vn -0.95057 0.032 -0.30886
vn -0.94006 0.15162 -0.30544
vn -0.88071 0.15161 -0.44874
vn -0.98719 0.03198 -0.15633
vn -0.99949 0.03194 2E-05
vn -0.98844 0.15162 0
vn -0.97627 0.15161 -0.15463
vn -0.98718 0.03192 0.15636
vn -0.95057 0.03192 0.30886
vn -0.94006 0.15162 0.30544
vn -0.97627 0.15161 0.15463
vn -0.89055 0.03192 0.45376
vn -0.8086 0.03192 0.58749
vn -0.79966 0.15162 0.58099
vn -0.88071 0.15161 0.44874
vn -0.70675 0.03192 0.70675
vn -0.58749 0.03192 0.8086
vn -0.58099 0.15162 0.79966
vn -0.69893 0.15161 0.69893
vn -0.45376 0.03192 0.89055
vn -0.30886 0.03192 0.95057
vn -0.30544 0.15162 0.94006
vn -0.44874 0.15161 0.88071
vn -0.15636 0.03192 0.98719
vn 0 0.03192 0.99949
vn 0 0.15162 0.98844
vn -0.15463 0.15161 0.97627
vn 0.15636 0.03192 0.98719
vn 0.30886 0.03192 0.95057
vn 0.30544 0.15162 0.94006
vn 0.15463 0.15161 0.97627
vn 0.45376 0.03192 0.89055
vn 0.58749 0.03192 0.8086
vn 0.58099 0.15162 0.79966
vn 0.44874 0.15161 0.88071
vn 0.70675 0.03192 0.70675
vn 0.8086 0.03192 0.58749
vn 0.79966 0.15162 0.58099
vn 0.69893 0.15161 0.69893
vn 0.89055 0.03192 0.45376
vn 0.95057 0.03192 0.30886
vn 0.94006 0.15162 0.30544
vn 0.88071 0.15161 0.44874
vn 0.98719 0.03192 0.15636
vn 0.99949 0.03192 0
vn 0.98844 0.15162 -0
vn 0.97627 0.15161 0.15463
vn 0.98719 0.03192 -0.15635
vn 0.97627 0.15161 -0.15463
vn 0.86965 0.21765 -0.44311
vn 0.92825 0.21767 -0.30161
vn 0.78962 0.21767 -0.57369
vn 0.78624 0.23561 -0.57124
vn 0.86593 0.2356 -0.44121
vn 0.92428 0.23561 -0.30032
vn 0.69016 0.21765 -0.69015
vn 0.57369 0.21767 -0.78962
vn 0.57124 0.23561 -0.78624
vn 0.6872 0.2356 -0.6872
vn 0.4431 0.21765 -0.86965
vn 0.30161 0.21767 -0.92825
vn 0.30032 0.23561 -0.92428
vn 0.44121 0.2356 -0.86593
vn 0.15268 0.21765 -0.96401
vn -0 0.21767 -0.97602
vn -0 0.23561 -0.97185
vn 0.15203 0.2356 -0.95989
vn -0.15268 0.21765 -0.96401
vn -0.30161 0.21767 -0.92825
vn -0.30032 0.23561 -0.92428
vn -0.15203 0.2356 -0.95989
vn -0.44311 0.21765 -0.86965
vn -0.57369 0.21767 -0.78962
vn -0.57124 0.23561 -0.78624
vn -0.44121 0.2356 -0.86593
vn -0.69015 0.21765 -0.69015
vn -0.78962 0.21767 -0.57369
vn -0.78624 0.23561 -0.57124
vn -0.6872 0.2356 -0.6872
vn -0.86965 0.21765 -0.44311
vn -0.92825 0.21767 -0.30161
vn -0.92428 0.23561 -0.30032
vn -0.86593 0.2356 -0.44121
vn -0.96401 0.21765 -0.15268
vn -0.97602 0.21767 0
vn -0.97185 0.23561 0
vn -0.95989 0.2356 -0.15203
vn -0.96401 0.21765 0.15268
vn -0.92825 0.21767 0.30161
vn -0.92428 0.23561 0.30032
vn -0.95989 0.2356 0.15203
vn -0.86965 0.21765 0.44311
vn -0.78962 0.21767 0.57369
vn -0.78624 0.23561 0.57124
vn -0.86593 0.2356 0.44121
vn -0.69015 0.21765 0.69016
vn -0.57369 0.21767 0.78962
vn -0.57124 0.23561 0.78624
vn -0.6872 0.2356 0.6872
vn -0.44311 0.21765 0.86965
vn -0.30161 0.21767 0.92825
vn -0.30032 0.23561 0.92428
vn -0.44121 0.2356 0.86593
vn -0.15268 0.21765 0.96401
vn 0 0.21767 0.97602
vn -0 0.23561 0.97185
vn -0.15203 0.2356 0.95989
vn 0.15268 0.21765 0.96401
vn 0.30161 0.21767 0.92825
vn 0.30032 0.23561 0.92428
vn 0.15203 0.2356 0.95989
vn 0.44311 0.21765 0.86965
vn 0.57369 0.21767 0.78962
vn 0.57124 0.23561 0.78624
vn 0.44121 0.2356 0.86593
vn 0.69015 0.21765 0.69015
vn 0.78962 0.21767 0.57369
vn 0.78624 0.23561 0.57124
vn 0.6872 0.2356 0.6872
vn 0.86965 0.21765 0.44311
vn 0.92825 0.21767 0.30161
vn 0.92428 0.23561 0.30032
vn 0.86593 0.2356 0.44121
vn 0.96401 0.21765 0.15268
vn 0.97602 0.21767 0
vn 0.97185 0.23561 -0
vn 0.95989 0.2356 0.15203
vn 0.96401 0.21765 -0.15268
vn 0.95989 0.2356 -0.15203
vn 0.25752 0.96264 -0.08367
vn 0.24116 0.96268 -0.12287
vn 0.04272 0.99885 -0.02177
vn 0.04562 0.99885 -0.01482
vn 0.21906 0.96265 -0.15915
vn 0.03881 0.99885 -0.02821
vn 0 1 -0
vn 0 1 -0
vn 0 1 -0
vn 0.19138 0.96268 -0.19138
vn 0.0339 0.99885 -0.03391
vn 0.15915 0.96264 -0.21906
vn 0.0282 0.99885 -0.03881
vn 0 1 0
vn 0 1 0
vn 0.12287 0.96267 -0.24116
vn 0.02177 0.99885 -0.04273
vn 0.08367 0.96264 -0.25752
vn 0.01482 0.99885 -0.04563
vn 0 1 -1E-05
vn 0 1 -0
vn 0.04234 0.96268 -0.26732
vn 0.0075 0.99885 -0.04736
vn -0 0.96264 -0.27077
vn 0 0.99885 -0.04798
vn 0 1 0
vn 0 1 -0
vn -0.04234 0.96268 -0.26732
vn -0.0075 0.99885 -0.04736
vn -0.08367 0.96264 -0.25752
vn -0.01482 0.99885 -0.04563
vn -0 1 0
vn -0 1 0
vn -0.12287 0.96267 -0.24116
vn -0.02177 0.99885 -0.04273
vn -0.15915 0.96264 -0.21906
vn -0.0282 0.99885 -0.03881
vn -0 1 -0
vn -0 1 -0
vn -0.19138 0.96268 -0.19138
vn -0.0339 0.99885 -0.0339
vn -0.21906 0.96265 -0.15915
vn -0.03881 0.99885 -0.0282
vn -0 1 -0
vn -0 1 -0
vn -0.24116 0.96268 -0.12287
vn -0.04272 0.99885 -0.02177
vn -0.25752 0.96264 -0.08367
vn -0.04562 0.99885 -0.01482
vn -0 1 -0
vn -0 1 -0
vn -0.26732 0.96268 -0.04234
vn -0.04736 0.99885 -0.0075
vn -0.27077 0.96264 -0
vn -0.04797 0.99885 -0
vn -0 1 -0
vn -0 1 -0
vn -0.26732 0.96268 0.04234
vn -0.04736 0.99885 0.0075
vn -0.25752 0.96264 0.08367
vn -0.04562 0.99885 0.01482
vn -0 1 0
vn -0 1 0
vn -0.24116 0.96268 0.12287
vn -0.04272 0.99885 0.02177
vn -0.21906 0.96265 0.15914
vn -0.03881 0.99885 0.0282
vn -0 1 1E-05
vn -0 1 0
vn -0.19138 0.96268 0.19137
vn -0.0339 0.99885 0.03391
vn -0.15915 0.96265 0.21905
vn -0.0282 0.99885 0.03881
vn -0 1 0
vn -0 1 1E-05
vn -0.12287 0.96268 0.24116
vn -0.02177 0.99885 0.04272
vn -0.08367 0.96264 0.25752
vn -0.01482 0.99885 0.04563
vn -0 1 0
vn -0 1 0
vn -0.04234 0.96268 0.26733
vn -0.0075 0.99885 0.04736
vn -0 0.96264 0.27077
vn -0 0.99885 0.04798
vn 0 1 0
vn -0 1 0
vn 0.04234 0.96268 0.26732
vn 0.0075 0.99885 0.04736
vn 0.08367 0.96264 0.25751
vn 0.01482 0.99885 0.04562
vn 0 1 0
vn 0 1 1E-05
vn 0.12287 0.96268 0.24116
vn 0.02177 0.99885 0.04272
vn 0.15915 0.96264 0.21906
vn 0.0282 0.99885 0.03881
vn 0 1 0
vn 0 1 0
vn 0.19138 0.96268 0.19138
vn 0.0339 0.99885 0.0339
vn 0.21906 0.96264 0.15915
vn 0.03881 0.99885 0.0282
vn 0 1 -0
vn 0 1 0
vn 0.24116 0.96268 0.12288
vn 0.04272 0.99885 0.02177
vn 0.25752 0.96264 0.08367
vn 0.04562 0.99885 0.01483
vn 0 1 0
vn 0 1 0
vn 0.26732 0.96268 0.04234
vn 0.04736 0.99885 0.0075
vn 0.27077 0.96264 0
vn 0.04797 0.99885 -0
vn 0 1 -0
vn 0 1 -0
vn 0.26732 0.96268 -0.04234
vn 0.04736 0.99885 -0.0075
vn 0 1 0
vn -0.92422 -0.23589 0.3003
vn -0.86587 -0.23587 0.44118
vn -0.86206 -0.25284 0.43924
vn -0.92015 -0.25286 0.29897
vn -0.78619 -0.23589 0.5712
vn -0.78273 -0.25286 0.56868
vn -0.78217 -0.25549 0.56828
vn -0.86144 -0.25548 0.43892
vn -0.91949 -0.25549 0.29876
vn -0.68716 -0.23587 0.68715
vn -0.68413 -0.25284 0.68413
vn -0.5712 -0.23589 0.78619
vn -0.56868 -0.25286 0.78273
vn -0.56828 -0.25549 0.78217
vn -0.68364 -0.25548 0.68364
vn -0.44118 -0.23587 0.86587
vn -0.43924 -0.25284 0.86206
vn -0.30029 -0.23589 0.92422
vn -0.29897 -0.25286 0.92015
vn -0.29876 -0.25549 0.91949
vn -0.43892 -0.25548 0.86144
vn -0.15202 -0.23587 0.95982
vn -0.15135 -0.25284 0.9556
vn 0 -0.23589 0.97178
vn -0 -0.25286 0.9675
vn -0 -0.25549 0.96681
vn -0.15124 -0.25548 0.95491
vn 0.15202 -0.23587 0.95982
vn 0.15135 -0.25284 0.9556
vn 0.3003 -0.23589 0.92422
vn 0.29897 -0.25286 0.92015
vn 0.29876 -0.25549 0.91949
vn 0.15124 -0.25547 0.95491
vn 0.44118 -0.23587 0.86587
vn 0.43924 -0.25284 0.86206
vn 0.5712 -0.23589 0.78619
vn 0.56868 -0.25286 0.78273
vn 0.56828 -0.25549 0.78217
vn 0.43892 -0.25548 0.86144
vn 0.68716 -0.23587 0.68715
vn 0.68413 -0.25284 0.68413
vn 0.78619 -0.23589 0.5712
vn 0.78273 -0.25286 0.56868
vn 0.78217 -0.25549 0.56828
vn 0.68364 -0.25548 0.68364
vn 0.86587 -0.23587 0.44118
vn 0.86206 -0.25284 0.43924
vn 0.92422 -0.23589 0.3003
vn 0.92015 -0.25286 0.29897
vn 0.91949 -0.25549 0.29876
vn 0.86144 -0.25548 0.43892
vn 0.95982 -0.23587 0.15202
vn 0.9556 -0.25284 0.15135
vn 0.97178 -0.23589 -0
vn 0.9675 -0.25286 -0
vn 0.96681 -0.25549 0
vn 0.95491 -0.25548 0.15124
vn 0.95982 -0.23587 -0.15202
vn 0.9556 -0.25284 -0.15135
vn 0.92422 -0.23589 -0.3003
vn 0.92015 -0.25286 -0.29897
vn 0.91949 -0.25549 -0.29876
vn 0.95491 -0.25548 -0.15124
vn 0.86587 -0.23587 -0.44118
vn 0.86206 -0.25284 -0.43924
vn 0.78619 -0.23589 -0.5712
vn 0.78273 -0.25286 -0.56868
vn 0.78217 -0.25549 -0.56828
vn 0.86144 -0.25548 -0.43892
vn 0.68715 -0.23587 -0.68716
vn 0.68413 -0.25284 -0.68413
vn 0.5712 -0.23589 -0.78619
vn 0.56868 -0.25286 -0.78273
vn 0.56828 -0.25549 -0.78217
vn 0.68364 -0.25548 -0.68364
vn 0.44118 -0.23587 -0.86587
vn 0.43924 -0.25284 -0.86206
vn 0.3003 -0.23589 -0.92422
vn 0.29897 -0.25286 -0.92015
vn 0.29876 -0.25549 -0.91949
vn 0.43892 -0.25548 -0.86144
vn 0.15202 -0.23587 -0.95982
vn 0.15135 -0.25284 -0.9556
vn -0 -0.23589 -0.97178
vn -0 -0.25286 -0.9675
vn 0 -0.25549 -0.96681
vn 0.15124 -0.25548 -0.95491
vn -0.15202 -0.23587 -0.95982
vn -0.15135 -0.25284 -0.9556
vn -0.3003 -0.23589 -0.92422
vn -0.29897 -0.25286 -0.92015
vn -0.29876 -0.25549 -0.91949
vn -0.15124 -0.25548 -0.95491
vn -0.44118 -0.23587 -0.86587
vn -0.43924 -0.25284 -0.86206
vn -0.5712 -0.23589 -0.78619
vn -0.56868 -0.25286 -0.78273
vn -0.56828 -0.25549 -0.78217
vn -0.43892 -0.25548 -0.86144
vn -0.68716 -0.23587 -0.68715
vn -0.68413 -0.25284 -0.68413
vn -0.78619 -0.23589 -0.5712
vn -0.78273 -0.25286 -0.56868
vn -0.78217 -0.25549 -0.56828
vn -0.68364 -0.25548 -0.68364
vn -0.86587 -0.23587 -0.44118
vn -0.86206 -0.25284 -0.43924
vn -0.92422 -0.23589 -0.3003
vn -0.92015 -0.25286 -0.29897
vn -0.91949 -0.25549 -0.29876
vn -0.86144 -0.25548 -0.43892
vn -0.95982 -0.23587 -0.15202
vn -0.9556 -0.25284 -0.15135
vn -0.97178 -0.23589 -0
vn -0.9675 -0.25286 -0
vn -0.96681 -0.25549 -0
vn -0.95491 -0.25548 -0.15124
vn -0.95982 -0.23587 0.15202
vn -0.9556 -0.25284 0.15135
vn -0.95491 -0.25548 0.15124
vn -0.9384 -0.16258 0.3049
vn -0.87915 -0.16258 0.44795
vn -0.89047 -0.03486 0.45371
vn -0.95048 -0.03486 0.30883
vn -0.79825 -0.16258 0.57996
vn -0.80853 -0.03486 0.58743
vn -0.80711 0.06859 0.5864
vn -0.88891 0.06859 0.45292
vn -0.94882 0.06859 0.30829
vn -0.6977 -0.16258 0.6977
vn -0.70668 -0.03486 0.70668
vn -0.57996 -0.16258 0.79825
vn -0.58743 -0.03486 0.80853
vn -0.5864 0.06859 0.80711
vn -0.70544 0.06859 0.70544
vn -0.44795 -0.16258 0.87915
vn -0.45371 -0.03486 0.89047
vn -0.3049 -0.16258 0.9384
vn -0.30883 -0.03486 0.95048
vn -0.30829 0.06859 0.94882
vn -0.45292 0.06859 0.88891
vn -0.15435 -0.16258 0.97455
vn -0.15634 -0.03486 0.98709
vn 0 -0.16258 0.9867
vn 0 -0.03486 0.99939
vn 0 0.06859 0.99764
vn -0.15607 0.06859 0.98536
vn 0.15435 -0.16258 0.97455
vn 0.15634 -0.03486 0.98709
vn 0.3049 -0.16258 0.9384
vn 0.30883 -0.03486 0.95048
vn 0.30829 0.06859 0.94882
vn 0.15607 0.06859 0.98536
vn 0.44795 -0.16258 0.87915
vn 0.45371 -0.03486 0.89047
vn 0.57996 -0.16258 0.79825
vn 0.58743 -0.03486 0.80853
vn 0.5864 0.06859 0.80711
vn 0.45292 0.06859 0.88891
vn 0.6977 -0.16258 0.6977
vn 0.70668 -0.03486 0.70668
vn 0.79825 -0.16258 0.57996
vn 0.80853 -0.03486 0.58743
vn 0.80711 0.06859 0.5864
vn 0.70544 0.06859 0.70544
vn 0.87915 -0.16258 0.44795
vn 0.89047 -0.03486 0.45371
vn 0.9384 -0.16258 0.3049
vn 0.95048 -0.03486 0.30883
vn 0.94882 0.06859 0.30829
vn 0.88891 0.06859 0.45292
vn 0.97455 -0.16258 0.15435
vn 0.98709 -0.03486 0.15634
vn 0.9867 -0.16258 0
vn 0.99939 -0.03486 -0
vn 0.99764 0.06859 -0
vn 0.98536 0.06859 0.15607
vn 0.97455 -0.16258 -0.15435
vn 0.98709 -0.03486 -0.15634
vn 0.9384 -0.16258 -0.3049
vn 0.95048 -0.03486 -0.30883
vn 0.94882 0.06859 -0.30829
vn 0.98536 0.06859 -0.15607
vn 0.87915 -0.16258 -0.44795
vn 0.89047 -0.03486 -0.45371
vn 0.79825 -0.16258 -0.57997
vn 0.80853 -0.03486 -0.58743
vn 0.80711 0.06859 -0.5864
vn 0.88891 0.06859 -0.45292
vn 0.6977 -0.16258 -0.6977
vn 0.70668 -0.03486 -0.70668
vn 0.57996 -0.16258 -0.79825
vn 0.58743 -0.03486 -0.80853
vn 0.5864 0.06859 -0.80711
vn 0.70544 0.06859 -0.70544
vn 0.44795 -0.16258 -0.87915
vn 0.45371 -0.03486 -0.89047
vn 0.30491 -0.16258 -0.9384
vn 0.30883 -0.03486 -0.95048
vn 0.30829 0.06859 -0.94882
vn 0.45292 0.06859 -0.88891
vn 0.15435 -0.16258 -0.97455
vn 0.15634 -0.03486 -0.98709
vn -0 -0.16258 -0.9867
vn -0 -0.03486 -0.99939
vn 0 0.06859 -0.99764
vn 0.15607 0.06859 -0.98536
vn -0.15435 -0.16258 -0.97455
vn -0.15634 -0.03486 -0.98709
vn -0.30491 -0.16258 -0.9384
vn -0.30883 -0.03486 -0.95048
vn -0.30829 0.06859 -0.94882
vn -0.15607 0.06859 -0.98536
vn -0.44795 -0.16258 -0.87915
vn -0.45371 -0.03486 -0.89047
vn -0.57996 -0.16258 -0.79825
vn -0.58743 -0.03486 -0.80853
vn -0.5864 0.06859 -0.80711
vn -0.45292 0.06859 -0.88891
vn -0.6977 -0.16258 -0.6977
vn -0.70668 -0.03486 -0.70668
vn -0.79825 -0.16258 -0.57996
vn -0.80853 -0.03486 -0.58743
vn -0.80711 0.06859 -0.5864
vn -0.70544 0.06859 -0.70544
vn -0.87915 -0.16258 -0.44795
vn -0.89047 -0.03486 -0.45371
vn -0.9384 -0.16258 -0.30491
vn -0.95048 -0.03486 -0.30883
vn -0.94882 0.06859 -0.30829
vn -0.88891 0.06859 -0.45292
vn -0.97455 -0.16258 -0.15435
vn -0.98709 -0.03486 -0.15634
vn -0.9867 -0.16258 -0
vn -0.99939 -0.03486 -0
vn -0.99764 0.06859 -0
vn -0.98536 0.06859 -0.15607
vn -0.97455 -0.16258 0.15435
vn -0.98709 -0.03486 0.15634
vn -0.98536 0.06859 0.15607
vn -0.87557 0.18535 0.44612
vn -0.93458 0.18536 0.30366
vn -0.795 0.18536 0.5776
vn -0.74634 0.38594 0.54225
vn -0.82198 0.38594 0.41882
vn -0.87737 0.38594 0.28508
vn -0.69485 0.18535 0.69485
vn -0.5776 0.18536 0.795
vn -0.54225 0.38594 0.74634
vn -0.65232 0.38594 0.65232
vn -0.44612 0.18535 0.87557
vn -0.30366 0.18536 0.93458
vn -0.28508 0.38594 0.87737
vn -0.41882 0.38594 0.82198
vn -0.15372 0.18535 0.97057
vn -0 0.18536 0.98267
vn 0 0.38594 0.92253
vn -0.14432 0.38594 0.91117
vn 0.15372 0.18535 0.97057
vn 0.30366 0.18536 0.93458
vn 0.28508 0.38594 0.87737
vn 0.14432 0.38594 0.91117
vn 0.44612 0.18535 0.87557
vn 0.5776 0.18536 0.795
vn 0.54225 0.38594 0.74634
vn 0.41882 0.38594 0.82198
vn 0.69485 0.18535 0.69485
vn 0.795 0.18536 0.5776
vn 0.74634 0.38594 0.54225
vn 0.65232 0.38594 0.65232
vn 0.87557 0.18535 0.44612
vn 0.93458 0.18536 0.30366
vn 0.87737 0.38594 0.28508
vn 0.82198 0.38594 0.41882
vn 0.97057 0.18535 0.15372
vn 0.98267 0.18536 0
vn 0.92253 0.38594 0
vn 0.91117 0.38594 0.14431
vn 0.97057 0.18535 -0.15372
vn 0.93458 0.18536 -0.30366
vn 0.87737 0.38593 -0.28508
vn 0.91117 0.38594 -0.14432
vn 0.87557 0.18535 -0.44612
vn 0.795 0.18536 -0.5776
vn 0.74634 0.38594 -0.54225
vn 0.82198 0.38594 -0.41882
vn 0.69485 0.18535 -0.69485
vn 0.5776 0.18536 -0.795
vn 0.54225 0.38594 -0.74634
vn 0.65232 0.38594 -0.65232
vn 0.44612 0.18535 -0.87557
vn 0.30366 0.18536 -0.93458
vn 0.28508 0.38594 -0.87737
vn 0.41882 0.38594 -0.82198
vn 0.15372 0.18535 -0.97057
vn 0 0.18536 -0.98267
vn 0 0.38594 -0.92253
vn 0.14432 0.38594 -0.91117
vn -0.15372 0.18535 -0.97057
vn -0.30366 0.18536 -0.93458
vn -0.28508 0.38594 -0.87737
vn -0.14432 0.38594 -0.91117
vn -0.44612 0.18535 -0.87557
vn -0.5776 0.18536 -0.795
vn -0.54225 0.38594 -0.74634
vn -0.41882 0.38594 -0.82198
vn -0.69485 0.18535 -0.69485
vn -0.795 0.18536 -0.5776
vn -0.74634 0.38594 -0.54225
vn -0.65232 0.38594 -0.65232
vn -0.87557 0.18535 -0.44612
vn -0.93458 0.18536 -0.30366
vn -0.87737 0.38594 -0.28508
vn -0.82198 0.38594 -0.41882
vn -0.97057 0.18535 -0.15372
vn -0.98267 0.18536 0
vn -0.92253 0.38594 -0
vn -0.91117 0.38594 -0.14432
vn -0.97057 0.18535 0.15372
vn -0.91117 0.38594 0.14431
vn -0.73849 0.55951 0.37628
vn -0.78825 0.55952 0.25612
vn -0.67053 0.55952 0.48717
vn -0.60905 0.65822 0.4425
vn -0.67078 0.6582 0.34178
vn -0.71598 0.65822 0.23264
vn -0.58607 0.55951 0.58606
vn -0.48717 0.55952 0.67053
vn -0.4425 0.65822 0.60905
vn -0.53234 0.65821 0.53234
vn -0.37628 0.55951 0.73849
vn -0.25612 0.55952 0.78825
vn -0.23264 0.65822 0.71598
vn -0.34178 0.65821 0.67078
vn -0.12966 0.55951 0.81862
vn -0 0.55952 0.82882
vn 0 0.65822 0.75283
vn -0.11777 0.6582 0.74357
vn 0.12966 0.55951 0.81862
vn 0.25612 0.55952 0.78825
vn 0.23264 0.65822 0.71598
vn 0.11777 0.6582 0.74357
vn 0.37628 0.55951 0.73849
vn 0.48717 0.55952 0.67053
vn 0.4425 0.65822 0.60905
vn 0.34178 0.65821 0.67078
vn 0.58607 0.55951 0.58607
vn 0.67053 0.55952 0.48717
vn 0.60905 0.65822 0.4425
vn 0.53234 0.6582 0.53234
vn 0.73849 0.55951 0.37628
vn 0.78825 0.55952 0.25612
vn 0.71598 0.65822 0.23264
vn 0.67078 0.6582 0.34178
vn 0.81862 0.55951 0.12966
vn 0.82882 0.55952 -0
vn 0.75283 0.65822 -0
vn 0.74357 0.6582 0.11777
vn 0.81862 0.55951 -0.12966
vn 0.78825 0.55952 -0.25612
vn 0.71598 0.65822 -0.23264
vn 0.74357 0.6582 -0.11777
vn 0.73849 0.55951 -0.37628
vn 0.67053 0.55952 -0.48717
vn 0.60905 0.65822 -0.4425
vn 0.67078 0.6582 -0.34178
vn 0.58607 0.55951 -0.58607
vn 0.48717 0.55952 -0.67053
vn 0.4425 0.65822 -0.60905
vn 0.53234 0.65821 -0.53234
vn 0.37628 0.55951 -0.73849
vn 0.25612 0.55952 -0.78825
vn 0.23264 0.65822 -0.71598
vn 0.34178 0.65821 -0.67078
vn 0.12966 0.55951 -0.81862
vn 0 0.55952 -0.82882
vn 0 0.65822 -0.75283
vn 0.11777 0.6582 -0.74357
vn -0.12966 0.55951 -0.81862
vn -0.25612 0.55952 -0.78825
vn -0.23264 0.65822 -0.71598
vn -0.11777 0.6582 -0.74357
vn -0.37628 0.55951 -0.73849
vn -0.48717 0.55952 -0.67053
vn -0.4425 0.65822 -0.60905
vn -0.34178 0.6582 -0.67078
vn -0.58607 0.55951 -0.58607
vn -0.67053 0.55952 -0.48717
vn -0.60905 0.65822 -0.4425
vn -0.53234 0.65821 -0.53234
vn -0.73849 0.55951 -0.37628
vn -0.78825 0.55952 -0.25612
vn -0.71598 0.65822 -0.23264
vn -0.67078 0.6582 -0.34178
vn -0.81862 0.55951 -0.12966
vn -0.82882 0.55952 0
vn -0.75283 0.65822 0
vn -0.74357 0.6582 -0.11777
vn -0.81862 0.55951 0.12966
vn -0.74357 0.6582 0.11777
vn -0.60298 0.73622 0.30723
vn -0.64361 0.73623 0.20912
vn -0.54749 0.73623 0.39777
vn -0.44948 0.83146 0.32656
vn -0.49502 0.83147 0.25222
vn -0.52839 0.83146 0.17168
vn -0.47853 0.73622 0.47853
vn -0.39777 0.73623 0.54749
vn -0.32656 0.83146 0.44948
vn -0.39285 0.83147 0.39285
vn -0.30723 0.73622 0.60298
vn -0.20912 0.73623 0.64361
vn -0.17168 0.83146 0.52839
vn -0.25222 0.83147 0.49502
vn -0.10587 0.73622 0.66841
vn 0 0.73623 0.67673
vn -0 0.83146 0.55558
vn -0.08691 0.83147 0.54873
vn 0.10587 0.73622 0.66841
vn 0.20912 0.73623 0.64361
vn 0.17168 0.83146 0.52839
vn 0.08691 0.83147 0.54873
vn 0.30723 0.73622 0.60298
vn 0.39777 0.73623 0.54749
vn 0.32656 0.83146 0.44948
vn 0.25222 0.83147 0.49502
vn 0.47853 0.73622 0.47853
vn 0.54749 0.73623 0.39777
vn 0.44948 0.83146 0.32656
vn 0.39285 0.83147 0.39285
vn 0.60298 0.73622 0.30723
vn 0.64361 0.73623 0.20912
vn 0.52839 0.83146 0.17168
vn 0.49502 0.83147 0.25222
vn 0.66841 0.73622 0.10587
vn 0.67673 0.73623 -0
vn 0.55558 0.83146 0
vn 0.54873 0.83147 0.08691
vn 0.66841 0.73622 -0.10587
vn 0.64361 0.73623 -0.20912
vn 0.52839 0.83146 -0.17168
vn 0.54873 0.83147 -0.08691
vn 0.60298 0.73622 -0.30723
vn 0.54749 0.73623 -0.39777
vn 0.44948 0.83146 -0.32656
vn 0.49502 0.83147 -0.25222
vn 0.47853 0.73622 -0.47853
vn 0.39777 0.73623 -0.54749
vn 0.32656 0.83146 -0.44948
vn 0.39285 0.83147 -0.39285
vn 0.30723 0.73622 -0.60298
vn 0.20912 0.73623 -0.64361
vn 0.17168 0.83146 -0.52839
vn 0.25222 0.83147 -0.49502
vn 0.10587 0.73622 -0.66841
vn -0 0.73623 -0.67673
vn -0 0.83146 -0.55558
vn 0.08691 0.83147 -0.54873
vn -0.10587 0.73622 -0.66841
vn -0.20912 0.73623 -0.64361
vn -0.17168 0.83146 -0.52839
vn -0.08691 0.83147 -0.54873
vn -0.30723 0.73622 -0.60298
vn -0.39777 0.73623 -0.54749
vn -0.32656 0.83146 -0.44948
vn -0.25222 0.83147 -0.49502
vn -0.47853 0.73622 -0.47853
vn -0.54749 0.73623 -0.39777
vn -0.44948 0.83146 -0.32656
vn -0.39285 0.83147 -0.39285
vn -0.60298 0.73622 -0.30723
vn -0.64361 0.73623 -0.20912
vn -0.52839 0.83146 -0.17168
vn -0.49502 0.83147 -0.25222
vn -0.66841 0.73622 -0.10587
vn -0.67673 0.73623 0
vn -0.55558 0.83146 0
vn -0.54873 0.83147 -0.08691
vn -0.66841 0.73622 0.10587
vn -0.54873 0.83147 0.08691
vn -0.3485 0.92034 0.17757
vn -0.372 0.92033 0.12087
vn -0.31644 0.92033 0.22991
vn -0.24122 0.95452 0.17525
vn -0.26568 0.95451 0.13537
vn -0.28357 0.95452 0.09214
vn -0.27657 0.92034 0.27657
vn -0.22991 0.92033 0.31644
vn -0.17525 0.95452 0.24122
vn -0.21085 0.95451 0.21084
vn -0.17757 0.92034 0.3485
vn -0.12087 0.92033 0.372
vn -0.09214 0.95452 0.28357
vn -0.13537 0.95451 0.26568
vn -0.06119 0.92034 0.38632
vn -0 0.92033 0.39114
vn 0 0.95452 0.29816
vn -0.04665 0.95451 0.29451
vn 0.06119 0.92033 0.38632
vn 0.12087 0.92033 0.372
vn 0.09214 0.95452 0.28357
vn 0.04665 0.95451 0.29451
vn 0.17757 0.92034 0.3485
vn 0.22991 0.92033 0.31644
vn 0.17525 0.95452 0.24122
vn 0.13537 0.95451 0.26568
vn 0.27657 0.92034 0.27657
vn 0.31644 0.92033 0.22991
vn 0.24122 0.95452 0.17525
vn 0.21085 0.95451 0.21084
vn 0.3485 0.92034 0.17757
vn 0.372 0.92033 0.12087
vn 0.28357 0.95452 0.09214
vn 0.26568 0.95451 0.13537
vn 0.38632 0.92033 0.06119
vn 0.39114 0.92033 0
vn 0.29816 0.95452 0
vn 0.29451 0.95451 0.04665
vn 0.38632 0.92033 -0.06119
vn 0.372 0.92033 -0.12087
vn 0.28357 0.95452 -0.09214
vn 0.29451 0.95451 -0.04665
vn 0.3485 0.92033 -0.17757
vn 0.31644 0.92033 -0.22991
vn 0.24122 0.95452 -0.17525
vn 0.26568 0.95451 -0.13537
vn 0.27657 0.92034 -0.27657
vn 0.22991 0.92033 -0.31644
vn 0.17525 0.95452 -0.24122
vn 0.21085 0.95451 -0.21084
vn 0.17757 0.92034 -0.3485
vn 0.12087 0.92033 -0.372
vn 0.09214 0.95452 -0.28357
vn 0.13537 0.95451 -0.26568
vn 0.06119 0.92034 -0.38632
vn 0 0.92033 -0.39114
vn 0 0.95452 -0.29816
vn 0.04665 0.95451 -0.29451
vn -0.06119 0.92034 -0.38632
vn -0.12087 0.92033 -0.372
vn -0.09214 0.95452 -0.28357
vn -0.04665 0.95451 -0.29451
vn -0.17757 0.92034 -0.3485
vn -0.22991 0.92033 -0.31644
vn -0.17525 0.95452 -0.24122
vn -0.13537 0.95451 -0.26568
vn -0.27657 0.92033 -0.27657
vn -0.31644 0.92033 -0.22991
vn -0.24122 0.95452 -0.17525
vn -0.21085 0.95451 -0.21085
vn -0.3485 0.92033 -0.17757
vn -0.372 0.92033 -0.12087
vn -0.28357 0.95452 -0.09214
vn -0.26568 0.95451 -0.13537
vn -0.38632 0.92033 -0.06119
vn -0.39114 0.92033 -0
vn -0.29816 0.95452 -0
vn -0.29451 0.95451 -0.04665
vn -0.38632 0.92034 0.06119
vn -0.29451 0.95451 0.04665
vn -0.2601 0.95627 0.13375
vn -0.27864 0.95612 0.09056
vn -0.23513 0.95654 0.17245
vn -0.21498 0.96197 0.16852
vn -0.2437 0.9611 0.12997
vn -0.27277 0.95798 0.08873
vn -0.20463 0.95683 0.2064
vn -0.16935 0.95711 0.23506
vn -0.14604 0.96565 0.21492
vn -0.18166 0.96391 0.19462
vn -0.13029 0.95736 0.25787
vn -0.0884 0.95755 0.27437
vn -0.07282 0.96815 0.23953
vn -0.10948 0.96709 0.22968
vn -0.04467 0.95767 0.28438
vn 0 0.95772 0.28771
vn 0 0.96902 0.24697
vn -0.03633 0.96881 0.24515
vn 0.04467 0.95767 0.28438
vn 0.0884 0.95755 0.27437
vn 0.07282 0.96815 0.23953
vn 0.03633 0.96881 0.24515
vn 0.13029 0.95736 0.25787
vn 0.16935 0.95711 0.23506
vn 0.14604 0.96565 0.21492
vn 0.10948 0.96709 0.22968
vn 0.20463 0.95683 0.2064
vn 0.23513 0.95654 0.17245
vn 0.21498 0.96197 0.16852
vn 0.18166 0.96391 0.19462
vn 0.2601 0.95627 0.13375
vn 0.27864 0.95612 0.09056
vn 0.27277 0.95798 0.08873
vn 0.2437 0.9611 0.12998
vn 0.2893 0.95617 0.04519
vn 0.29263 0.95623 0
vn 0.28184 0.95946 0
vn 0.27641 0.96008 0.04292
vn 0.2893 0.95617 -0.04519
vn 0.27864 0.95612 -0.09056
vn 0.27277 0.95798 -0.08873
vn 0.27641 0.96008 -0.04292
vn 0.2601 0.95627 -0.13375
vn 0.23513 0.95654 -0.17245
vn 0.21498 0.96197 -0.16852
vn 0.2437 0.9611 -0.12997
vn 0.20463 0.95683 -0.2064
vn 0.16935 0.95711 -0.23506
vn 0.14604 0.96565 -0.21492
vn 0.18166 0.96391 -0.19462
vn 0.13029 0.95736 -0.25786
vn 0.0884 0.95755 -0.27437
vn 0.07282 0.96815 -0.23953
vn 0.10948 0.96709 -0.22967
vn 0.04467 0.95767 -0.28438
vn 0 0.95772 -0.28771
vn 0 0.96902 -0.24697
vn 0.03633 0.96881 -0.24515
vn -0.04467 0.95767 -0.28438
vn -0.0884 0.95755 -0.27437
vn -0.07282 0.96815 -0.23953
vn -0.03633 0.96881 -0.24515
vn -0.13029 0.95736 -0.25787
vn -0.16935 0.95711 -0.23506
vn -0.14604 0.96565 -0.21492
vn -0.10948 0.96709 -0.22968
vn -0.20463 0.95683 -0.2064
vn -0.23513 0.95654 -0.17245
vn -0.21498 0.96197 -0.16852
vn -0.18166 0.96391 -0.19462
vn -0.2601 0.95627 -0.13375
vn -0.27864 0.95612 -0.09056
vn -0.27277 0.95798 -0.08873
vn -0.2437 0.9611 -0.12997
vn -0.2893 0.95617 -0.04519
vn -0.29263 0.95623 -0
vn -0.28184 0.95946 -0
vn -0.27641 0.96008 -0.04292
vn -0.2893 0.95617 0.04519
vn -0.27641 0.96008 0.04292
vn 0.12397 0.98431 0.12559
vn 0.09245 0.98781 0.12523
vn 0 1 -0
vn 0 1 0
vn -0 1 0
vn 0.06648 0.99018 0.12297
vn 0 1 -0
vn -0.06648 0.99018 0.12297
vn -0.04552 0.99173 0.12
vn -0 1 -0
vn -0.02842 0.99267 0.11749
vn -0 1 0
vn 0.06648 0.99018 -0.12297
vn 0.09245 0.98781 -0.12523
vn 0.12397 0.98431 -0.12559
vn -0.06648 0.99018 -0.12297
vn -0.04552 0.99173 -0.12
vn -0.02842 0.99267 -0.11749
vn -0.01366 0.99318 0.11582
vn -0 1 0
vn 0 0.99333 0.11527
vn 0 1 -0
vn -0.01366 0.99318 -0.11582
vn 0 0.99333 -0.11527
vn -0.12397 0.98431 -0.12559
vn -0.09245 0.98781 -0.12523
vn -0 1 -0
vn -0 1 -0
vn -0.09245 0.98781 0.12523
vn -0.12397 0.98431 0.12559
vn -0.2202 0.97545 -0
vn -0.21005 0.97506 -0.07162
vn -0.21005 0.97506 0.07162
vn 0.01366 0.99318 -0.11582
vn 0 1 -0
vn -0 1 0
vn 0.02842 0.99267 -0.11749
vn 0.02842 0.99267 0.11749
vn 0.01366 0.99318 0.11582
vn 0.04552 0.99173 -0.12
vn 0 1 0
vn 0.04552 0.99173 0.12
vn 0.2202 0.97545 -1E-05
vn 0.21005 0.97506 0.07162
vn 0.21005 0.97506 -0.07162
vn 0.6872 0.2356 0.6872
vn 0.57124 0.23561 0.78624
vn 0.78624 0.23561 0.57124
vn 0.78624 0.23561 0.57124
vn 0.6872 0.2356 0.6872
vn 0.57124 0.23561 0.78624
vn 0.44121 0.23559 0.86593
vn 0.30032 0.23561 0.92428
vn 0.44121 0.2356 0.86593
vn 0.30032 0.23561 0.92428
vn 0.15203 0.23559 0.95989
vn -0 0.23561 0.97185
vn 0.15203 0.2356 0.95989
vn -0 0.23561 0.97185
vn -0.15203 0.23559 0.95989
vn -0.30032 0.23561 0.92428
vn -0.15203 0.2356 0.95989
vn -0.30032 0.23561 0.92428
vn -0.44121 0.23559 0.86593
vn -0.57124 0.23561 0.78624
vn -0.44121 0.2356 0.86593
vn -0.57124 0.23561 0.78624
vn -0.6872 0.2356 0.6872
vn -0.78624 0.23561 0.57124
vn -0.6872 0.2356 0.6872
vn -0.78624 0.23561 0.57124
vn -0.86593 0.2356 0.44121
vn -0.92428 0.23561 0.30032
vn -0.86593 0.2356 0.44121
vn -0.92428 0.23561 0.30032
vn -0.95989 0.23559 0.15203
vn -0.97185 0.23561 0
vn -0.95989 0.2356 0.15203
vn -0.97185 0.23561 0
vn -0.95989 0.23559 -0.15203
vn -0.92428 0.23561 -0.30032
vn -0.95989 0.2356 -0.15203
vn -0.92428 0.23561 -0.30032
vn -0.86593 0.2356 -0.44121
vn -0.78624 0.23561 -0.57124
vn -0.86593 0.2356 -0.44121
vn -0.78624 0.23561 -0.57124
vn -0.6872 0.2356 -0.6872
vn -0.57124 0.23561 -0.78624
vn -0.6872 0.2356 -0.6872
vn -0.57124 0.23561 -0.78624
vn -0.44121 0.2356 -0.86593
vn -0.30032 0.23561 -0.92428
vn -0.44121 0.2356 -0.86593
vn -0.30032 0.23561 -0.92428
vn -0.15203 0.2356 -0.95989
vn -0 0.23561 -0.97185
vn -0.15203 0.2356 -0.95989
vn -0 0.23561 -0.97185
vn 0.15203 0.2356 -0.95989
vn 0.30032 0.23561 -0.92428
vn 0.15203 0.2356 -0.95989
vn 0.30032 0.23561 -0.92428
vn 0.44121 0.2356 -0.86593
vn 0.57124 0.23561 -0.78624
vn 0.44121 0.2356 -0.86593
vn 0.57124 0.23561 -0.78624
vn 0.6872 0.2356 -0.6872
vn 0.78624 0.23561 -0.57124
vn 0.6872 0.2356 -0.6872
vn 0.78624 0.23561 -0.57124
vn 0.86593 0.23559 -0.44121
vn 0.92428 0.23561 -0.30032
vn 0.86593 0.2356 -0.44121
vn 0.92428 0.23561 -0.30032
vn 0.95989 0.23559 -0.15203
vn 0.97185 0.23561 0
vn 0.95989 0.2356 -0.15203
vn 0.97185 0.23561 -0
vn 0.95989 0.23559 0.15203
vn 0.92428 0.23561 0.30032
vn 0.95989 0.2356 0.15203
vn 0.92428 0.23561 0.30032
vn 0.86593 0.2356 0.44121
vn 0.86593 0.2356 0.44121
vn -0.70648 -0.04213 -0.70648
vn -0.58726 -0.04206 -0.8083
vn -0.8083 -0.04206 -0.58727
vn -0.45358 -0.04213 -0.89022
vn -0.30874 -0.04206 -0.95022
vn -0.1563 -0.04213 -0.98681
vn -0 -0.04206 -0.99912
vn 0.1563 -0.04213 -0.98681
vn 0.30874 -0.04206 -0.95022
vn 0.45358 -0.04213 -0.89022
vn 0.58726 -0.04206 -0.8083
vn 0.70648 -0.04213 -0.70648
vn 0.8083 -0.04206 -0.58727
vn 0.89022 -0.04213 -0.45359
vn 0.95021 -0.04206 -0.30874
vn 0.98681 -0.04213 -0.1563
vn 0.99912 -0.04206 -0
vn 0.98681 -0.04213 0.1563
vn 0.95021 -0.04206 0.30874
vn 0.89022 -0.04213 0.45359
vn 0.8083 -0.04206 0.58727
vn 0.70648 -0.04213 0.70648
vn 0.58726 -0.04206 0.8083
vn 0.45358 -0.04213 0.89022
vn 0.30874 -0.04206 0.95022
vn 0.1563 -0.04213 0.98681
vn 0 -0.04206 0.99912
vn -0.1563 -0.04213 0.98681
vn -0.30874 -0.04206 0.95022
vn -0.45358 -0.04213 0.89022
vn -0.58726 -0.04206 0.8083
vn -0.70648 -0.04213 0.70648
vn -0.8083 -0.04206 0.58727
vn -0.89022 -0.04213 0.45359
vn -0.95022 -0.04206 0.30874
vn -0.98681 -0.04213 0.1563
vn -0.99912 -0.04206 0
vn -0.98681 -0.04213 -0.1563
vn -0.95021 -0.04206 -0.30875
vn -0.89021 -0.04213 -0.45359
vn 0.68722 -0.2355 0.68722
vn 0.57125 -0.23551 0.78626
vn 0.78626 -0.23551 0.57125
vn 0.44122 -0.2355 0.86595
vn 0.30032 -0.23551 0.9243
vn 0.15204 -0.2355 0.95991
vn -0 -0.23551 0.97187
vn -0.15204 -0.2355 0.95991
vn -0.30032 -0.23551 0.9243
vn -0.44122 -0.2355 0.86595
vn -0.57125 -0.23551 0.78626
vn -0.68722 -0.2355 0.68722
vn -0.78626 -0.23551 0.57125
vn -0.86595 -0.2355 0.44122
vn -0.9243 -0.23551 0.30032
vn -0.95991 -0.2355 0.15203
vn -0.97187 -0.23551 -0
vn -0.95991 -0.2355 -0.15204
vn -0.9243 -0.23551 -0.30032
vn -0.86595 -0.2355 -0.44122
vn -0.78626 -0.23551 -0.57125
vn -0.68722 -0.2355 -0.68722
vn -0.57125 -0.23551 -0.78626
vn -0.44122 -0.2355 -0.86595
vn -0.30032 -0.23551 -0.9243
vn -0.15204 -0.2355 -0.95991
vn -0 -0.23551 -0.97187
vn 0.15204 -0.2355 -0.95991
vn 0.30032 -0.23551 -0.9243
vn 0.44122 -0.2355 -0.86595
vn 0.57125 -0.23551 -0.78626
vn 0.68722 -0.2355 -0.68722
vn 0.78626 -0.23551 -0.57125
vn 0.86595 -0.2355 -0.44122
vn 0.9243 -0.23551 -0.30032
vn 0.95991 -0.2355 -0.15204
vn 0.97187 -0.23551 0
vn 0.95991 -0.2355 0.15204
vn 0.9243 -0.23551 0.30032
vn 0.86595 -0.2355 0.44122
vn 0.94283 0.29796 0.14933
vn 0.90786 0.29794 0.29498
vn 0.95459 0.29794 -0
vn 0.85054 0.29795 0.43337
vn 0.77228 0.29794 0.56109
vn 0.67499 0.29795 0.67499
vn 0.56109 0.29794 0.77228
vn 0.43337 0.29795 0.85054
vn 0.29498 0.29794 0.90786
vn 0.14933 0.29796 0.94283
vn -0 0.29794 0.95459
vn -0.14933 0.29796 0.94283
vn -0.29498 0.29794 0.90786
vn -0.43337 0.29795 0.85054
vn -0.56109 0.29794 0.77228
vn -0.67499 0.29795 0.67499
vn -0.77228 0.29794 0.56109
vn -0.85054 0.29795 0.43337
vn -0.90786 0.29794 0.29498
vn -0.94283 0.29795 0.14933
vn -0.95459 0.29794 -0
vn -0.94283 0.29795 -0.14933
vn -0.90787 0.29794 -0.29498
vn -0.85054 0.29795 -0.43337
vn -0.77228 0.29794 -0.56109
vn -0.67499 0.29795 -0.67499
vn -0.56109 0.29794 -0.77228
vn -0.43337 0.29795 -0.85054
vn -0.29498 0.29794 -0.90786
vn -0.14933 0.29795 -0.94283
vn 0 0.29794 -0.95459
vn 0.14933 0.29795 -0.94283
vn 0.29498 0.29794 -0.90787
vn 0.43337 0.29795 -0.85054
vn 0.56109 0.29794 -0.77228
vn 0.67499 0.29795 -0.67499
vn 0.77228 0.29794 -0.56109
vn 0.85054 0.29795 -0.43337
vn 0.90786 0.29794 -0.29498
vn 0.94283 0.29795 -0.14933
vn 0.88962 -0.05573 -0.45328
vn 0.94976 -0.05573 -0.30799
vn 0.80742 -0.05573 -0.58734
vn 0.98597 -0.05574 -0.15731
vn 0.99844 -0.05578 -0.00166
vn 0.98623 -0.05578 0.15566
vn 0.94958 -0.05579 0.30854
vn 0.88962 -0.05578 0.45328
vn 0.80776 -0.05579 0.58687
vn 0.70601 -0.05578 0.70601
vn 0.58687 -0.05579 0.80776
vn 0.45328 -0.05578 0.88962
vn 0.30854 -0.05579 0.94958
vn 0.15619 -0.05578 0.98615
vn 0 -0.05579 0.99844
vn -0.15619 -0.05578 0.98615
vn -0.30854 -0.05579 0.94958
vn -0.45328 -0.05578 0.88962
vn -0.58687 -0.05579 0.80776
vn -0.70601 -0.05578 0.70601
vn -0.80776 -0.05579 0.58687
vn -0.88962 -0.05578 0.45328
vn -0.94958 -0.05579 0.30854
vn -0.98615 -0.05578 0.15619
vn -0.99844 -0.05579 0
vn -0.98615 -0.05578 -0.15619
vn -0.94958 -0.05579 -0.30854
vn -0.88962 -0.05578 -0.45328
vn -0.80776 -0.05579 -0.58687
vn -0.70601 -0.05578 -0.70601
vn -0.58687 -0.05579 -0.80776
vn -0.45328 -0.05578 -0.88962
vn -0.30854 -0.05579 -0.94958
vn -0.15619 -0.05578 -0.98615
vn -0 -0.05579 -0.99844
vn 0.15619 -0.05578 -0.98615
vn 0.30854 -0.05579 -0.94958
vn 0.45376 -0.05578 -0.88937
vn 0.58822 -0.05578 -0.80678
vn 0.70681 -0.05574 -0.7052
vt 0.375 0.6875
vt 0.38125 0.6875
vt 0.38125 0.49953
vt 0.375 0.49953
vt 0.3875 0.6875
vt 0.3875 0.49953
vt 0.3875 0.31156
vt 0.38125 0.31156
vt 0.375 0.31156
vt 0.39375 0.6875
vt 0.39375 0.49953
vt 0.4 0.6875
vt 0.4 0.49953
vt 0.4 0.31156
vt 0.39375 0.31156
vt 0.40625 0.6875
vt 0.40625 0.49953
vt 0.4125 0.6875
vt 0.4125 0.49953
vt 0.4125 0.31156
vt 0.40625 0.31156
vt 0.41875 0.6875
vt 0.41875 0.49953
vt 0.425 0.6875
vt 0.425 0.49953
vt 0.425 0.31156
vt 0.41875 0.31156
vt 0.43125 0.6875
vt 0.43125 0.49953
vt 0.4375 0.6875
vt 0.4375 0.49953
vt 0.4375 0.31156
vt 0.43125 0.31156
vt 0.44375 0.6875
vt 0.44375 0.49953
vt 0.45 0.6875
vt 0.45 0.49953
vt 0.45 0.31156
vt 0.44375 0.31156
vt 0.45625 0.6875
vt 0.45625 0.49953
vt 0.4625 0.6875
vt 0.4625 0.49953
vt 0.4625 0.31156
vt 0.45625 0.31156
vt 0.46875 0.6875
vt 0.46875 0.49953
vt 0.475 0.6875
vt 0.475 0.49953
vt 0.475 0.31156
vt 0.46875 0.31156
vt 0.48125 0.6875
vt 0.48125 0.49953
vt 0.4875 0.6875
vt 0.4875 0.49953
vt 0.4875 0.31156
vt 0.48125 0.31156
vt 0.49375 0.6875
vt 0.49375 0.49953
vt 0.5 0.6875
vt 0.5 0.49953
vt 0.5 0.31156
vt 0.49375 0.31156
vt 0.50625 0.6875
vt 0.50625 0.49953
vt 0.5125 0.6875
vt 0.5125 0.49953
vt 0.5125 0.31156
vt 0.50625 0.31156
vt 0.51875 0.6875
vt 0.51875 0.49953
vt 0.525 0.6875
vt 0.525 0.49953
vt 0.525 0.31156
vt 0.51875 0.31156
vt 0.53125 0.6875
vt 0.53125 0.49953
vt 0.5375 0.6875
vt 0.5375 0.49953
vt 0.5375 0.31156
vt 0.53125 0.31156
vt 0.54375 0.6875
vt 0.54375 0.49953
vt 0.55 0.6875
vt 0.55 0.49953
vt 0.55 0.31156
vt 0.54375 0.31156
vt 0.55625 0.6875
vt 0.55625 0.49953
vt 0.5625 0.6875
vt 0.5625 0.49953
vt 0.5625 0.31156
vt 0.55625 0.31156
vt 0.56875 0.6875
vt 0.56875 0.49953
vt 0.575 0.6875
vt 0.575 0.49953
vt 0.575 0.31156
vt 0.56875 0.31156
vt 0.58125 0.6875
vt 0.58125 0.49953
vt 0.5875 0.6875
vt 0.5875 0.49953
vt 0.5875 0.31156
vt 0.58125 0.31156
vt 0.59375 0.6875
vt 0.59375 0.49953
vt 0.6 0.6875
vt 0.6 0.49953
vt 0.6 0.31156
vt 0.59375 0.31156
vt 0.60625 0.6875
vt 0.60625 0.49953
vt 0.6125 0.6875
vt 0.6125 0.49953
vt 0.6125 0.31156
vt 0.60625 0.31156
vt 0.61875 0.6875
vt 0.61875 0.49953
vt 0.625 0.6875
vt 0.625 0.49953
vt 0.625 0.31156
vt 0.61875 0.31156
vt 0 1
vt 0.5 1
vt 0.5 0.5
vt 0 0.5
vt 1 1
vt 1 0.5
vt 1 0
vt 0.5 0
vt 0 0
vt 0.5 0.66957
vt 0 0.66957
vt 1 0.66957
vt 1 0.33913
vt 0.5 0.37935
vt 0 0.33913
vt 0.5 0.72725
vt 0 0.72725
vt 1 0.72725
vt 1 0.45449
vt 0.5 0.46722
vt 0 0.45449
vt 0.5 0.60525
vt 0 0.60525
vt 1 0.60525
vt 1 0.21051
vt 0.5 0.28288
vt 0 0.21051
vt 0.5 0.77196
vt 0 0.77196
vt 1 0.77196
vt 1 0.54391
vt 0.5 0.53294
vt 0 0.54391
vt 0.5 0.23265
vt 0 0.23265
vt 1 0.23265
vt 1 0.01081
vt 0.5 0.06492
vt 0 0.01081
vt 0.5 0.10525
vt 0 0.10525
vt 1 0.10525
vt 0.5 0.27196
vt 0 0.27196
vt 1 0.27196
vt 0.5 0.0054
vt 0 0.0054
vt 1 0.0054
vt 0.5 0.16957
vt 0 0.16957
vt 1 0.16957
usemtl mat0
f 1/1/1 2/2/2 3/3/3
f 1/1/1 3/3/3 4/4/4
f 2/2/2 5/5/5 6/6/6
f 2/2/2 6/6/6 3/3/3
f 3/3/3 6/6/6 7/7/7
f 3/3/3 7/7/7 8/8/8
f 4/4/4 3/3/3 8/8/8
f 4/4/4 8/8/8 9/9/9
f 5/5/5 10/10/10 11/11/11
f 5/5/5 11/11/11 6/6/6
f 10/10/10 12/12/12 13/13/13
f 10/10/10 13/13/13 11/11/11
f 11/11/11 13/13/13 14/14/14
f 11/11/11 14/14/14 15/15/15
f 6/6/6 11/11/11 15/15/15
f 6/6/6 15/15/15 7/7/7
f 12/12/12 16/16/16 17/17/17
f 12/12/12 17/17/17 13/13/13
f 16/16/16 18/18/18 19/19/19
f 16/16/16 19/19/19 17/17/17
f 17/17/17 19/19/19 20/20/20
f 17/17/17 20/20/20 21/21/21
f 13/13/13 17/17/17 21/21/21
f 13/13/13 21/21/21 14/14/14
f 18/18/18 22/22/22 23/23/23
f 18/18/18 23/23/23 19/19/19
f 22/22/22 24/24/24 25/25/25
f 22/22/22 25/25/25 23/23/23
f 23/23/23 25/25/25 26/26/26
f 23/23/23 26/26/26 27/27/27
f 19/19/19 23/23/23 27/27/27
f 19/19/19 27/27/27 20/20/20
f 24/24/24 28/28/28 29/29/29
f 24/24/24 29/29/29 25/25/25
f 28/28/28 30/30/30 31/31/31
f 28/28/28 31/31/31 29/29/29
f 29/29/29 31/31/31 32/32/32
f 29/29/29 32/32/32 33/33/33
f 25/25/25 29/29/29 33/33/33
f 25/25/25 33/33/33 26/26/26
f 30/30/30 34/34/34 35/35/35
f 30/30/30 35/35/35 31/31/31
f 34/34/34 36/36/36 37/37/37
f 34/34/34 37/37/37 35/35/35
f 35/35/35 37/37/37 38/38/38
f 35/35/35 38/38/38 39/39/39
f 31/31/31 35/35/35 39/39/39
f 31/31/31 39/39/39 32/32/32
f 36/36/36 40/40/40 41/41/41
f 36/36/36 41/41/41 37/37/37
f 40/40/40 42/42/42 43/43/43
f 40/40/40 43/43/43 41/41/41
f 41/41/41 43/43/43 44/44/44
f 41/41/41 44/44/44 45/45/45
f 37/37/37 41/41/41 45/45/45
f 37/37/37 45/45/45 38/38/38
f 42/42/42 46/46/46 47/47/47
f 42/42/42 47/47/47 43/43/43
f 46/46/46 48/48/48 49/49/49
f 46/46/46 49/49/49 47/47/47
f 47/47/47 49/49/49 50/50/50
f 47/47/47 50/50/50 51/51/51
f 43/43/43 47/47/47 51/51/51
f 43/43/43 51/51/51 44/44/44
f 48/48/48 52/52/52 53/53/53
f 48/48/48 53/53/53 49/49/49
f 52/52/52 54/54/54 55/55/55
f 52/52/52 55/55/55 53/53/53
f 53/53/53 55/55/55 56/56/56
f 53/53/53 56/56/56 57/57/57
f 49/49/49 53/53/53 57/57/57
f 49/49/49 57/57/57 50/50/50
f 54/54/54 58/58/58 59/59/59
f 54/54/54 59/59/59 55/55/55
f 58/58/58 60/60/60 61/61/61
f 58/58/58 61/61/61 59/59/59
f 59/59/59 61/61/61 62/62/62
f 59/59/59 62/62/62 63/63/63
f 55/55/55 59/59/59 63/63/63
f 55/55/55 63/63/63 56/56/56
f 60/60/60 64/64/64 65/65/65
f 60/60/60 65/65/65 61/61/61
f 64/64/64 66/66/66 67/67/67
f 64/64/64 67/67/67 65/65/65
f 65/65/65 67/67/67 68/68/68
f 65/65/65 68/68/68 69/69/69
f 61/61/61 65/65/65 69/69/69
f 61/61/61 69/69/69 62/62/62
f 66/66/66 70/70/70 71/71/71
f 66/66/66 71/71/71 67/67/67
f 70/70/70 72/72/72 73/73/73
f 70/70/70 73/73/73 71/71/71
f 71/71/71 73/73/73 74/74/74
f 71/71/71 74/74/74 75/75/75
f 67/67/67 71/71/71 75/75/75
f 67/67/67 75/75/75 68/68/68
f 72/72/72 76/76/76 77/77/77
f 72/72/72 77/77/77 73/73/73
f 76/76/76 78/78/78 79/79/79
f 76/76/76 79/79/79 77/77/77
f 77/77/77 79/79/79 80/80/80
f 77/77/77 80/80/80 81/81/81
f 73/73/73 77/77/77 81/81/81
f 73/73/73 81/81/81 74/74/74
f 78/78/78 82/82/82 83/83/83
f 78/78/78 83/83/83 79/79/79
f 82/82/82 84/84/84 85/85/85
f 82/82/82 85/85/85 83/83/83
f 83/83/83 85/85/85 86/86/86
f 83/83/83 86/86/86 87/87/87
f 79/79/79 83/83/83 87/87/87
f 79/79/79 87/87/87 80/80/80
f 84/84/84 88/88/88 89/89/89
f 84/84/84 89/89/89 85/85/85
f 88/88/88 90/90/90 91/91/91
f 88/88/88 91/91/91 89/89/89
f 89/89/89 91/91/91 92/92/92
f 89/89/89 92/92/92 93/93/93
f 85/85/85 89/89/89 93/93/93
f 85/85/85 93/93/93 86/86/86
f 90/90/90 94/94/94 95/95/95
f 90/90/90 95/95/95 91/91/91
f 94/94/94 96/96/96 97/97/97
f 94/94/94 97/97/97 95/95/95
f 95/95/95 97/97/97 98/98/98
f 95/95/95 98/98/98 99/99/99
f 91/91/91 95/95/95 99/99/99
f 91/91/91 99/99/99 92/92/92
f 96/96/96 100/100/100 101/101/101
f 96/96/96 101/101/101 97/97/97
f 100/100/100 102/102/102 103/103/103
f 100/100/100 103/103/103 101/101/101
f 101/101/101 103/103/103 104/104/104
f 101/101/101 104/104/104 105/105/105
f 97/97/97 101/101/101 105/105/105
f 97/97/97 105/105/105 98/98/98
f 102/102/102 106/106/106 107/107/107
f 102/102/102 107/107/107 103/103/103
f 106/106/106 108/108/108 109/109/109
f 106/106/106 109/109/109 107/107/107
f 107/107/107 109/109/109 110/110/110
f 107/107/107 110/110/110 111/111/111
f 103/103/103 107/107/107 111/111/111
f 103/103/103 111/111/111 104/104/104
f 108/108/108 112/112/112 113/113/113
f 108/108/108 113/113/113 109/109/109
f 112/112/112 114/114/114 115/115/115
f 112/112/112 115/115/115 113/113/113
f 113/113/113 115/115/115 116/116/116
f 113/113/113 116/116/116 117/117/117
f 109/109/109 113/113/113 117/117/117
f 109/109/109 117/117/117 110/110/110
f 114/114/114 118/118/118 119/119/119
f 114/114/114 119/119/119 115/115/115
f 118/118/118 120/120/1 121/121/4
f 118/118/118 121/121/4 119/119/119
f 119/119/119 121/121/4 122/122/9
f 119/119/119 122/122/9 123/123/120
f 115/115/115 119/119/119 123/123/120
f 115/115/115 123/123/120 116/116/116
f 124/124/5 125/125/2 126/126/121
f 124/124/5 126/126/121 127/127/122
f 125/125/2 128/128/1 129/129/123
f 125/125/2 129/129/123 126/126/121
f 126/126/121 129/129/123 130/130/124
f 126/126/121 130/130/124 131/131/125
f 127/127/122 126/126/121 131/131/125
f 127/127/122 131/131/125 132/132/126
f 133/124/12 134/125/10 135/126/127
f 133/124/12 135/126/127 136/127/128
f 134/125/10 137/128/5 138/129/122
f 134/125/10 138/129/122 135/126/127
f 135/126/127 138/129/122 139/130/126
f 135/126/127 139/130/126 140/131/129
f 136/127/128 135/126/127 140/131/129
f 136/127/128 140/131/129 141/132/130
f 142/124/18 143/125/16 144/126/131
f 142/124/18 144/126/131 145/127/132
f 143/125/16 146/128/12 147/129/128
f 143/125/16 147/129/128 144/126/131
f 144/126/131 147/129/128 148/130/130
f 144/126/131 148/130/130 149/131/133
f 145/127/132 144/126/131 149/131/133
f 145/127/132 149/131/133 150/132/134
f 151/124/24 152/125/22 153/126/135
f 151/124/24 153/126/135 154/127/136
f 152/125/22 155/128/18 156/129/132
f 152/125/22 156/129/132 153/126/135
f 153/126/135 156/129/132 157/130/134
f 153/126/135 157/130/134 158/131/137
f 154/127/136 153/126/135 158/131/137
f 154/127/136 158/131/137 159/132/138
f 160/124/30 161/125/28 162/126/139
f 160/124/30 162/126/139 163/127/140
f 161/125/28 164/128/24 165/129/136
f 161/125/28 165/129/136 162/126/139
f 162/126/139 165/129/136 166/130/138
f 162/126/139 166/130/138 167/131/141
f 163/127/140 162/126/139 167/131/141
f 163/127/140 167/131/141 168/132/142
f 169/124/36 170/125/34 171/126/143
f 169/124/36 171/126/143 172/127/144
f 170/125/34 173/128/30 174/129/140
f 170/125/34 174/129/140 171/126/143
f 171/126/143 174/129/140 175/130/142
f 171/126/143 175/130/142 176/131/145
f 172/127/144 171/126/143 176/131/145
f 172/127/144 176/131/145 177/132/146
f 178/124/42 179/125/40 180/126/147
f 178/124/42 180/126/147 181/127/148
f 179/125/40 182/128/36 183/129/144
f 179/125/40 183/129/144 180/126/147
f 180/126/147 183/129/144 184/130/146
f 180/126/147 184/130/146 185/131/149
f 181/127/148 180/126/147 185/131/149
f 181/127/148 185/131/149 186/132/150
f 187/124/48 188/125/46 189/126/151
f 187/124/48 189/126/151 190/127/152
f 188/125/46 191/128/42 192/129/148
f 188/125/46 192/129/148 189/126/151
f 189/126/151 192/129/148 193/130/150
f 189/126/151 193/130/150 194/131/153
f 190/127/152 189/126/151 194/131/153
f 190/127/152 194/131/153 195/132/154
f 196/124/54 197/125/52 198/126/155
f 196/124/54 198/126/155 199/127/156
f 197/125/52 200/128/48 201/129/152
f 197/125/52 201/129/152 198/126/155
f 198/126/155 201/129/152 202/130/154
f 198/126/155 202/130/154 203/131/157
f 199/127/156 198/126/155 203/131/157
f 199/127/156 203/131/157 204/132/158
f 205/124/60 206/125/58 207/126/159
f 205/124/60 207/126/159 208/127/160
f 206/125/58 209/128/54 210/129/156
f 206/125/58 210/129/156 207/126/159
f 207/126/159 210/129/156 211/130/158
f 207/126/159 211/130/158 212/131/161
f 208/127/160 207/126/159 212/131/161
f 208/127/160 212/131/161 213/132/162
f 214/124/66 215/125/64 216/126/163
f 214/124/66 216/126/163 217/127/164
f 215/125/64 218/128/60 219/129/160
f 215/125/64 219/129/160 216/126/163
f 216/126/163 219/129/160 220/130/162
f 216/126/163 220/130/162 221/131/165
f 217/127/164 216/126/163 221/131/165
f 217/127/164 221/131/165 222/132/166
f 223/124/72 224/125/70 225/126/167
f 223/124/72 225/126/167 226/127/168
f 224/125/70 227/128/66 228/129/164
f 224/125/70 228/129/164 225/126/167
f 225/126/167 228/129/164 229/130/166
f 225/126/167 229/130/166 230/131/169
f 226/127/168 225/126/167 230/131/169
f 226/127/168 230/131/169 231/132/170
f 232/124/78 233/125/76 234/126/171
f 232/124/78 234/126/171 235/127/172
f 233/125/76 236/128/72 237/129/168
f 233/125/76 237/129/168 234/126/171
f 234/126/171 237/129/168 238/130/170
f 234/126/171 238/130/170 239/131/173
f 235/127/172 234/126/171 239/131/173
f 235/127/172 239/131/173 240/132/174
f 241/124/84 242/125/82 243/126/175
f 241/124/84 243/126/175 244/127/176
f 242/125/82 245/128/78 246/129/172
f 242/125/82 246/129/172 243/126/175
f 243/126/175 246/129/172 247/130/174
f 243/126/175 247/130/174 248/131/177
f 244/127/176 243/126/175 248/131/177
f 244/127/176 248/131/177 249/132/178
f 250/124/90 251/125/88 252/126/179
f 250/124/90 252/126/179 253/127/180
f 251/125/88 254/128/84 255/129/176
f 251/125/88 255/129/176 252/126/179
f 252/126/179 255/129/176 256/130/178
f 252/126/179 256/130/178 257/131/181
f 253/127/180 252/126/179 257/131/181
f 253/127/180 257/131/181 258/132/182
f 259/124/96 260/125/94 261/126/183
f 259/124/96 261/126/183 262/127/184
f 260/125/94 263/128/90 264/129/180
f 260/125/94 264/129/180 261/126/183
f 261/126/183 264/129/180 265/130/182
f 261/126/183 265/130/182 266/131/185
f 262/127/184 261/126/183 266/131/185
f 262/127/184 266/131/185 267/132/186
f 268/124/102 269/125/100 270/126/187
f 268/124/102 270/126/187 271/127/188
f 269/125/100 272/128/96 273/129/184
f 269/125/100 273/129/184 270/126/187
f 270/126/187 273/129/184 274/130/186
f 270/126/187 274/130/186 275/131/189
f 271/127/188 270/126/187 275/131/189
f 271/127/188 275/131/189 276/132/190
f 277/124/108 278/125/106 279/126/191
f 277/124/108 279/126/191 280/127/192
f 278/125/106 281/128/102 282/129/188
f 278/125/106 282/129/188 279/126/191
f 279/126/191 282/129/188 283/130/190
f 279/126/191 283/130/190 284/131/193
f 280/127/192 279/126/191 284/131/193
f 280/127/192 284/131/193 285/132/194
f 286/124/114 287/125/112 288/126/195
f 286/124/114 288/126/195 289/127/196
f 287/125/112 290/128/108 291/129/192
f 287/125/112 291/129/192 288/126/195
f 288/126/195 291/129/192 292/130/194
f 288/126/195 292/130/194 293/131/197
f 289/127/196 288/126/195 293/131/197
f 289/127/196 293/131/197 294/132/198
f 295/124/1 296/125/118 297/126/199
f 295/124/1 297/126/199 298/127/123
f 296/125/118 299/128/114 300/129/196
f 296/125/118 300/129/196 297/126/199
f 297/126/199 300/129/196 301/130/198
f 297/126/199 301/130/198 302/131/200
f 298/127/123 297/126/199 302/131/200
f 298/127/123 302/131/200 303/132/124
f 304/124/126 305/125/125 306/126/201
f 304/124/126 306/126/201 307/127/202
f 305/125/125 308/128/124 309/129/203
f 305/125/125 309/129/203 306/126/201
f 306/126/201 309/129/203 310/130/204
f 306/126/201 310/130/204 311/131/205
f 307/127/202 306/126/201 311/131/205
f 307/127/202 311/131/205 312/132/206
f 313/124/130 314/125/129 315/126/207
f 313/124/130 315/126/207 316/127/208
f 314/125/129 317/128/126 318/129/202
f 314/125/129 318/129/202 315/126/207
f 315/126/207 318/129/202 319/130/206
f 315/126/207 319/130/206 320/131/209
f 316/127/208 315/126/207 320/131/209
f 316/127/208 320/131/209 321/132/210
f 322/124/134 323/125/133 324/126/211
f 322/124/134 324/126/211 325/127/212
f 323/125/133 326/128/130 327/129/208
f 323/125/133 327/129/208 324/126/211
f 324/126/211 327/129/208 328/130/210
f 324/126/211 328/130/210 329/131/213
f 325/127/212 324/126/211 329/131/213
f 325/127/212 329/131/213 330/132/214
f 331/124/138 332/125/137 333/126/215
f 331/124/138 333/126/215 334/127/216
f 332/125/137 335/128/134 336/129/212
f 332/125/137 336/129/212 333/126/215
f 333/126/215 336/129/212 337/130/214
f 333/126/215 337/130/214 338/131/217
f 334/127/216 333/126/215 338/131/217
f 334/127/216 338/131/217 339/132/218
f 340/124/142 341/125/141 342/126/219
f 340/124/142 342/126/219 343/127/220
f 341/125/141 344/128/138 345/129/216
f 341/125/141 345/129/216 342/126/219
f 342/126/219 345/129/216 346/130/218
f 342/126/219 346/130/218 347/131/221
f 343/127/220 342/126/219 347/131/221
f 343/127/220 347/131/221 348/132/222
f 349/124/146 350/125/145 351/126/223
f 349/124/146 351/126/223 352/127/224
f 350/125/145 353/128/142 354/129/220
f 350/125/145 354/129/220 351/126/223
f 351/126/223 354/129/220 355/130/222
f 351/126/223 355/130/222 356/131/225
f 352/127/224 351/126/223 356/131/225
f 352/127/224 356/131/225 357/132/226
f 358/124/150 359/125/149 360/126/227
f 358/124/150 360/126/227 361/127/228
f 359/125/149 362/128/146 363/129/224
f 359/125/149 363/129/224 360/126/227
f 360/126/227 363/129/224 364/130/226
f 360/126/227 364/130/226 365/131/229
f 361/127/228 360/126/227 365/131/229
f 361/127/228 365/131/229 366/132/230
f 367/124/154 368/125/153 369/126/231
f 367/124/154 369/126/231 370/127/232
f 368/125/153 371/128/150 372/129/228
f 368/125/153 372/129/228 369/126/231
f 369/126/231 372/129/228 373/130/230
f 369/126/231 373/130/230 374/131/233
f 370/127/232 369/126/231 374/131/233
f 370/127/232 374/131/233 375/132/234
f 376/124/158 377/125/157 378/126/235
f 376/124/158 378/126/235 379/127/236
f 377/125/157 380/128/154 381/129/232
f 377/125/157 381/129/232 378/126/235
f 378/126/235 381/129/232 382/130/234
f 378/126/235 382/130/234 383/131/237
f 379/127/236 378/126/235 383/131/237
f 379/127/236 383/131/237 384/132/238
f 385/124/162 386/125/161 387/126/239
f 385/124/162 387/126/239 388/127/240
f 386/125/161 389/128/158 390/129/236
f 386/125/161 390/129/236 387/126/239
f 387/126/239 390/129/236 391/130/238
f 387/126/239 391/130/238 392/131/241
f 388/127/240 387/126/239 392/131/241
f 388/127/240 392/131/241 393/132/242
f 394/124/166 395/125/165 396/126/243
f 394/124/166 396/126/243 397/127/244
f 395/125/165 398/128/162 399/129/240
f 395/125/165 399/129/240 396/126/243
f 396/126/243 399/129/240 400/130/242
f 396/126/243 400/130/242 401/131/245
f 397/127/244 396/126/243 401/131/245
f 397/127/244 401/131/245 402/132/246
f 403/124/170 404/125/169 405/126/247
f 403/124/170 405/126/247 406/127/248
f 404/125/169 407/128/166 408/129/244
f 404/125/169 408/129/244 405/126/247
f 405/126/247 408/129/244 409/130/246
f 405/126/247 409/130/246 410/131/249
f 406/127/248 405/126/247 410/131/249
f 406/127/248 410/131/249 411/132/250
f 412/124/174 413/125/173 414/126/251
f 412/124/174 414/126/251 415/127/252
f 413/125/173 416/128/170 417/129/248
f 413/125/173 417/129/248 414/126/251
f 414/126/251 417/129/248 418/130/250
f 414/126/251 418/130/250 419/131/253
f 415/127/252 414/126/251 419/131/253
f 415/127/252 419/131/253 420/132/254
f 421/124/178 422/125/177 423/126/255
f 421/124/178 423/126/255 424/127/256
f 422/125/177 425/128/174 426/129/252
f 422/125/177 426/129/252 423/126/255
f 423/126/255 426/129/252 427/130/254
f 423/126/255 427/130/254 428/131/257
f 424/127/256 423/126/255 428/131/257
f 424/127/256 428/131/257 429/132/258
f 430/124/182 431/125/181 432/126/259
f 430/124/182 432/126/259 433/127/260
f 431/125/181 434/128/178 435/129/256
f 431/125/181 435/129/256 432/126/259
f 432/126/259 435/129/256 436/130/258
f 432/126/259 436/130/258 437/131/261
f 433/127/260 432/126/259 437/131/261
f 433/127/260 437/131/261 438/132/262
f 439/124/186 440/125/185 441/126/263
f 439/124/186 441/126/263 442/127/264
f 440/125/185 443/128/182 444/129/260
f 440/125/185 444/129/260 441/126/263
f 441/126/263 444/129/260 445/130/262
f 441/126/263 445/130/262 446/131/265
f 442/127/264 441/126/263 446/131/265
f 442/127/264 446/131/265 447/132/266
f 448/124/190 449/125/189 450/126/267
f 448/124/190 450/126/267 451/127/268
f 449/125/189 452/128/186 453/129/264
f 449/125/189 453/129/264 450/126/267
f 450/126/267 453/129/264 454/130/266
f 450/126/267 454/130/266 455/131/269
f 451/127/268 450/126/267 455/131/269
f 451/127/268 455/131/269 456/132/270
f 457/124/194 458/125/193 459/126/271
f 457/124/194 459/126/271 460/127/272
f 458/125/193 461/128/190 462/129/268
f 458/125/193 462/129/268 459/126/271
f 459/126/271 462/129/268 463/130/270
f 459/126/271 463/130/270 464/131/273
f 460/127/272 459/126/271 464/131/273
f 460/127/272 464/131/273 465/132/274
f 466/124/198 467/125/197 468/126/275
f 466/124/198 468/126/275 469/127/276
f 467/125/197 470/128/194 471/129/272
f 467/125/197 471/129/272 468/126/275
f 468/126/275 471/129/272 472/130/274
f 468/126/275 472/130/274 473/131/277
f 469/127/276 468/126/275 473/131/277
f 469/127/276 473/131/277 474/132/278
f 475/124/124 476/125/200 477/126/279
f 475/124/124 477/126/279 478/127/203
f 476/125/200 479/128/198 480/129/276
f 476/125/200 480/129/276 477/126/279
f 477/126/279 480/129/276 481/130/278
f 477/126/279 481/130/278 482/131/280
f 478/127/203 477/126/279 482/131/280
f 478/127/203 482/131/280 483/132/204
f 484/124/206 485/125/205 486/126/281
f 484/124/206 486/126/281 487/127/282
f 485/125/205 488/128/204 489/129/283
f 485/125/205 489/129/283 486/126/281
f 486/126/281 489/129/283 490/130/284
f 486/126/281 490/130/284 491/131/285
f 487/127/282 486/126/281 491/131/285
f 487/127/282 491/131/285 492/132/286
f 493/124/210 494/125/209 495/126/287
f 493/124/210 495/126/287 496/127/288
f 494/125/209 497/128/206 498/129/282
f 494/125/209 498/129/282 495/126/287
f 495/126/287 498/129/282 499/130/286
f 495/126/287 499/130/286 500/131/289
f 496/127/288 495/126/287 500/131/289
f 496/127/288 500/131/289 501/132/290
f 502/124/214 503/125/213 504/126/291
f 502/124/214 504/126/291 505/127/292
f 503/125/213 506/128/210 507/129/288
f 503/125/213 507/129/288 504/126/291
f 504/126/291 507/129/288 508/130/290
f 504/126/291 508/130/290 509/131/293
f 505/127/292 504/126/291 509/131/293
f 505/127/292 509/131/293 510/132/294
f 511/124/218 512/125/217 513/126/295
f 511/124/218 513/126/295 514/127/296
f 512/125/217 515/128/214 516/129/292
f 512/125/217 516/129/292 513/126/295
f 513/126/295 516/129/292 517/130/294
f 513/126/295 517/130/294 518/131/297
f 514/127/296 513/126/295 518/131/297
f 514/127/296 518/131/297 519/132/298
f 520/124/222 521/125/221 522/126/299
f 520/124/222 522/126/299 523/127/300
f 521/125/221 524/128/218 525/129/296
f 521/125/221 525/129/296 522/126/299
f 522/126/299 525/129/296 526/130/298
f 522/126/299 526/130/298 527/131/301
f 523/127/300 522/126/299 527/131/301
f 523/127/300 527/131/301 528/132/302
f 529/124/226 530/125/225 531/126/303
f 529/124/226 531/126/303 532/127/304
f 530/125/225 533/128/222 534/129/300
f 530/125/225 534/129/300 531/126/303
f 531/126/303 534/129/300 535/130/302
f 531/126/303 535/130/302 536/131/305
f 532/127/304 531/126/303 536/131/305
f 532/127/304 536/131/305 537/132/306
f 538/124/230 539/125/229 540/126/307
f 538/124/230 540/126/307 541/127/308
f 539/125/229 542/128/226 543/129/304
f 539/125/229 543/129/304 540/126/307
f 540/126/307 543/129/304 544/130/306
f 540/126/307 544/130/306 545/131/309
f 541/127/308 540/126/307 545/131/309
f 541/127/308 545/131/309 546/132/310
f 547/124/234 548/125/233 549/126/311
f 547/124/234 549/126/311 550/127/312
f 548/125/233 551/128/230 552/129/308
f 548/125/233 552/129/308 549/126/311
f 549/126/311 552/129/308 553/130/310
f 549/126/311 553/130/310 554/131/313
f 550/127/312 549/126/311 554/131/313
f 550/127/312 554/131/313 555/132/314
f 556/124/238 557/125/237 558/126/315
f 556/124/238 558/126/315 559/127/316
f 557/125/237 560/128/234 561/129/312
f 557/125/237 561/129/312 558/126/315
f 558/126/315 561/129/312 562/130/314
f 558/126/315 562/130/314 563/131/317
f 559/127/316 558/126/315 563/131/317
f 559/127/316 563/131/317 564/132/318
f 565/124/242 566/125/241 567/126/319
f 565/124/242 567/126/319 568/127/320
f 566/125/241 569/128/238 570/129/316
f 566/125/241 570/129/316 567/126/319
f 567/126/319 570/129/316 571/130/318
f 567/126/319 571/130/318 572/131/321
f 568/127/320 567/126/319 572/131/321
f 568/127/320 572/131/321 573/132/322
f 574/124/246 575/125/245 576/126/323
f 574/124/246 576/126/323 577/127/324
f 575/125/245 578/128/242 579/129/320
f 575/125/245 579/129/320 576/126/323
f 576/126/323 579/129/320 580/130/322
f 576/126/323 580/130/322 581/131/325
f 577/127/324 576/126/323 581/131/325
f 577/127/324 581/131/325 582/132/326
f 583/124/250 584/125/249 585/126/327
f 583/124/250 585/126/327 586/127/328
f 584/125/249 587/128/246 588/129/324
f 584/125/249 588/129/324 585/126/327
f 585/126/327 588/129/324 589/130/326
f 585/126/327 589/130/326 590/131/329
f 586/127/328 585/126/327 590/131/329
f 586/127/328 590/131/329 591/132/330
f 592/124/254 593/125/253 594/126/331
f 592/124/254 594/126/331 595/127/332
f 593/125/253 596/128/250 597/129/328
f 593/125/253 597/129/328 594/126/331
f 594/126/331 597/129/328 598/130/330
f 594/126/331 598/130/330 599/131/333
f 595/127/332 594/126/331 599/131/333
f 595/127/332 599/131/333 600/132/334
f 601/124/258 602/125/257 603/126/335
f 601/124/258 603/126/335 604/127/336
f 602/125/257 605/128/254 606/129/332
f 602/125/257 606/129/332 603/126/335
f 603/126/335 606/129/332 607/130/334
f 603/126/335 607/130/334 608/131/337
f 604/127/336 603/126/335 608/131/337
f 604/127/336 608/131/337 609/132/338
f 610/124/262 611/125/261 612/126/339
f 610/124/262 612/126/339 613/127/340
f 611/125/261 614/128/258 615/129/336
f 611/125/261 615/129/336 612/126/339
f 612/126/339 615/129/336 616/130/338
f 612/126/339 616/130/338 617/131/341
f 613/127/340 612/126/339 617/131/341
f 613/127/340 617/131/341 618/132/342
f 619/124/266 620/125/265 621/126/343
f 619/124/266 621/126/343 622/127/344
f 620/125/265 623/128/262 624/129/340
f 620/125/265 624/129/340 621/126/343
f 621/126/343 624/129/340 625/130/342
f 621/126/343 625/130/342 626/131/345
f 622/127/344 621/126/343 626/131/345
f 622/127/344 626/131/345 627/132/346
f 628/124/270 629/125/269 630/126/347
f 628/124/270 630/126/347 631/127/348
f 629/125/269 632/128/266 633/129/344
f 629/125/269 633/129/344 630/126/347
f 630/126/347 633/129/344 634/130/346
f 630/126/347 634/130/346 635/131/349
f 631/127/348 630/126/347 635/131/349
f 631/127/348 635/131/349 636/132/350
f 637/124/274 638/125/273 639/126/351
f 637/124/274 639/126/351 640/127/352
f 638/125/273 641/128/270 642/129/348
f 638/125/273 642/129/348 639/126/351
f 639/126/351 642/129/348 643/130/350
f 639/126/351 643/130/350 644/131/353
f 640/127/352 639/126/351 644/131/353
f 640/127/352 644/131/353 645/132/354
f 646/124/278 647/125/277 648/126/355
f 646/124/278 648/126/355 649/127/356
f 647/125/277 650/128/274 651/129/352
f 647/125/277 651/129/352 648/126/355
f 648/126/355 651/129/352 652/130/354
f 648/126/355 652/130/354 653/131/357
f 649/127/356 648/126/355 653/131/357
f 649/127/356 653/131/357 654/132/358
f 655/124/204 656/125/280 657/126/359
f 655/124/204 657/126/359 658/127/283
f 656/125/280 659/128/278 660/129/356
f 656/125/280 660/129/356 657/126/359
f 657/126/359 660/129/356 661/130/358
f 657/126/359 661/130/358 662/131/360
f 658/127/283 657/126/359 662/131/360
f 658/127/283 662/131/360 663/132/284
f 664/124/286 665/125/285 666/126/361
f 664/124/286 666/126/361 667/127/362
f 665/125/285 668/128/284 669/129/363
f 665/125/285 669/129/363 666/126/361
f 666/126/361 669/129/363 670/130/364
f 666/126/361 670/130/364 671/131/365
f 667/127/362 666/126/361 671/131/365
f 667/127/362 671/131/365 672/132/366
f 673/124/290 674/125/289 675/126/367
f 673/124/290 675/126/367 676/127/368
f 674/125/289 677/128/286 678/129/362
f 674/125/289 678/129/362 675/126/367
f 675/126/367 678/129/362 679/130/366
f 675/126/367 679/130/366 680/131/369
f 676/127/368 675/126/367 680/131/369
f 676/127/368 680/131/369 681/132/370
f 682/124/294 683/125/293 684/126/371
f 682/124/294 684/126/371 685/127/372
f 683/125/293 686/128/290 687/129/368
f 683/125/293 687/129/368 684/126/371
f 684/126/371 687/129/368 688/130/370
f 684/126/371 688/130/370 689/131/373
f 685/127/372 684/126/371 689/131/373
f 685/127/372 689/131/373 690/132/374
f 691/124/298 692/125/297 693/126/375
f 691/124/298 693/126/375 694/127/376
f 692/125/297 695/128/294 696/129/372
f 692/125/297 696/129/372 693/126/375
f 693/126/375 696/129/372 697/130/374
f 693/126/375 697/130/374 698/131/377
f 694/127/376 693/126/375 698/131/377
f 694/127/376 698/131/377 699/132/378
f 700/124/302 701/125/301 702/126/379
f 700/124/302 702/126/379 703/127/380
f 701/125/301 704/128/298 705/129/376
f 701/125/301 705/129/376 702/126/379
f 702/126/379 705/129/376 706/130/378
f 702/126/379 706/130/378 707/131/381
f 703/127/380 702/126/379 707/131/381
f 703/127/380 707/131/381 708/132/382
f 709/124/306 710/125/305 711/126/383
f 709/124/306 711/126/383 712/127/384
f 710/125/305 713/128/302 714/129/380
f 710/125/305 714/129/380 711/126/383
f 711/126/383 714/129/380 715/130/382
f 711/126/383 715/130/382 716/131/385
f 712/127/384 711/126/383 716/131/385
f 712/127/384 716/131/385 717/132/386
f 718/124/310 719/125/309 720/126/387
f 718/124/310 720/126/387 721/127/388
f 719/125/309 722/128/306 723/129/384
f 719/125/309 723/129/384 720/126/387
f 720/126/387 723/129/384 724/130/386
f 720/126/387 724/130/386 725/131/389
f 721/127/388 720/126/387 725/131/389
f 721/127/388 725/131/389 726/132/390
f 727/124/314 728/125/313 729/126/391
f 727/124/314 729/126/391 730/127/392
f 728/125/313 731/128/310 732/129/388
f 728/125/313 732/129/388 729/126/391
f 729/126/391 732/129/388 733/130/390
f 729/126/391 733/130/390 734/131/393
f 730/127/392 729/126/391 734/131/393
f 730/127/392 734/131/393 735/132/394
f 736/124/318 737/125/317 738/126/395
f 736/124/318 738/126/395 739/127/396
f 737/125/317 740/128/314 741/129/392
f 737/125/317 741/129/392 738/126/395
f 738/126/395 741/129/392 742/130/394
f 738/126/395 742/130/394 743/131/397
f 739/127/396 738/126/395 743/131/397
f 739/127/396 743/131/397 744/132/398
f 745/124/322 746/125/321 747/126/399
f 745/124/322 747/126/399 748/127/400
f 746/125/321 749/128/318 750/129/396
f 746/125/321 750/129/396 747/126/399
f 747/126/399 750/129/396 751/130/398
f 747/126/399 751/130/398 752/131/401
f 748/127/400 747/126/399 752/131/401
f 748/127/400 752/131/401 753/132/402
f 754/124/326 755/125/325 756/126/403
f 754/124/326 756/126/403 757/127/404
f 755/125/325 758/128/322 759/129/400
f 755/125/325 759/129/400 756/126/403
f 756/126/403 759/129/400 760/130/402
f 756/126/403 760/130/402 761/131/405
f 757/127/404 756/126/403 761/131/405
f 757/127/404 761/131/405 762/132/406
f 763/124/330 764/125/329 765/126/407
f 763/124/330 765/126/407 766/127/408
f 764/125/329 767/128/326 768/129/404
f 764/125/329 768/129/404 765/126/407
f 765/126/407 768/129/404 769/130/406
f 765/126/407 769/130/406 770/131/409
f 766/127/408 765/126/407 770/131/409
f 766/127/408 770/131/409 771/132/410
f 772/124/334 773/125/333 774/126/411
f 772/124/334 774/126/411 775/127/412
f 773/125/333 776/128/330 777/129/408
f 773/125/333 777/129/408 774/126/411
f 774/126/411 777/129/408 778/130/410
f 774/126/411 778/130/410 779/131/413
f 775/127/412 774/126/411 779/131/413
f 775/127/412 779/131/413 780/132/414
f 781/124/338 782/125/337 783/126/415
f 781/124/338 783/126/415 784/127/416
f 782/125/337 785/128/334 786/129/412
f 782/125/337 786/129/412 783/126/415
f 783/126/415 786/129/412 787/130/414
f 783/126/415 787/130/414 788/131/417
f 784/127/416 783/126/415 788/131/417
f 784/127/416 788/131/417 789/132/418
f 790/124/342 791/125/341 792/126/419
f 790/124/342 792/126/419 793/127/420
f 791/125/341 794/128/338 795/129/416
f 791/125/341 795/129/416 792/126/419
f 792/126/419 795/129/416 796/130/418
f 792/126/419 796/130/418 797/131/421
f 793/127/420 792/126/419 797/131/421
f 793/127/420 797/131/421 798/132/422
f 799/124/346 800/125/345 801/126/423
f 799/124/346 801/126/423 802/127/424
f 800/125/345 803/128/342 804/129/420
f 800/125/345 804/129/420 801/126/423
f 801/126/423 804/129/420 805/130/422
f 801/126/423 805/130/422 806/131/425
f 802/127/424 801/126/423 806/131/425
f 802/127/424 806/131/425 807/132/426
f 808/124/350 809/125/349 810/126/427
f 808/124/350 810/126/427 811/127/428
f 809/125/349 812/128/346 813/129/424
f 809/125/349 813/129/424 810/126/427
f 810/126/427 813/129/424 814/130/426
f 810/126/427 814/130/426 815/131/429
f 811/127/428 810/126/427 815/131/429
f 811/127/428 815/131/429 816/132/430
f 817/124/354 818/125/353 819/126/431
f 817/124/354 819/126/431 820/127/432
f 818/125/353 821/128/350 822/129/428
f 818/125/353 822/129/428 819/126/431
f 819/126/431 822/129/428 823/130/430
f 819/126/431 823/130/430 824/131/433
f 820/127/432 819/126/431 824/131/433
f 820/127/432 824/131/433 825/132/434
f 826/124/358 827/125/357 828/126/435
f 826/124/358 828/126/435 829/127/436
f 827/125/357 830/128/354 831/129/432
f 827/125/357 831/129/432 828/126/435
f 828/126/435 831/129/432 832/130/434
f 828/126/435 832/130/434 833/131/437
f 829/127/436 828/126/435 833/131/437
f 829/127/436 833/131/437 834/132/438
f 835/124/284 836/125/360 837/126/439
f 835/124/284 837/126/439 838/127/363
f 836/125/360 839/128/358 840/129/436
f 836/125/360 840/129/436 837/126/439
f 837/126/439 840/129/436 841/130/438
f 837/126/439 841/130/438 842/131/440
f 838/127/363 837/126/439 842/131/440
f 838/127/363 842/131/440 843/132/364
f 844/124/366 845/125/365 846/126/441
f 844/124/366 846/126/441 847/127/442
f 845/125/365 848/128/364 849/129/443
f 845/125/365 849/129/443 846/126/441
f 846/126/441 849/129/443 850/130/444
f 846/126/441 850/130/444 851/131/445
f 847/127/442 846/126/441 851/131/445
f 847/127/442 851/131/445 852/132/446
f 853/124/370 854/125/369 855/126/447
f 853/124/370 855/126/447 856/127/448
f 854/125/369 857/128/366 858/129/442
f 854/125/369 858/129/442 855/126/447
f 855/126/447 858/129/442 859/130/446
f 855/126/447 859/130/446 860/131/449
f 856/127/448 855/126/447 860/131/449
f 856/127/448 860/131/449 861/132/450
f 862/124/374 863/125/373 864/126/451
f 862/124/374 864/126/451 865/127/452
f 863/125/373 866/128/370 867/129/448
f 863/125/373 867/129/448 864/126/451
f 864/126/451 867/129/448 868/130/450
f 864/126/451 868/130/450 869/131/453
f 865/127/452 864/126/451 869/131/453
f 865/127/452 869/131/453 870/132/454
f 871/124/378 872/125/377 873/126/455
f 871/124/378 873/126/455 874/127/456
f 872/125/377 875/128/374 876/129/452
f 872/125/377 876/129/452 873/126/455
f 873/126/455 876/129/452 877/130/454
f 873/126/455 877/130/454 878/131/457
f 874/127/456 873/126/455 878/131/457
f 874/127/456 878/131/457 879/132/458
f 880/124/382 881/125/381 882/126/459
f 880/124/382 882/126/459 883/127/460
f 881/125/381 884/128/378 885/129/456
f 881/125/381 885/129/456 882/126/459
f 882/126/459 885/129/456 886/130/458
f 882/126/459 886/130/458 887/131/461
f 883/127/460 882/126/459 887/131/461
f 883/127/460 887/131/461 888/132/462
f 889/124/386 890/125/385 891/126/463
f 889/124/386 891/126/463 892/127/464
f 890/125/385 893/128/382 894/129/460
f 890/125/385 894/129/460 891/126/463
f 891/126/463 894/129/460 895/130/462
f 891/126/463 895/130/462 896/131/465
f 892/127/464 891/126/463 896/131/465
f 892/127/464 896/131/465 897/132/466
f 898/124/390 899/125/389 900/126/467
f 898/124/390 900/126/467 901/127/468
f 899/125/389 902/128/386 903/129/464
f 899/125/389 903/129/464 900/126/467
f 900/126/467 903/129/464 904/130/466
f 900/126/467 904/130/466 905/131/469
f 901/127/468 900/126/467 905/131/469
f 901/127/468 905/131/469 906/132/470
f 907/124/394 908/125/393 909/126/471
f 907/124/394 909/126/471 910/127/472
f 908/125/393 911/128/390 912/129/468
f 908/125/393 912/129/468 909/126/471
f 909/126/471 912/129/468 913/130/470
f 909/126/471 913/130/470 914/131/473
f 910/127/472 909/126/471 914/131/473
f 910/127/472 914/131/473 915/132/474
f 916/124/398 917/125/397 918/126/475
f 916/124/398 918/126/475 919/127/476
f 917/125/397 920/128/394 921/129/472
f 917/125/397 921/129/472 918/126/475
f 918/126/475 921/129/472 922/130/474
f 918/126/475 922/130/474 923/131/477
f 919/127/476 918/126/475 923/131/477
f 919/127/476 923/131/477 924/132/478
f 925/124/402 926/125/401 927/126/479
f 925/124/402 927/126/479 928/127/480
f 926/125/401 929/128/398 930/129/476
f 926/125/401 930/129/476 927/126/479
f 927/126/479 930/129/476 931/130/478
f 927/126/479 931/130/478 932/131/481
f 928/127/480 927/126/479 932/131/481
f 928/127/480 932/131/481 933/132/482
f 934/124/406 935/125/405 936/126/483
f 934/124/406 936/126/483 937/127/484
f 935/125/405 938/128/402 939/129/480
f 935/125/405 939/129/480 936/126/483
f 936/126/483 939/129/480 940/130/482
f 936/126/483 940/130/482 941/131/485
f 937/127/484 936/126/483 941/131/485
f 937/127/484 941/131/485 942/132/486
f 943/124/410 944/125/409 945/126/487
f 943/124/410 945/126/487 946/127/488
f 944/125/409 947/128/406 948/129/484
f 944/125/409 948/129/484 945/126/487
f 945/126/487 948/129/484 949/130/486
f 945/126/487 949/130/486 950/131/489
f 946/127/488 945/126/487 950/131/489
f 946/127/488 950/131/489 951/132/490
f 952/124/414 953/125/413 954/126/491
f 952/124/414 954/126/491 955/127/492
f 953/125/413 956/128/410 957/129/488
f 953/125/413 957/129/488 954/126/491
f 954/126/491 957/129/488 958/130/490
f 954/126/491 958/130/490 959/131/493
f 955/127/492 954/126/491 959/131/493
f 955/127/492 959/131/493 960/132/494
f 961/124/418 962/125/417 963/126/495
f 961/124/418 963/126/495 964/127/496
f 962/125/417 965/128/414 966/129/492
f 962/125/417 966/129/492 963/126/495
f 963/126/495 966/129/492 967/130/494
f 963/126/495 967/130/494 968/131/497
f 964/127/496 963/126/495 968/131/497
f 964/127/496 968/131/497 969/132/498
f 970/124/422 971/125/421 972/126/499
f 970/124/422 972/126/499 973/127/500
f 971/125/421 974/128/418 975/129/496
f 971/125/421 975/129/496 972/126/499
f 972/126/499 975/129/496 976/130/498
f 972/126/499 976/130/498 977/131/501
f 973/127/500 972/126/499 977/131/501
f 973/127/500 977/131/501 978/132/502
f 979/124/426 980/125/425 981/126/503
f 979/124/426 981/126/503 982/127/504
f 980/125/425 983/128/422 984/129/500
f 980/125/425 984/129/500 981/126/503
f 981/126/503 984/129/500 985/130/502
f 981/126/503 985/130/502 986/131/505
f 982/127/504 981/126/503 986/131/505
f 982/127/504 986/131/505 987/132/506
f 988/124/430 989/125/429 990/126/507
f 988/124/430 990/126/507 991/127/508
f 989/125/429 992/128/426 993/129/504
f 989/125/429 993/129/504 990/126/507
f 990/126/507 993/129/504 994/130/506
f 990/126/507 994/130/506 995/131/509
f 991/127/508 990/126/507 995/131/509
f 991/127/508 995/131/509 996/132/510
f 997/124/434 998/125/433 999/126/511
f 997/124/434 999/126/511 1000/127/512
f 998/125/433 1001/128/430 1002/129/508
f 998/125/433 1002/129/508 999/126/511
f 999/126/511 1002/129/508 1003/130/510
f 999/126/511 1003/130/510 1004/131/513
f 1000/127/512 999/126/511 1004/131/513
f 1000/127/512 1004/131/513 1005/132/514
f 1006/124/438 1007/125/437 1008/126/515
f 1006/124/438 1008/126/515 1009/127/516
f 1007/125/437 1010/128/434 1011/129/512
f 1007/125/437 1011/129/512 1008/126/515
f 1008/126/515 1011/129/512 1012/130/514
f 1008/126/515 1012/130/514 1013/131/517
f 1009/127/516 1008/126/515 1013/131/517
f 1009/127/516 1013/131/517 1014/132/518
f 1015/124/364 1016/125/440 1017/126/519
f 1015/124/364 1017/126/519 1018/127/443
f 1016/125/440 1019/128/438 1020/129/516
f 1016/125/440 1020/129/516 1017/126/519
f 1017/126/519 1020/129/516 1021/130/518
f 1017/126/519 1021/130/518 1022/131/520
f 1018/127/443 1017/126/519 1022/131/520
f 1018/127/443 1022/131/520 1023/132/444
f 861/132/450 1024/132/521 1025/132/522
f 861/132/450 1025/132/522 1026/132/453
f 1024/132/521 1027/132/523 1028/132/524
f 1024/132/521 1028/132/524 1025/132/522
f 1025/132/522 1028/132/524 1029/132/525
f 1025/132/522 1029/132/525 1030/132/526
f 1026/132/453 1025/132/522 1030/132/526
f 1026/132/453 1030/132/526 870/132/454
f 906/132/470 1031/132/527 1032/132/528
f 906/132/470 1032/132/528 1033/132/473
f 1031/132/527 1034/132/529 1035/132/530
f 1031/132/527 1035/132/530 1032/132/528
f 1032/132/528 1035/132/530 924/132/478
f 1032/132/528 924/132/478 1036/132/477
f 1033/132/473 1032/132/528 1036/132/477
f 1033/132/473 1036/132/477 915/132/474
f 978/132/502 1037/132/531 1038/132/532
f 978/132/502 1038/132/532 1039/132/505
f 1037/132/531 1029/132/525 1028/132/524
f 1037/132/531 1028/132/524 1038/132/532
f 1038/132/532 1028/132/524 1027/132/523
f 1038/132/532 1027/132/523 1040/132/533
f 1039/132/505 1038/132/532 1040/132/533
f 1039/132/505 1040/132/533 987/132/506
f 924/132/478 1035/132/530 1041/132/534
f 924/132/478 1041/132/534 1042/132/481
f 1035/132/530 1034/132/529 1043/132/535
f 1035/132/530 1043/132/535 1041/132/534
f 1041/132/534 1043/132/535 942/132/486
f 1041/132/534 942/132/486 1044/132/485
f 1042/132/481 1041/132/534 1044/132/485
f 1042/132/481 1044/132/485 933/132/482
f 888/132/462 1045/132/536 1046/132/537
f 888/132/462 1046/132/537 1047/132/465
f 1045/132/536 1048/132/538 1049/132/539
f 1045/132/536 1049/132/539 1046/132/537
f 1046/132/537 1049/132/539 1050/132/540
f 1046/132/537 1050/132/540 1051/132/541
f 1047/132/465 1046/132/537 1051/132/541
f 1047/132/465 1051/132/541 897/132/466
f 951/132/490 1052/132/542 1053/132/543
f 951/132/490 1053/132/543 1054/132/493
f 1052/132/542 1050/132/540 1049/132/539
f 1052/132/542 1049/132/539 1053/132/543
f 1053/132/543 1049/132/539 1048/132/538
f 1053/132/543 1048/132/538 1055/132/544
f 1054/132/493 1053/132/543 1055/132/544
f 1054/132/493 1055/132/544 960/132/494
f 942/132/486 1043/132/535 1056/132/545
f 942/132/486 1056/132/545 1057/132/489
f 1043/132/535 1034/132/529 1058/132/546
f 1043/132/535 1058/132/546 1056/132/545
f 1056/132/545 1058/132/546 1050/132/540
f 1056/132/545 1050/132/540 1052/132/542
f 1057/132/489 1056/132/545 1052/132/542
f 1057/132/489 1052/132/542 951/132/490
f 897/132/466 1051/132/541 1059/132/547
f 897/132/466 1059/132/547 1060/132/469
f 1051/132/541 1050/132/540 1058/132/546
f 1051/132/541 1058/132/546 1059/132/547
f 1059/132/547 1058/132/546 1034/132/529
f 1059/132/547 1034/132/529 1031/132/527
f 1060/132/469 1059/132/547 1031/132/527
f 1060/132/469 1031/132/527 906/132/470
f 879/132/458 1061/132/548 1062/132/549
f 879/132/458 1062/132/549 1063/132/461
f 1061/132/548 1064/132/550 1065/132/551
f 1061/132/548 1065/132/551 1062/132/549
f 1062/132/549 1065/132/551 1048/132/538
f 1062/132/549 1048/132/538 1045/132/536
f 1063/132/461 1062/132/549 1045/132/536
f 1063/132/461 1045/132/536 888/132/462
f 960/132/494 1055/132/544 1066/132/552
f 960/132/494 1066/132/552 1067/132/497
f 1055/132/544 1048/132/538 1065/132/551
f 1055/132/544 1065/132/551 1066/132/552
f 1066/132/552 1065/132/551 1064/132/550
f 1066/132/552 1064/132/550 1068/132/553
f 1067/132/497 1066/132/552 1068/132/553
f 1067/132/497 1068/132/553 969/132/498
f 1064/132/550 1069/132/554 1070/132/555
f 1064/132/550 1070/132/555 1068/132/553
f 1069/132/554 1029/132/525 1037/132/531
f 1069/132/554 1037/132/531 1070/132/555
f 1070/132/555 1037/132/531 978/132/502
f 1070/132/555 978/132/502 1071/132/501
f 1068/132/553 1070/132/555 1071/132/501
f 1068/132/553 1071/132/501 969/132/498
f 870/132/454 1030/132/526 1072/132/556
f 870/132/454 1072/132/556 1073/132/457
f 1030/132/526 1029/132/525 1069/132/554
f 1030/132/526 1069/132/554 1072/132/556
f 1072/132/556 1069/132/554 1064/132/550
f 1072/132/556 1064/132/550 1061/132/548
f 1073/132/457 1072/132/556 1061/132/548
f 1073/132/457 1061/132/548 879/132/458
f 852/132/446 1074/132/445 1075/132/557
f 852/132/446 1075/132/557 1076/132/558
f 1074/132/445 1023/132/444 1077/132/520
f 1074/132/445 1077/132/520 1075/132/557
f 1075/132/557 1077/132/520 1014/132/518
f 1075/132/557 1014/132/518 1078/132/559
f 1076/132/558 1075/132/557 1078/132/559
f 1076/132/558 1078/132/559 1079/132/560
f 996/132/510 1080/132/561 1081/132/562
f 996/132/510 1081/132/562 1082/132/513
f 1080/132/561 1079/132/560 1078/132/559
f 1080/132/561 1078/132/559 1081/132/562
f 1081/132/562 1078/132/559 1014/132/518
f 1081/132/562 1014/132/518 1083/132/517
f 1082/132/513 1081/132/562 1083/132/517
f 1082/132/513 1083/132/517 1005/132/514
f 987/132/506 1040/132/533 1084/132/563
f 987/132/506 1084/132/563 1085/132/509
f 1040/132/533 1027/132/523 1086/132/564
f 1040/132/533 1086/132/564 1084/132/563
f 1084/132/563 1086/132/564 1079/132/560
f 1084/132/563 1079/132/560 1080/132/561
f 1085/132/509 1084/132/563 1080/132/561
f 1085/132/509 1080/132/561 996/132/510
f 852/132/446 1076/132/558 1087/132/565
f 852/132/446 1087/132/565 1088/132/449
f 1076/132/558 1079/132/560 1086/132/564
f 1076/132/558 1086/132/564 1087/132/565
f 1087/132/565 1086/132/564 1027/132/523
f 1087/132/565 1027/132/523 1024/132/521
f 1088/132/449 1087/132/565 1024/132/521
f 1088/132/449 1024/132/521 861/132/450
f 1089/124/9 1090/125/8 1091/126/566
f 1089/124/9 1091/126/566 1092/127/567
f 1090/125/8 1093/128/7 1094/129/568
f 1090/125/8 1094/129/568 1091/126/566
f 1091/126/566 1094/129/568 1095/130/569
f 1091/126/566 1095/130/569 1096/131/570
f 1092/127/567 1091/126/566 1096/131/570
f 1092/127/567 1096/131/570 1097/132/571
f 1098/124/7 1099/125/15 1100/126/572
f 1098/124/7 1100/126/572 1101/127/568
f 1099/125/15 1102/128/14 1103/129/573
f 1099/125/15 1103/129/573 1100/126/572
f 1100/126/572 1103/129/573 1104/130/574
f 1100/126/572 1104/130/574 1105/131/575
f 1101/127/568 1100/126/572 1105/131/575
f 1101/127/568 1105/131/575 1106/132/569
f 1107/124/14 1108/125/21 1109/126/576
f 1107/124/14 1109/126/576 1110/127/573
f 1108/125/21 1111/128/20 1112/129/577
f 1108/125/21 1112/129/577 1109/126/576
f 1109/126/576 1112/129/577 1113/130/578
f 1109/126/576 1113/130/578 1114/131/579
f 1110/127/573 1109/126/576 1114/131/579
f 1110/127/573 1114/131/579 1115/132/574
f 1116/124/20 1117/125/27 1118/126/580
f 1116/124/20 1118/126/580 1119/127/577
f 1117/125/27 1120/128/26 1121/129/581
f 1117/125/27 1121/129/581 1118/126/580
f 1118/126/580 1121/129/581 1122/130/582
f 1118/126/580 1122/130/582 1123/131/583
f 1119/127/577 1118/126/580 1123/131/583
f 1119/127/577 1123/131/583 1124/132/578
f 1125/124/26 1126/125/33 1127/126/584
f 1125/124/26 1127/126/584 1128/127/581
f 1126/125/33 1129/128/32 1130/129/585
f 1126/125/33 1130/129/585 1127/126/584
f 1127/126/584 1130/129/585 1131/130/586
f 1127/126/584 1131/130/586 1132/131/587
f 1128/127/581 1127/126/584 1132/131/587
f 1128/127/581 1132/131/587 1133/132/582
f 1134/124/32 1135/125/39 1136/126/588
f 1134/124/32 1136/126/588 1137/127/585
f 1135/125/39 1138/128/38 1139/129/589
f 1135/125/39 1139/129/589 1136/126/588
f 1136/126/588 1139/129/589 1140/130/590
f 1136/126/588 1140/130/590 1141/131/591
f 1137/127/585 1136/126/588 1141/131/591
f 1137/127/585 1141/131/591 1142/132/586
f 1143/124/38 1144/125/45 1145/126/592
f 1143/124/38 1145/126/592 1146/127/589
f 1144/125/45 1147/128/44 1148/129/593
f 1144/125/45 1148/129/593 1145/126/592
f 1145/126/592 1148/129/593 1149/130/594
f 1145/126/592 1149/130/594 1150/131/595
f 1146/127/589 1145/126/592 1150/131/595
f 1146/127/589 1150/131/595 1151/132/590
f 1152/124/44 1153/125/51 1154/126/596
f 1152/124/44 1154/126/596 1155/127/593
f 1153/125/51 1156/128/50 1157/129/597
f 1153/125/51 1157/129/597 1154/126/596
f 1154/126/596 1157/129/597 1158/130/598
f 1154/126/596 1158/130/598 1159/131/599
f 1155/127/593 1154/126/596 1159/131/599
f 1155/127/593 1159/131/599 1160/132/594
f 1161/124/50 1162/125/57 1163/126/600
f 1161/124/50 1163/126/600 1164/127/597
f 1162/125/57 1165/128/56 1166/129/601
f 1162/125/57 1166/129/601 1163/126/600
f 1163/126/600 1166/129/601 1167/130/602
f 1163/126/600 1167/130/602 1168/131/603
f 1164/127/597 1163/126/600 1168/131/603
f 1164/127/597 1168/131/603 1169/132/598
f 1170/124/56 1171/125/63 1172/126/604
f 1170/124/56 1172/126/604 1173/127/601
f 1171/125/63 1174/128/62 1175/129/605
f 1171/125/63 1175/129/605 1172/126/604
f 1172/126/604 1175/129/605 1176/130/606
f 1172/126/604 1176/130/606 1177/131/607
f 1173/127/601 1172/126/604 1177/131/607
f 1173/127/601 1177/131/607 1178/132/602
f 1179/124/62 1180/125/69 1181/126/608
f 1179/124/62 1181/126/608 1182/127/605
f 1180/125/69 1183/128/68 1184/129/609
f 1180/125/69 1184/129/609 1181/126/608
f 1181/126/608 1184/129/609 1185/130/610
f 1181/126/608 1185/130/610 1186/131/611
f 1182/127/605 1181/126/608 1186/131/611
f 1182/127/605 1186/131/611 1187/132/606
f 1188/124/68 1189/125/75 1190/126/612
f 1188/124/68 1190/126/612 1191/127/609
f 1189/125/75 1192/128/74 1193/129/613
f 1189/125/75 1193/129/613 1190/126/612
f 1190/126/612 1193/129/613 1194/130/614
f 1190/126/612 1194/130/614 1195/131/615
f 1191/127/609 1190/126/612 1195/131/615
f 1191/127/609 1195/131/615 1196/132/610
f 1197/124/74 1198/125/81 1199/126/616
f 1197/124/74 1199/126/616 1200/127/613
f 1198/125/81 1201/128/80 1202/129/617
f 1198/125/81 1202/129/617 1199/126/616
f 1199/126/616 1202/129/617 1203/130/618
f 1199/126/616 1203/130/618 1204/131/619
f 1200/127/613 1199/126/616 1204/131/619
f 1200/127/613 1204/131/619 1205/132/614
f 1206/124/80 1207/125/87 1208/126/620
f 1206/124/80 1208/126/620 1209/127/617
f 1207/125/87 1210/128/86 1211/129/621
f 1207/125/87 1211/129/621 1208/126/620
f 1208/126/620 1211/129/621 1212/130/622
f 1208/126/620 1212/130/622 1213/131/623
f 1209/127/617 1208/126/620 1213/131/623
f 1209/127/617 1213/131/623 1214/132/618
f 1215/124/86 1216/125/93 1217/126/624
f 1215/124/86 1217/126/624 1218/127/621
f 1216/125/93 1219/128/92 1220/129/625
f 1216/125/93 1220/129/625 1217/126/624
f 1217/126/624 1220/129/625 1221/130/626
f 1217/126/624 1221/130/626 1222/131/627
f 1218/127/621 1217/126/624 1222/131/627
f 1218/127/621 1222/131/627 1223/132/622
f 1224/124/92 1225/125/99 1226/126/628
f 1224/124/92 1226/126/628 1227/127/625
f 1225/125/99 1228/128/98 1229/129/629
f 1225/125/99 1229/129/629 1226/126/628
f 1226/126/628 1229/129/629 1230/130/630
f 1226/126/628 1230/130/630 1231/131/631
f 1227/127/625 1226/126/628 1231/131/631
f 1227/127/625 1231/131/631 1232/132/626
f 1233/124/98 1234/125/105 1235/126/632
f 1233/124/98 1235/126/632 1236/127/629
f 1234/125/105 1237/128/104 1238/129/633
f 1234/125/105 1238/129/633 1235/126/632
f 1235/126/632 1238/129/633 1239/130/634
f 1235/126/632 1239/130/634 1240/131/635
f 1236/127/629 1235/126/632 1240/131/635
f 1236/127/629 1240/131/635 1241/132/630
f 1242/124/104 1243/125/111 1244/126/636
f 1242/124/104 1244/126/636 1245/127/633
f 1243/125/111 1246/128/110 1247/129/637
f 1243/125/111 1247/129/637 1244/126/636
f 1244/126/636 1247/129/637 1248/130/638
f 1244/126/636 1248/130/638 1249/131/639
f 1245/127/633 1244/126/636 1249/131/639
f 1245/127/633 1249/131/639 1250/132/634
f 1251/124/110 1252/125/117 1253/126/640
f 1251/124/110 1253/126/640 1254/127/637
f 1252/125/117 1255/128/116 1256/129/641
f 1252/125/117 1256/129/641 1253/126/640
f 1253/126/640 1256/129/641 1257/130/642
f 1253/126/640 1257/130/642 1258/131/643
f 1254/127/637 1253/126/640 1258/131/643
f 1254/127/637 1258/131/643 1259/132/638
f 1260/124/116 1261/125/120 1262/126/644
f 1260/124/116 1262/126/644 1263/127/641
f 1261/125/120 1264/128/9 1265/129/567
f 1261/125/120 1265/129/567 1262/126/644
f 1262/126/644 1265/129/567 1266/130/571
f 1262/126/644 1266/130/571 1267/131/645
f 1263/127/641 1262/126/644 1267/131/645
f 1263/127/641 1267/131/645 1268/132/642
f 1269/124/571 1270/125/570 1271/126/646
f 1269/124/571 1271/126/646 1272/127/647
f 1270/125/570 1273/128/569 1274/129/648
f 1270/125/570 1274/129/648 1271/126/646
f 1271/126/646 1274/129/648 1275/130/649
f 1271/126/646 1275/130/649 1276/131/650
f 1272/127/647 1271/126/646 1276/131/650
f 1272/127/647 1276/131/650 1277/132/651
f 1278/124/569 1279/125/575 1280/126/652
f 1278/124/569 1280/126/652 1281/127/648
f 1279/125/575 1282/128/574 1283/129/653
f 1279/125/575 1283/129/653 1280/126/652
f 1280/126/652 1283/129/653 1284/130/654
f 1280/126/652 1284/130/654 1285/131/655
f 1281/127/648 1280/126/652 1285/131/655
f 1281/127/648 1285/131/655 1286/132/649
f 1287/124/574 1288/125/579 1289/126/656
f 1287/124/574 1289/126/656 1290/127/653
f 1288/125/579 1291/128/578 1292/129/657
f 1288/125/579 1292/129/657 1289/126/656
f 1289/126/656 1292/129/657 1293/130/658
f 1289/126/656 1293/130/658 1294/131/659
f 1290/127/653 1289/126/656 1294/131/659
f 1290/127/653 1294/131/659 1295/132/654
f 1296/124/578 1297/125/583 1298/126/660
f 1296/124/578 1298/126/660 1299/127/657
f 1297/125/583 1300/128/582 1301/129/661
f 1297/125/583 1301/129/661 1298/126/660
f 1298/126/660 1301/129/661 1302/130/662
f 1298/126/660 1302/130/662 1303/131/663
f 1299/127/657 1298/126/660 1303/131/663
f 1299/127/657 1303/131/663 1304/132/658
f 1305/124/582 1306/125/587 1307/126/664
f 1305/124/582 1307/126/664 1308/127/661
f 1306/125/587 1309/128/586 1310/129/665
f 1306/125/587 1310/129/665 1307/126/664
f 1307/126/664 1310/129/665 1311/130/666
f 1307/126/664 1311/130/666 1312/131/667
f 1308/127/661 1307/126/664 1312/131/667
f 1308/127/661 1312/131/667 1313/132/662
f 1314/124/586 1315/125/591 1316/126/668
f 1314/124/586 1316/126/668 1317/127/665
f 1315/125/591 1318/128/590 1319/129/669
f 1315/125/591 1319/129/669 1316/126/668
f 1316/126/668 1319/129/669 1320/130/670
f 1316/126/668 1320/130/670 1321/131/671
f 1317/127/665 1316/126/668 1321/131/671
f 1317/127/665 1321/131/671 1322/132/666
f 1323/124/590 1324/125/595 1325/126/672
f 1323/124/590 1325/126/672 1326/127/669
f 1324/125/595 1327/128/594 1328/129/673
f 1324/125/595 1328/129/673 1325/126/672
f 1325/126/672 1328/129/673 1329/130/674
f 1325/126/672 1329/130/674 1330/131/675
f 1326/127/669 1325/126/672 1330/131/675
f 1326/127/669 1330/131/675 1331/132/670
f 1332/124/594 1333/125/599 1334/126/676
f 1332/124/594 1334/126/676 1335/127/673
f 1333/125/599 1336/128/598 1337/129/677
f 1333/125/599 1337/129/677 1334/126/676
f 1334/126/676 1337/129/677 1338/130/678
f 1334/126/676 1338/130/678 1339/131/679
f 1335/127/673 1334/126/676 1339/131/679
f 1335/127/673 1339/131/679 1340/132/674
f 1341/124/598 1342/125/603 1343/126/680
f 1341/124/598 1343/126/680 1344/127/677
f 1342/125/603 1345/128/602 1346/129/681
f 1342/125/603 1346/129/681 1343/126/680
f 1343/126/680 1346/129/681 1347/130/682
f 1343/126/680 1347/130/682 1348/131/683
f 1344/127/677 1343/126/680 1348/131/683
f 1344/127/677 1348/131/683 1349/132/678
f 1350/124/602 1351/125/607 1352/126/684
f 1350/124/602 1352/126/684 1353/127/681
f 1351/125/607 1354/128/606 1355/129/685
f 1351/125/607 1355/129/685 1352/126/684
f 1352/126/684 1355/129/685 1356/130/686
f 1352/126/684 1356/130/686 1357/131/687
f 1353/127/681 1352/126/684 1357/131/687
f 1353/127/681 1357/131/687 1358/132/682
f 1359/124/606 1360/125/611 1361/126/688
f 1359/124/606 1361/126/688 1362/127/685
f 1360/125/611 1363/128/610 1364/129/689
f 1360/125/611 1364/129/689 1361/126/688
f 1361/126/688 1364/129/689 1365/130/690
f 1361/126/688 1365/130/690 1366/131/691
f 1362/127/685 1361/126/688 1366/131/691
f 1362/127/685 1366/131/691 1367/132/686
f 1368/124/610 1369/125/615 1370/126/692
f 1368/124/610 1370/126/692 1371/127/689
f 1369/125/615 1372/128/614 1373/129/693
f 1369/125/615 1373/129/693 1370/126/692
f 1370/126/692 1373/129/693 1374/130/694
f 1370/126/692 1374/130/694 1375/131/695
f 1371/127/689 1370/126/692 1375/131/695
f 1371/127/689 1375/131/695 1376/132/690
f 1377/124/614 1378/125/619 1379/126/696
f 1377/124/614 1379/126/696 1380/127/693
f 1378/125/619 1381/128/618 1382/129/697
f 1378/125/619 1382/129/697 1379/126/696
f 1379/126/696 1382/129/697 1383/130/698
f 1379/126/696 1383/130/698 1384/131/699
f 1380/127/693 1379/126/696 1384/131/699
f 1380/127/693 1384/131/699 1385/132/694
f 1386/124/618 1387/125/623 1388/126/700
f 1386/124/618 1388/126/700 1389/127/697
f 1387/125/623 1390/128/622 1391/129/701
f 1387/125/623 1391/129/701 1388/126/700
f 1388/126/700 1391/129/701 1392/130/702
f 1388/126/700 1392/130/702 1393/131/703
f 1389/127/697 1388/126/700 1393/131/703
f 1389/127/697 1393/131/703 1394/132/698
f 1395/124/622 1396/125/627 1397/126/704
f 1395/124/622 1397/126/704 1398/127/701
f 1396/125/627 1399/128/626 1400/129/705
f 1396/125/627 1400/129/705 1397/126/704
f 1397/126/704 1400/129/705 1401/130/706
f 1397/126/704 1401/130/706 1402/131/707
f 1398/127/701 1397/126/704 1402/131/707
f 1398/127/701 1402/131/707 1403/132/702
f 1404/124/626 1405/125/631 1406/126/708
f 1404/124/626 1406/126/708 1407/127/705
f 1405/125/631 1408/128/630 1409/129/709
f 1405/125/631 1409/129/709 1406/126/708
f 1406/126/708 1409/129/709 1410/130/710
f 1406/126/708 1410/130/710 1411/131/711
f 1407/127/705 1406/126/708 1411/131/711
f 1407/127/705 1411/131/711 1412/132/706
f 1413/124/630 1414/125/635 1415/126/712
f 1413/124/630 1415/126/712 1416/127/709
f 1414/125/635 1417/128/634 1418/129/713
f 1414/125/635 1418/129/713 1415/126/712
f 1415/126/712 1418/129/713 1419/130/714
f 1415/126/712 1419/130/714 1420/131/715
f 1416/127/709 1415/126/712 1420/131/715
f 1416/127/709 1420/131/715 1421/132/710
f 1422/124/634 1423/125/639 1424/126/716
f 1422/124/634 1424/126/716 1425/127/713
f 1423/125/639 1426/128/638 1427/129/717
f 1423/125/639 1427/129/717 1424/126/716
f 1424/126/716 1427/129/717 1428/130/718
f 1424/126/716 1428/130/718 1429/131/719
f 1425/127/713 1424/126/716 1429/131/719
f 1425/127/713 1429/131/719 1430/132/714
f 1431/124/638 1432/125/643 1433/126/720
f 1431/124/638 1433/126/720 1434/127/717
f 1432/125/643 1435/128/642 1436/129/721
f 1432/125/643 1436/129/721 1433/126/720
f 1433/126/720 1436/129/721 1437/130/722
f 1433/126/720 1437/130/722 1438/131/723
f 1434/127/717 1433/126/720 1438/131/723
f 1434/127/717 1438/131/723 1439/132/718
f 1440/124/642 1441/125/645 1442/126/724
f 1440/124/642 1442/126/724 1443/127/721
f 1441/125/645 1444/128/571 1445/129/647
f 1441/125/645 1445/129/647 1442/126/724
f 1442/126/724 1445/129/647 1446/130/651
f 1442/126/724 1446/130/651 1447/131/725
f 1443/127/721 1442/126/724 1447/131/725
f 1443/127/721 1447/131/725 1448/132/722
f 1449/124/651 1450/125/650 1451/126/726
f 1449/124/651 1451/126/726 1452/127/727
f 1450/125/650 1453/128/649 1454/129/728
f 1450/125/650 1454/129/728 1451/126/726
f 1451/126/726 1454/129/728 1455/130/729
f 1451/126/726 1455/130/729 1456/131/730
f 1452/127/727 1451/126/726 1456/131/730
f 1452/127/727 1456/131/730 1457/132/731
f 1458/124/649 1459/125/655 1460/126/732
f 1458/124/649 1460/126/732 1461/127/728
f 1459/125/655 1462/128/654 1463/129/733
f 1459/125/655 1463/129/733 1460/126/732
f 1460/126/732 1463/129/733 1464/130/734
f 1460/126/732 1464/130/734 1465/131/735
f 1461/127/728 1460/126/732 1465/131/735
f 1461/127/728 1465/131/735 1466/132/729
f 1467/124/654 1468/125/659 1469/126/736
f 1467/124/654 1469/126/736 1470/127/733
f 1468/125/659 1471/128/658 1472/129/737
f 1468/125/659 1472/129/737 1469/126/736
f 1469/126/736 1472/129/737 1473/130/738
f 1469/126/736 1473/130/738 1474/131/739
f 1470/127/733 1469/126/736 1474/131/739
f 1470/127/733 1474/131/739 1475/132/734
f 1476/124/658 1477/125/663 1478/126/740
f 1476/124/658 1478/126/740 1479/127/737
f 1477/125/663 1480/128/662 1481/129/741
f 1477/125/663 1481/129/741 1478/126/740
f 1478/126/740 1481/129/741 1482/130/742
f 1478/126/740 1482/130/742 1483/131/743
f 1479/127/737 1478/126/740 1483/131/743
f 1479/127/737 1483/131/743 1484/132/738
f 1485/124/662 1486/125/667 1487/126/744
f 1485/124/662 1487/126/744 1488/127/741
f 1486/125/667 1489/128/666 1490/129/745
f 1486/125/667 1490/129/745 1487/126/744
f 1487/126/744 1490/129/745 1491/130/746
f 1487/126/744 1491/130/746 1492/131/747
f 1488/127/741 1487/126/744 1492/131/747
f 1488/127/741 1492/131/747 1493/132/742
f 1494/124/666 1495/125/671 1496/126/748
f 1494/124/666 1496/126/748 1497/127/745
f 1495/125/671 1498/128/670 1499/129/749
f 1495/125/671 1499/129/749 1496/126/748
f 1496/126/748 1499/129/749 1500/130/750
f 1496/126/748 1500/130/750 1501/131/751
f 1497/127/745 1496/126/748 1501/131/751
f 1497/127/745 1501/131/751 1502/132/746
f 1503/124/670 1504/125/675 1505/126/752
f 1503/124/670 1505/126/752 1506/127/749
f 1504/125/675 1507/128/674 1508/129/753
f 1504/125/675 1508/129/753 1505/126/752
f 1505/126/752 1508/129/753 1509/130/754
f 1505/126/752 1509/130/754 1510/131/755
f 1506/127/749 1505/126/752 1510/131/755
f 1506/127/749 1510/131/755 1511/132/750
f 1512/124/674 1513/125/679 1514/126/756
f 1512/124/674 1514/126/756 1515/127/753
f 1513/125/679 1516/128/678 1517/129/757
f 1513/125/679 1517/129/757 1514/126/756
f 1514/126/756 1517/129/757 1518/130/758
f 1514/126/756 1518/130/758 1519/131/759
f 1515/127/753 1514/126/756 1519/131/759
f 1515/127/753 1519/131/759 1520/132/754
f 1521/124/678 1522/125/683 1523/126/760
f 1521/124/678 1523/126/760 1524/127/757
f 1522/125/683 1525/128/682 1526/129/761
f 1522/125/683 1526/129/761 1523/126/760
f 1523/126/760 1526/129/761 1527/130/762
f 1523/126/760 1527/130/762 1528/131/763
f 1524/127/757 1523/126/760 1528/131/763
f 1524/127/757 1528/131/763 1529/132/758
f 1530/124/682 1531/125/687 1532/126/764
f 1530/124/682 1532/126/764 1533/127/761
f 1531/125/687 1534/128/686 1535/129/765
f 1531/125/687 1535/129/765 1532/126/764
f 1532/126/764 1535/129/765 1536/130/766
f 1532/126/764 1536/130/766 1537/131/767
f 1533/127/761 1532/126/764 1537/131/767
f 1533/127/761 1537/131/767 1538/132/762
f 1539/124/686 1540/125/691 1541/126/768
f 1539/124/686 1541/126/768 1542/127/765
f 1540/125/691 1543/128/690 1544/129/769
f 1540/125/691 1544/129/769 1541/126/768
f 1541/126/768 1544/129/769 1545/130/770
f 1541/126/768 1545/130/770 1546/131/771
f 1542/127/765 1541/126/768 1546/131/771
f 1542/127/765 1546/131/771 1547/132/766
f 1548/124/690 1549/125/695 1550/126/772
f 1548/124/690 1550/126/772 1551/127/769
f 1549/125/695 1552/128/694 1553/129/773
f 1549/125/695 1553/129/773 1550/126/772
f 1550/126/772 1553/129/773 1554/130/774
f 1550/126/772 1554/130/774 1555/131/775
f 1551/127/769 1550/126/772 1555/131/775
f 1551/127/769 1555/131/775 1556/132/770
f 1557/124/694 1558/125/699 1559/126/776
f 1557/124/694 1559/126/776 1560/127/773
f 1558/125/699 1561/128/698 1562/129/777
f 1558/125/699 1562/129/777 1559/126/776
f 1559/126/776 1562/129/777 1563/130/778
f 1559/126/776 1563/130/778 1564/131/779
f 1560/127/773 1559/126/776 1564/131/779
f 1560/127/773 1564/131/779 1565/132/774
f 1566/124/698 1567/125/703 1568/126/780
f 1566/124/698 1568/126/780 1569/127/777
f 1567/125/703 1570/128/702 1571/129/781
f 1567/125/703 1571/129/781 1568/126/780
f 1568/126/780 1571/129/781 1572/130/782
f 1568/126/780 1572/130/782 1573/131/783
f 1569/127/777 1568/126/780 1573/131/783
f 1569/127/777 1573/131/783 1574/132/778
f 1575/124/702 1576/125/707 1577/126/784
f 1575/124/702 1577/126/784 1578/127/781
f 1576/125/707 1579/128/706 1580/129/785
f 1576/125/707 1580/129/785 1577/126/784
f 1577/126/784 1580/129/785 1581/130/786
f 1577/126/784 1581/130/786 1582/131/787
f 1578/127/781 1577/126/784 1582/131/787
f 1578/127/781 1582/131/787 1583/132/782
f 1584/124/706 1585/125/711 1586/126/788
f 1584/124/706 1586/126/788 1587/127/785
f 1585/125/711 1588/128/710 1589/129/789
f 1585/125/711 1589/129/789 1586/126/788
f 1586/126/788 1589/129/789 1590/130/790
f 1586/126/788 1590/130/790 1591/131/791
f 1587/127/785 1586/126/788 1591/131/791
f 1587/127/785 1591/131/791 1592/132/786
f 1593/124/710 1594/125/715 1595/126/792
f 1593/124/710 1595/126/792 1596/127/789
f 1594/125/715 1597/128/714 1598/129/793
f 1594/125/715 1598/129/793 1595/126/792
f 1595/126/792 1598/129/793 1599/130/794
f 1595/126/792 1599/130/794 1600/131/795
f 1596/127/789 1595/126/792 1600/131/795
f 1596/127/789 1600/131/795 1601/132/790
f 1602/124/714 1603/125/719 1604/126/796
f 1602/124/714 1604/126/796 1605/127/793
f 1603/125/719 1606/128/718 1607/129/797
f 1603/125/719 1607/129/797 1604/126/796
f 1604/126/796 1607/129/797 1608/130/798
f 1604/126/796 1608/130/798 1609/131/799
f 1605/127/793 1604/126/796 1609/131/799
f 1605/127/793 1609/131/799 1610/132/794
f 1611/124/718 1612/125/723 1613/126/800
f 1611/124/718 1613/126/800 1614/127/797
f 1612/125/723 1615/128/722 1616/129/801
f 1612/125/723 1616/129/801 1613/126/800
f 1613/126/800 1616/129/801 1617/130/802
f 1613/126/800 1617/130/802 1618/131/803
f 1614/127/797 1613/126/800 1618/131/803
f 1614/127/797 1618/131/803 1619/132/798
f 1620/124/722 1621/125/725 1622/126/804
f 1620/124/722 1622/126/804 1623/127/801
f 1621/125/725 1624/128/651 1625/129/727
f 1621/125/725 1625/129/727 1622/126/804
f 1622/126/804 1625/129/727 1626/130/731
f 1622/126/804 1626/130/731 1627/131/805
f 1623/127/801 1622/126/804 1627/131/805
f 1623/127/801 1627/131/805 1628/132/802
f 1629/124/731 1630/125/730 1631/133/806
f 1629/124/731 1631/133/806 1632/134/807
f 1630/125/730 1633/128/729 1634/135/808
f 1630/125/730 1634/135/808 1631/133/806
f 1631/133/806 1634/135/808 1635/136/809
f 1631/133/806 1635/136/809 1636/137/810
f 1632/134/807 1631/133/806 1636/137/810
f 1632/134/807 1636/137/810 1637/138/811
f 1638/124/729 1639/125/735 1640/133/812
f 1638/124/729 1640/133/812 1641/134/808
f 1639/125/735 1642/128/734 1643/135/813
f 1639/125/735 1643/135/813 1640/133/812
f 1640/133/812 1643/135/813 1644/136/814
f 1640/133/812 1644/136/814 1645/137/815
f 1641/134/808 1640/133/812 1645/137/815
f 1641/134/808 1645/137/815 1646/138/809
f 1647/124/734 1648/125/739 1649/133/816
f 1647/124/734 1649/133/816 1650/134/813
f 1648/125/739 1651/128/738 1652/135/817
f 1648/125/739 1652/135/817 1649/133/816
f 1649/133/816 1652/135/817 1653/136/818
f 1649/133/816 1653/136/818 1654/137/819
f 1650/134/813 1649/133/816 1654/137/819
f 1650/134/813 1654/137/819 1655/138/814
f 1656/124/738 1657/125/743 1658/133/820
f 1656/124/738 1658/133/820 1659/134/817
f 1657/125/743 1660/128/742 1661/135/821
f 1657/125/743 1661/135/821 1658/133/820
f 1658/133/820 1661/135/821 1662/136/822
f 1658/133/820 1662/136/822 1663/137/823
f 1659/134/817 1658/133/820 1663/137/823
f 1659/134/817 1663/137/823 1664/138/818
f 1665/124/742 1666/125/747 1667/133/824
f 1665/124/742 1667/133/824 1668/134/821
f 1666/125/747 1669/128/746 1670/135/825
f 1666/125/747 1670/135/825 1667/133/824
f 1667/133/824 1670/135/825 1671/136/826
f 1667/133/824 1671/136/826 1672/137/827
f 1668/134/821 1667/133/824 1672/137/827
f 1668/134/821 1672/137/827 1673/138/822
f 1674/124/746 1675/125/751 1676/133/828
f 1674/124/746 1676/133/828 1677/134/825
f 1675/125/751 1678/128/750 1679/135/829
f 1675/125/751 1679/135/829 1676/133/828
f 1676/133/828 1679/135/829 1680/136/830
f 1676/133/828 1680/136/830 1681/137/831
f 1677/134/825 1676/133/828 1681/137/831
f 1677/134/825 1681/137/831 1682/138/826
f 1683/124/750 1684/125/755 1685/133/832
f 1683/124/750 1685/133/832 1686/134/829
f 1684/125/755 1687/128/754 1688/135/833
f 1684/125/755 1688/135/833 1685/133/832
f 1685/133/832 1688/135/833 1689/136/834
f 1685/133/832 1689/136/834 1690/137/835
f 1686/134/829 1685/133/832 1690/137/835
f 1686/134/829 1690/137/835 1691/138/830
f 1692/124/754 1693/125/759 1694/133/836
f 1692/124/754 1694/133/836 1695/134/833
f 1693/125/759 1696/128/758 1697/135/837
f 1693/125/759 1697/135/837 1694/133/836
f 1694/133/836 1697/135/837 1698/136/838
f 1694/133/836 1698/136/838 1699/137/839
f 1695/134/833 1694/133/836 1699/137/839
f 1695/134/833 1699/137/839 1700/138/834
f 1701/124/758 1702/125/763 1703/133/840
f 1701/124/758 1703/133/840 1704/134/837
f 1702/125/763 1705/128/762 1706/135/841
f 1702/125/763 1706/135/841 1703/133/840
f 1703/133/840 1706/135/841 1707/136/842
f 1703/133/840 1707/136/842 1708/137/843
f 1704/134/837 1703/133/840 1708/137/843
f 1704/134/837 1708/137/843 1709/138/838
f 1710/124/762 1711/125/767 1712/133/844
f 1710/124/762 1712/133/844 1713/134/841
f 1711/125/767 1714/128/766 1715/135/845
f 1711/125/767 1715/135/845 1712/133/844
f 1712/133/844 1715/135/845 1716/136/846
f 1712/133/844 1716/136/846 1717/137/847
f 1713/134/841 1712/133/844 1717/137/847
f 1713/134/841 1717/137/847 1718/138/842
f 1719/124/766 1720/125/771 1721/133/848
f 1719/124/766 1721/133/848 1722/134/845
f 1720/125/771 1723/128/770 1724/135/849
f 1720/125/771 1724/135/849 1721/133/848
f 1721/133/848 1724/135/849 1725/136/850
f 1721/133/848 1725/136/850 1726/137/851
f 1722/134/845 1721/133/848 1726/137/851
f 1722/134/845 1726/137/851 1727/138/846
f 1728/124/770 1729/125/775 1730/133/852
f 1728/124/770 1730/133/852 1731/134/849
f 1729/125/775 1732/128/774 1733/135/853
f 1729/125/775 1733/135/853 1730/133/852
f 1730/133/852 1733/135/853 1734/136/854
f 1730/133/852 1734/136/854 1735/137/855
f 1731/134/849 1730/133/852 1735/137/855
f 1731/134/849 1735/137/855 1736/138/850
f 1737/124/774 1738/125/779 1739/133/856
f 1737/124/774 1739/133/856 1740/134/853
f 1738/125/779 1741/128/778 1742/135/857
f 1738/125/779 1742/135/857 1739/133/856
f 1739/133/856 1742/135/857 1743/136/858
f 1739/133/856 1743/136/858 1744/137/859
f 1740/134/853 1739/133/856 1744/137/859
f 1740/134/853 1744/137/859 1745/138/854
f 1746/124/778 1747/125/783 1748/133/860
f 1746/124/778 1748/133/860 1749/134/857
f 1747/125/783 1750/128/782 1751/135/861
f 1747/125/783 1751/135/861 1748/133/860
f 1748/133/860 1751/135/861 1752/136/862
f 1748/133/860 1752/136/862 1753/137/863
f 1749/134/857 1748/133/860 1753/137/863
f 1749/134/857 1753/137/863 1754/138/858
f 1755/124/782 1756/125/787 1757/133/864
f 1755/124/782 1757/133/864 1758/134/861
f 1756/125/787 1759/128/786 1760/135/865
f 1756/125/787 1760/135/865 1757/133/864
f 1757/133/864 1760/135/865 1761/136/866
f 1757/133/864 1761/136/866 1762/137/867
f 1758/134/861 1757/133/864 1762/137/867
f 1758/134/861 1762/137/867 1763/138/862
f 1764/124/786 1765/125/791 1766/133/868
f 1764/124/786 1766/133/868 1767/134/865
f 1765/125/791 1768/128/790 1769/135/869
f 1765/125/791 1769/135/869 1766/133/868
f 1766/133/868 1769/135/869 1770/136/870
f 1766/133/868 1770/136/870 1771/137/871
f 1767/134/865 1766/133/868 1771/137/871
f 1767/134/865 1771/137/871 1772/138/866
f 1773/124/790 1774/125/795 1775/133/872
f 1773/124/790 1775/133/872 1776/134/869
f 1774/125/795 1777/128/794 1778/135/873
f 1774/125/795 1778/135/873 1775/133/872
f 1775/133/872 1778/135/873 1779/136/874
f 1775/133/872 1779/136/874 1780/137/875
f 1776/134/869 1775/133/872 1780/137/875
f 1776/134/869 1780/137/875 1781/138/870
f 1782/124/794 1783/125/799 1784/133/876
f 1782/124/794 1784/133/876 1785/134/873
f 1783/125/799 1786/128/798 1787/135/877
f 1783/125/799 1787/135/877 1784/133/876
f 1784/133/876 1787/135/877 1788/136/878
f 1784/133/876 1788/136/878 1789/137/879
f 1785/134/873 1784/133/876 1789/137/879
f 1785/134/873 1789/137/879 1790/138/874
f 1791/124/798 1792/125/803 1793/133/880
f 1791/124/798 1793/133/880 1794/134/877
f 1792/125/803 1795/128/802 1796/135/881
f 1792/125/803 1796/135/881 1793/133/880
f 1793/133/880 1796/135/881 1797/136/882
f 1793/133/880 1797/136/882 1798/137/883
f 1794/134/877 1793/133/880 1798/137/883
f 1794/134/877 1798/137/883 1799/138/878
f 1800/124/802 1801/125/805 1802/133/884
f 1800/124/802 1802/133/884 1803/134/881
f 1801/125/805 1804/128/731 1805/135/807
f 1801/125/805 1805/135/807 1802/133/884
f 1802/133/884 1805/135/807 1806/136/811
f 1802/133/884 1806/136/811 1807/137/885
f 1803/134/881 1802/133/884 1807/137/885
f 1803/134/881 1807/137/885 1808/138/882
f 1809/128/886 1810/129/887 1811/126/888
f 1809/128/886 1811/126/888 1812/125/889
f 1810/129/887 1813/130/890 1814/131/891
f 1810/129/887 1814/131/891 1811/126/888
f 1811/126/888 1814/131/891 1815/132/892
f 1811/126/888 1815/132/892 1816/127/893
f 1812/125/889 1811/126/888 1816/127/893
f 1812/125/889 1816/127/893 1817/124/894
f 1818/128/895 1819/129/896 1820/126/897
f 1818/128/895 1820/126/897 1821/125/898
f 1819/129/896 1822/130/899 1823/131/900
f 1819/129/896 1823/131/900 1820/126/897
f 1820/126/897 1823/131/900 1824/132/890
f 1820/126/897 1824/132/890 1825/127/887
f 1821/125/898 1820/126/897 1825/127/887
f 1821/125/898 1825/127/887 1826/124/886
f 1827/128/901 1828/129/902 1829/126/903
f 1827/128/901 1829/126/903 1830/125/904
f 1828/129/902 1831/130/905 1832/131/906
f 1828/129/902 1832/131/906 1829/126/903
f 1829/126/903 1832/131/906 1833/132/899
f 1829/126/903 1833/132/899 1834/127/896
f 1830/125/904 1829/126/903 1834/127/896
f 1830/125/904 1834/127/896 1835/124/895
f 1836/128/907 1837/129/908 1838/126/909
f 1836/128/907 1838/126/909 1839/125/910
f 1837/129/908 1840/130/911 1841/131/912
f 1837/129/908 1841/131/912 1838/126/909
f 1838/126/909 1841/131/912 1842/132/905
f 1838/126/909 1842/132/905 1843/127/902
f 1839/125/910 1838/126/909 1843/127/902
f 1839/125/910 1843/127/902 1844/124/901
f 1845/128/913 1846/129/914 1847/126/915
f 1845/128/913 1847/126/915 1848/125/916
f 1846/129/914 1849/130/917 1850/131/918
f 1846/129/914 1850/131/918 1847/126/915
f 1847/126/915 1850/131/918 1851/132/911
f 1847/126/915 1851/132/911 1852/127/908
f 1848/125/916 1847/126/915 1852/127/908
f 1848/125/916 1852/127/908 1853/124/907
f 1854/128/919 1855/129/920 1856/126/921
f 1854/128/919 1856/126/921 1857/125/922
f 1855/129/920 1858/130/923 1859/131/924
f 1855/129/920 1859/131/924 1856/126/921
f 1856/126/921 1859/131/924 1860/132/917
f 1856/126/921 1860/132/917 1861/127/914
f 1857/125/922 1856/126/921 1861/127/914
f 1857/125/922 1861/127/914 1862/124/913
f 1863/128/925 1864/129/926 1865/126/927
f 1863/128/925 1865/126/927 1866/125/928
f 1864/129/926 1867/130/929 1868/131/930
f 1864/129/926 1868/131/930 1865/126/927
f 1865/126/927 1868/131/930 1869/132/923
f 1865/126/927 1869/132/923 1870/127/920
f 1866/125/928 1865/126/927 1870/127/920
f 1866/125/928 1870/127/920 1871/124/919
f 1872/128/931 1873/129/932 1874/126/933
f 1872/128/931 1874/126/933 1875/125/934
f 1873/129/932 1876/130/935 1877/131/936
f 1873/129/932 1877/131/936 1874/126/933
f 1874/126/933 1877/131/936 1878/132/929
f 1874/126/933 1878/132/929 1879/127/926
f 1875/125/934 1874/126/933 1879/127/926
f 1875/125/934 1879/127/926 1880/124/925
f 1881/128/937 1882/129/938 1883/126/939
f 1881/128/937 1883/126/939 1884/125/940
f 1882/129/938 1885/130/941 1886/131/942
f 1882/129/938 1886/131/942 1883/126/939
f 1883/126/939 1886/131/942 1887/132/935
f 1883/126/939 1887/132/935 1888/127/932
f 1884/125/940 1883/126/939 1888/127/932
f 1884/125/940 1888/127/932 1889/124/931
f 1890/128/943 1891/129/944 1892/126/945
f 1890/128/943 1892/126/945 1893/125/946
f 1891/129/944 1894/130/947 1895/131/948
f 1891/129/944 1895/131/948 1892/126/945
f 1892/126/945 1895/131/948 1896/132/941
f 1892/126/945 1896/132/941 1897/127/938
f 1893/125/946 1892/126/945 1897/127/938
f 1893/125/946 1897/127/938 1898/124/937
f 1899/128/949 1900/129/950 1901/126/951
f 1899/128/949 1901/126/951 1902/125/952
f 1900/129/950 1903/130/953 1904/131/954
f 1900/129/950 1904/131/954 1901/126/951
f 1901/126/951 1904/131/954 1905/132/947
f 1901/126/951 1905/132/947 1906/127/944
f 1902/125/952 1901/126/951 1906/127/944
f 1902/125/952 1906/127/944 1907/124/943
f 1908/128/955 1909/129/956 1910/126/957
f 1908/128/955 1910/126/957 1911/125/958
f 1909/129/956 1912/130/959 1913/131/960
f 1909/129/956 1913/131/960 1910/126/957
f 1910/126/957 1913/131/960 1914/132/953
f 1910/126/957 1914/132/953 1915/127/950
f 1911/125/958 1910/126/957 1915/127/950
f 1911/125/958 1915/127/950 1916/124/949
f 1917/128/961 1918/129/962 1919/126/963
f 1917/128/961 1919/126/963 1920/125/964
f 1918/129/962 1921/130/965 1922/131/966
f 1918/129/962 1922/131/966 1919/126/963
f 1919/126/963 1922/131/966 1923/132/959
f 1919/126/963 1923/132/959 1924/127/956
f 1920/125/964 1919/126/963 1924/127/956
f 1920/125/964 1924/127/956 1925/124/955
f 1926/128/967 1927/129/968 1928/126/969
f 1926/128/967 1928/126/969 1929/125/970
f 1927/129/968 1930/130/971 1931/131/972
f 1927/129/968 1931/131/972 1928/126/969
f 1928/126/969 1931/131/972 1932/132/965
f 1928/126/969 1932/132/965 1933/127/962
f 1929/125/970 1928/126/969 1933/127/962
f 1929/125/970 1933/127/962 1934/124/961
f 1935/128/973 1936/129/974 1937/126/975
f 1935/128/973 1937/126/975 1938/125/976
f 1936/129/974 1939/130/977 1940/131/978
f 1936/129/974 1940/131/978 1937/126/975
f 1937/126/975 1940/131/978 1941/132/971
f 1937/126/975 1941/132/971 1942/127/968
f 1938/125/976 1937/126/975 1942/127/968
f 1938/125/976 1942/127/968 1943/124/967
f 1944/128/979 1945/129/980 1946/126/981
f 1944/128/979 1946/126/981 1947/125/982
f 1945/129/980 1948/130/983 1949/131/984
f 1945/129/980 1949/131/984 1946/126/981
f 1946/126/981 1949/131/984 1950/132/977
f 1946/126/981 1950/132/977 1951/127/974
f 1947/125/982 1946/126/981 1951/127/974
f 1947/125/982 1951/127/974 1952/124/973
f 1953/128/985 1954/129/986 1955/126/987
f 1953/128/985 1955/126/987 1956/125/988
f 1954/129/986 1957/130/989 1958/131/990
f 1954/129/986 1958/131/990 1955/126/987
f 1955/126/987 1958/131/990 1959/132/983
f 1955/126/987 1959/132/983 1960/127/980
f 1956/125/988 1955/126/987 1960/127/980
f 1956/125/988 1960/127/980 1961/124/979
f 1962/128/991 1963/129/992 1964/126/993
f 1962/128/991 1964/126/993 1965/125/994
f 1963/129/992 1966/130/995 1967/131/996
f 1963/129/992 1967/131/996 1964/126/993
f 1964/126/993 1967/131/996 1968/132/989
f 1964/126/993 1968/132/989 1969/127/986
f 1965/125/994 1964/126/993 1969/127/986
f 1965/125/994 1969/127/986 1970/124/985
f 1971/128/997 1972/129/998 1973/126/999
f 1971/128/997 1973/126/999 1974/125/1000
f 1972/129/998 1975/130/1001 1976/131/1002
f 1972/129/998 1976/131/1002 1973/126/999
f 1973/126/999 1976/131/1002 1977/132/995
f 1973/126/999 1977/132/995 1978/127/992
f 1974/125/1000 1973/126/999 1978/127/992
f 1974/125/1000 1978/127/992 1979/124/991
f 1980/128/894 1981/129/893 1982/126/1003
f 1980/128/894 1982/126/1003 1983/125/1004
f 1981/129/893 1984/130/892 1985/131/1005
f 1981/129/893 1985/131/1005 1982/126/1003
f 1982/126/1003 1985/131/1005 1986/132/1001
f 1982/126/1003 1986/132/1001 1987/127/998
f 1983/125/1004 1982/126/1003 1987/127/998
f 1983/125/1004 1987/127/998 1988/124/997
f 1989/124/892 1990/125/891 1991/126/1006
f 1989/124/892 1991/126/1006 1992/127/1007
f 1990/125/891 1993/128/890 1994/129/1008
f 1990/125/891 1994/129/1008 1991/126/1006
f 1991/126/1006 1994/129/1008 1995/130/1009
f 1991/126/1006 1995/130/1009 1996/131/1010
f 1992/127/1007 1991/126/1006 1996/131/1010
f 1992/127/1007 1996/131/1010 1997/132/1011
f 1998/124/890 1999/125/900 2000/126/1012
f 1998/124/890 2000/126/1012 2001/127/1008
f 1999/125/900 2002/128/899 2003/129/1013
f 1999/125/900 2003/129/1013 2000/126/1012
f 2000/126/1012 2003/129/1013 2004/130/1014
f 2000/126/1012 2004/130/1014 2005/131/1015
f 2001/127/1008 2000/126/1012 2005/131/1015
f 2001/127/1008 2005/131/1015 2006/132/1009
f 2007/124/899 2008/125/906 2009/126/1016
f 2007/124/899 2009/126/1016 2010/127/1013
f 2008/125/906 2011/128/905 2012/129/1017
f 2008/125/906 2012/129/1017 2009/126/1016
f 2009/126/1016 2012/129/1017 2013/130/1018
f 2009/126/1016 2013/130/1018 2014/131/1019
f 2010/127/1013 2009/126/1016 2014/131/1019
f 2010/127/1013 2014/131/1019 2015/132/1014
f 2016/124/905 2017/125/912 2018/126/1020
f 2016/124/905 2018/126/1020 2019/127/1017
f 2017/125/912 2020/128/911 2021/129/1021
f 2017/125/912 2021/129/1021 2018/126/1020
f 2018/126/1020 2021/129/1021 2022/130/1022
f 2018/126/1020 2022/130/1022 2023/131/1023
f 2019/127/1017 2018/126/1020 2023/131/1023
f 2019/127/1017 2023/131/1023 2024/132/1018
f 2025/124/911 2026/125/918 2027/126/1024
f 2025/124/911 2027/126/1024 2028/127/1021
f 2026/125/918 2029/128/917 2030/129/1025
f 2026/125/918 2030/129/1025 2027/126/1024
f 2027/126/1024 2030/129/1025 2031/130/1026
f 2027/126/1024 2031/130/1026 2032/131/1027
f 2028/127/1021 2027/126/1024 2032/131/1027
f 2028/127/1021 2032/131/1027 2033/132/1022
f 2034/124/917 2035/125/924 2036/126/1028
f 2034/124/917 2036/126/1028 2037/127/1025
f 2035/125/924 2038/128/923 2039/129/1029
f 2035/125/924 2039/129/1029 2036/126/1028
f 2036/126/1028 2039/129/1029 2040/130/1030
f 2036/126/1028 2040/130/1030 2041/131/1031
f 2037/127/1025 2036/126/1028 2041/131/1031
f 2037/127/1025 2041/131/1031 2042/132/1026
f 2043/124/923 2044/125/930 2045/126/1032
f 2043/124/923 2045/126/1032 2046/127/1029
f 2044/125/930 2047/128/929 2048/129/1033
f 2044/125/930 2048/129/1033 2045/126/1032
f 2045/126/1032 2048/129/1033 2049/130/1034
f 2045/126/1032 2049/130/1034 2050/131/1035
f 2046/127/1029 2045/126/1032 2050/131/1035
f 2046/127/1029 2050/131/1035 2051/132/1030
f 2052/124/929 2053/125/936 2054/126/1036
f 2052/124/929 2054/126/1036 2055/127/1033
f 2053/125/936 2056/128/935 2057/129/1037
f 2053/125/936 2057/129/1037 2054/126/1036
f 2054/126/1036 2057/129/1037 2058/130/1038
f 2054/126/1036 2058/130/1038 2059/131/1039
f 2055/127/1033 2054/126/1036 2059/131/1039
f 2055/127/1033 2059/131/1039 2060/132/1034
f 2061/124/935 2062/125/942 2063/126/1040
f 2061/124/935 2063/126/1040 2064/127/1037
f 2062/125/942 2065/128/941 2066/129/1041
f 2062/125/942 2066/129/1041 2063/126/1040
f 2063/126/1040 2066/129/1041 2067/130/1042
f 2063/126/1040 2067/130/1042 2068/131/1043
f 2064/127/1037 2063/126/1040 2068/131/1043
f 2064/127/1037 2068/131/1043 2069/132/1038
f 2070/124/941 2071/125/948 2072/126/1044
f 2070/124/941 2072/126/1044 2073/127/1041
f 2071/125/948 2074/128/947 2075/129/1045
f 2071/125/948 2075/129/1045 2072/126/1044
f 2072/126/1044 2075/129/1045 2076/130/1046
f 2072/126/1044 2076/130/1046 2077/131/1047
f 2073/127/1041 2072/126/1044 2077/131/1047
f 2073/127/1041 2077/131/1047 2078/132/1042
f 2079/124/947 2080/125/954 2081/126/1048
f 2079/124/947 2081/126/1048 2082/127/1045
f 2080/125/954 2083/128/953 2084/129/1049
f 2080/125/954 2084/129/1049 2081/126/1048
f 2081/126/1048 2084/129/1049 2085/130/1050
f 2081/126/1048 2085/130/1050 2086/131/1051
f 2082/127/1045 2081/126/1048 2086/131/1051
f 2082/127/1045 2086/131/1051 2087/132/1046
f 2088/124/953 2089/125/960 2090/126/1052
f 2088/124/953 2090/126/1052 2091/127/1049
f 2089/125/960 2092/128/959 2093/129/1053
f 2089/125/960 2093/129/1053 2090/126/1052
f 2090/126/1052 2093/129/1053 2094/130/1054
f 2090/126/1052 2094/130/1054 2095/131/1055
f 2091/127/1049 2090/126/1052 2095/131/1055
f 2091/127/1049 2095/131/1055 2096/132/1050
f 2097/124/959 2098/125/966 2099/126/1056
f 2097/124/959 2099/126/1056 2100/127/1053
f 2098/125/966 2101/128/965 2102/129/1057
f 2098/125/966 2102/129/1057 2099/126/1056
f 2099/126/1056 2102/129/1057 2103/130/1058
f 2099/126/1056 2103/130/1058 2104/131/1059
f 2100/127/1053 2099/126/1056 2104/131/1059
f 2100/127/1053 2104/131/1059 2105/132/1054
f 2106/124/965 2107/125/972 2108/126/1060
f 2106/124/965 2108/126/1060 2109/127/1057
f 2107/125/972 2110/128/971 2111/129/1061
f 2107/125/972 2111/129/1061 2108/126/1060
f 2108/126/1060 2111/129/1061 2112/130/1062
f 2108/126/1060 2112/130/1062 2113/131/1063
f 2109/127/1057 2108/126/1060 2113/131/1063
f 2109/127/1057 2113/131/1063 2114/132/1058
f 2115/124/971 2116/125/978 2117/126/1064
f 2115/124/971 2117/126/1064 2118/127/1061
f 2116/125/978 2119/128/977 2120/129/1065
f 2116/125/978 2120/129/1065 2117/126/1064
f 2117/126/1064 2120/129/1065 2121/130/1066
f 2117/126/1064 2121/130/1066 2122/131/1067
f 2118/127/1061 2117/126/1064 2122/131/1067
f 2118/127/1061 2122/131/1067 2123/132/1062
f 2124/124/977 2125/125/984 2126/126/1068
f 2124/124/977 2126/126/1068 2127/127/1065
f 2125/125/984 2128/128/983 2129/129/1069
f 2125/125/984 2129/129/1069 2126/126/1068
f 2126/126/1068 2129/129/1069 2130/130/1070
f 2126/126/1068 2130/130/1070 2131/131/1071
f 2127/127/1065 2126/126/1068 2131/131/1071
f 2127/127/1065 2131/131/1071 2132/132/1066
f 2133/124/983 2134/125/990 2135/126/1072
f 2133/124/983 2135/126/1072 2136/127/1069
f 2134/125/990 2137/128/989 2138/129/1073
f 2134/125/990 2138/129/1073 2135/126/1072
f 2135/126/1072 2138/129/1073 2139/130/1074
f 2135/126/1072 2139/130/1074 2140/131/1075
f 2136/127/1069 2135/126/1072 2140/131/1075
f 2136/127/1069 2140/131/1075 2141/132/1070
f 2142/124/989 2143/125/996 2144/126/1076
f 2142/124/989 2144/126/1076 2145/127/1073
f 2143/125/996 2146/128/995 2147/129/1077
f 2143/125/996 2147/129/1077 2144/126/1076
f 2144/126/1076 2147/129/1077 2148/130/1078
f 2144/126/1076 2148/130/1078 2149/131/1079
f 2145/127/1073 2144/126/1076 2149/131/1079
f 2145/127/1073 2149/131/1079 2150/132/1074
f 2151/124/995 2152/125/1002 2153/126/1080
f 2151/124/995 2153/126/1080 2154/127/1077
f 2152/125/1002 2155/128/1001 2156/129/1081
f 2152/125/1002 2156/129/1081 2153/126/1080
f 2153/126/1080 2156/129/1081 2157/130/1082
f 2153/126/1080 2157/130/1082 2158/131/1083
f 2154/127/1077 2153/126/1080 2158/131/1083
f 2154/127/1077 2158/131/1083 2159/132/1078
f 2160/124/1001 2161/125/1005 2162/126/1084
f 2160/124/1001 2162/126/1084 2163/127/1081
f 2161/125/1005 2164/128/892 2165/129/1007
f 2161/125/1005 2165/129/1007 2162/126/1084
f 2162/126/1084 2165/129/1007 2166/130/1011
f 2162/126/1084 2166/130/1011 2167/131/1085
f 2163/127/1081 2162/126/1084 2167/131/1085
f 2163/127/1081 2167/131/1085 2168/132/1082
f 2169/124/1011 2170/125/1010 2171/126/1086
f 2169/124/1011 2171/126/1086 2172/127/1087
f 2170/125/1010 2173/128/1009 2174/129/1088
f 2170/125/1010 2174/129/1088 2171/126/1086
f 2171/126/1086 2174/129/1088 2175/130/1089
f 2171/126/1086 2175/130/1089 2176/131/1090
f 2172/127/1087 2171/126/1086 2176/131/1090
f 2172/127/1087 2176/131/1090 2177/132/1091
f 2178/124/1009 2179/125/1015 2180/126/1092
f 2178/124/1009 2180/126/1092 2181/127/1088
f 2179/125/1015 2182/128/1014 2183/129/1093
f 2179/125/1015 2183/129/1093 2180/126/1092
f 2180/126/1092 2183/129/1093 2184/130/1094
f 2180/126/1092 2184/130/1094 2185/131/1095
f 2181/127/1088 2180/126/1092 2185/131/1095
f 2181/127/1088 2185/131/1095 2186/132/1089
f 2187/124/1014 2188/125/1019 2189/126/1096
f 2187/124/1014 2189/126/1096 2190/127/1093
f 2188/125/1019 2191/128/1018 2192/129/1097
f 2188/125/1019 2192/129/1097 2189/126/1096
f 2189/126/1096 2192/129/1097 2193/130/1098
f 2189/126/1096 2193/130/1098 2194/131/1099
f 2190/127/1093 2189/126/1096 2194/131/1099
f 2190/127/1093 2194/131/1099 2195/132/1094
f 2196/124/1018 2197/125/1023 2198/126/1100
f 2196/124/1018 2198/126/1100 2199/127/1097
f 2197/125/1023 2200/128/1022 2201/129/1101
f 2197/125/1023 2201/129/1101 2198/126/1100
f 2198/126/1100 2201/129/1101 2202/130/1102
f 2198/126/1100 2202/130/1102 2203/131/1103
f 2199/127/1097 2198/126/1100 2203/131/1103
f 2199/127/1097 2203/131/1103 2204/132/1098
f 2205/124/1022 2206/125/1027 2207/126/1104
f 2205/124/1022 2207/126/1104 2208/127/1101
f 2206/125/1027 2209/128/1026 2210/129/1105
f 2206/125/1027 2210/129/1105 2207/126/1104
f 2207/126/1104 2210/129/1105 2211/130/1106
f 2207/126/1104 2211/130/1106 2212/131/1107
f 2208/127/1101 2207/126/1104 2212/131/1107
f 2208/127/1101 2212/131/1107 2213/132/1102
f 2214/124/1026 2215/125/1031 2216/126/1108
f 2214/124/1026 2216/126/1108 2217/127/1105
f 2215/125/1031 2218/128/1030 2219/129/1109
f 2215/125/1031 2219/129/1109 2216/126/1108
f 2216/126/1108 2219/129/1109 2220/130/1110
f 2216/126/1108 2220/130/1110 2221/131/1111
f 2217/127/1105 2216/126/1108 2221/131/1111
f 2217/127/1105 2221/131/1111 2222/132/1106
f 2223/124/1030 2224/125/1035 2225/126/1112
f 2223/124/1030 2225/126/1112 2226/127/1109
f 2224/125/1035 2227/128/1034 2228/129/1113
f 2224/125/1035 2228/129/1113 2225/126/1112
f 2225/126/1112 2228/129/1113 2229/130/1114
f 2225/126/1112 2229/130/1114 2230/131/1115
f 2226/127/1109 2225/126/1112 2230/131/1115
f 2226/127/1109 2230/131/1115 2231/132/1110
f 2232/124/1034 2233/125/1039 2234/126/1116
f 2232/124/1034 2234/126/1116 2235/127/1113
f 2233/125/1039 2236/128/1038 2237/129/1117
f 2233/125/1039 2237/129/1117 2234/126/1116
f 2234/126/1116 2237/129/1117 2238/130/1118
f 2234/126/1116 2238/130/1118 2239/131/1119
f 2235/127/1113 2234/126/1116 2239/131/1119
f 2235/127/1113 2239/131/1119 2240/132/1114
f 2241/124/1038 2242/125/1043 2243/126/1120
f 2241/124/1038 2243/126/1120 2244/127/1117
f 2242/125/1043 2245/128/1042 2246/129/1121
f 2242/125/1043 2246/129/1121 2243/126/1120
f 2243/126/1120 2246/129/1121 2247/130/1122
f 2243/126/1120 2247/130/1122 2248/131/1123
f 2244/127/1117 2243/126/1120 2248/131/1123
f 2244/127/1117 2248/131/1123 2249/132/1118
f 2250/124/1042 2251/125/1047 2252/126/1124
f 2250/124/1042 2252/126/1124 2253/127/1121
f 2251/125/1047 2254/128/1046 2255/129/1125
f 2251/125/1047 2255/129/1125 2252/126/1124
f 2252/126/1124 2255/129/1125 2256/130/1126
f 2252/126/1124 2256/130/1126 2257/131/1127
f 2253/127/1121 2252/126/1124 2257/131/1127
f 2253/127/1121 2257/131/1127 2258/132/1122
f 2259/124/1046 2260/125/1051 2261/126/1128
f 2259/124/1046 2261/126/1128 2262/127/1125
f 2260/125/1051 2263/128/1050 2264/129/1129
f 2260/125/1051 2264/129/1129 2261/126/1128
f 2261/126/1128 2264/129/1129 2265/130/1130
f 2261/126/1128 2265/130/1130 2266/131/1131
f 2262/127/1125 2261/126/1128 2266/131/1131
f 2262/127/1125 2266/131/1131 2267/132/1126
f 2268/124/1050 2269/125/1055 2270/126/1132
f 2268/124/1050 2270/126/1132 2271/127/1129
f 2269/125/1055 2272/128/1054 2273/129/1133
f 2269/125/1055 2273/129/1133 2270/126/1132
f 2270/126/1132 2273/129/1133 2274/130/1134
f 2270/126/1132 2274/130/1134 2275/131/1135
f 2271/127/1129 2270/126/1132 2275/131/1135
f 2271/127/1129 2275/131/1135 2276/132/1130
f 2277/124/1054 2278/125/1059 2279/126/1136
f 2277/124/1054 2279/126/1136 2280/127/1133
f 2278/125/1059 2281/128/1058 2282/129/1137
f 2278/125/1059 2282/129/1137 2279/126/1136
f 2279/126/1136 2282/129/1137 2283/130/1138
f 2279/126/1136 2283/130/1138 2284/131/1139
f 2280/127/1133 2279/126/1136 2284/131/1139
f 2280/127/1133 2284/131/1139 2285/132/1134
f 2286/124/1058 2287/125/1063 2288/126/1140
f 2286/124/1058 2288/126/1140 2289/127/1137
f 2287/125/1063 2290/128/1062 2291/129/1141
f 2287/125/1063 2291/129/1141 2288/126/1140
f 2288/126/1140 2291/129/1141 2292/130/1142
f 2288/126/1140 2292/130/1142 2293/131/1143
f 2289/127/1137 2288/126/1140 2293/131/1143
f 2289/127/1137 2293/131/1143 2294/132/1138
f 2295/124/1062 2296/125/1067 2297/126/1144
f 2295/124/1062 2297/126/1144 2298/127/1141
f 2296/125/1067 2299/128/1066 2300/129/1145
f 2296/125/1067 2300/129/1145 2297/126/1144
f 2297/126/1144 2300/129/1145 2301/130/1146
f 2297/126/1144 2301/130/1146 2302/131/1147
f 2298/127/1141 2297/126/1144 2302/131/1147
f 2298/127/1141 2302/131/1147 2303/132/1142
f 2304/124/1066 2305/125/1071 2306/126/1148
f 2304/124/1066 2306/126/1148 2307/127/1145
f 2305/125/1071 2308/128/1070 2309/129/1149
f 2305/125/1071 2309/129/1149 2306/126/1148
f 2306/126/1148 2309/129/1149 2310/130/1150
f 2306/126/1148 2310/130/1150 2311/131/1151
f 2307/127/1145 2306/126/1148 2311/131/1151
f 2307/127/1145 2311/131/1151 2312/132/1146
f 2313/124/1070 2314/125/1075 2315/126/1152
f 2313/124/1070 2315/126/1152 2316/127/1149
f 2314/125/1075 2317/128/1074 2318/129/1153
f 2314/125/1075 2318/129/1153 2315/126/1152
f 2315/126/1152 2318/129/1153 2319/130/1154
f 2315/126/1152 2319/130/1154 2320/131/1155
f 2316/127/1149 2315/126/1152 2320/131/1155
f 2316/127/1149 2320/131/1155 2321/132/1150
f 2322/124/1074 2323/125/1079 2324/126/1156
f 2322/124/1074 2324/126/1156 2325/127/1153
f 2323/125/1079 2326/128/1078 2327/129/1157
f 2323/125/1079 2327/129/1157 2324/126/1156
f 2324/126/1156 2327/129/1157 2328/130/1158
f 2324/126/1156 2328/130/1158 2329/131/1159
f 2325/127/1153 2324/126/1156 2329/131/1159
f 2325/127/1153 2329/131/1159 2330/132/1154
f 2331/124/1078 2332/125/1083 2333/126/1160
f 2331/124/1078 2333/126/1160 2334/127/1157
f 2332/125/1083 2335/128/1082 2336/129/1161
f 2332/125/1083 2336/129/1161 2333/126/1160
f 2333/126/1160 2336/129/1161 2337/130/1162
f 2333/126/1160 2337/130/1162 2338/131/1163
f 2334/127/1157 2333/126/1160 2338/131/1163
f 2334/127/1157 2338/131/1163 2339/132/1158
f 2340/124/1082 2341/125/1085 2342/126/1164
f 2340/124/1082 2342/126/1164 2343/127/1161
f 2341/125/1085 2344/128/1011 2345/129/1087
f 2341/125/1085 2345/129/1087 2342/126/1164
f 2342/126/1164 2345/129/1087 2346/130/1091
f 2342/126/1164 2346/130/1091 2347/131/1165
f 2343/127/1161 2342/126/1164 2347/131/1165
f 2343/127/1161 2347/131/1165 2348/132/1162
f 2349/124/1091 2350/125/1090 2351/126/1166
f 2349/124/1091 2351/126/1166 2352/127/1167
f 2350/125/1090 2353/128/1089 2354/129/1168
f 2350/125/1090 2354/129/1168 2351/126/1166
f 2351/126/1166 2354/129/1168 2355/130/1169
f 2351/126/1166 2355/130/1169 2356/131/1170
f 2352/127/1167 2351/126/1166 2356/131/1170
f 2352/127/1167 2356/131/1170 2357/132/1171
f 2358/124/1089 2359/125/1095 2360/126/1172
f 2358/124/1089 2360/126/1172 2361/127/1168
f 2359/125/1095 2362/128/1094 2363/129/1173
f 2359/125/1095 2363/129/1173 2360/126/1172
f 2360/126/1172 2363/129/1173 2364/130/1174
f 2360/126/1172 2364/130/1174 2365/131/1175
f 2361/127/1168 2360/126/1172 2365/131/1175
f 2361/127/1168 2365/131/1175 2366/132/1169
f 2367/124/1094 2368/125/1099 2369/126/1176
f 2367/124/1094 2369/126/1176 2370/127/1173
f 2368/125/1099 2371/128/1098 2372/129/1177
f 2368/125/1099 2372/129/1177 2369/126/1176
f 2369/126/1176 2372/129/1177 2373/130/1178
f 2369/126/1176 2373/130/1178 2374/131/1179
f 2370/127/1173 2369/126/1176 2374/131/1179
f 2370/127/1173 2374/131/1179 2375/132/1174
f 2376/124/1098 2377/125/1103 2378/126/1180
f 2376/124/1098 2378/126/1180 2379/127/1177
f 2377/125/1103 2380/128/1102 2381/129/1181
f 2377/125/1103 2381/129/1181 2378/126/1180
f 2378/126/1180 2381/129/1181 2382/130/1182
f 2378/126/1180 2382/130/1182 2383/131/1183
f 2379/127/1177 2378/126/1180 2383/131/1183
f 2379/127/1177 2383/131/1183 2384/132/1178
f 2385/124/1102 2386/125/1107 2387/126/1184
f 2385/124/1102 2387/126/1184 2388/127/1181
f 2386/125/1107 2389/128/1106 2390/129/1185
f 2386/125/1107 2390/129/1185 2387/126/1184
f 2387/126/1184 2390/129/1185 2391/130/1186
f 2387/126/1184 2391/130/1186 2392/131/1187
f 2388/127/1181 2387/126/1184 2392/131/1187
f 2388/127/1181 2392/131/1187 2393/132/1182
f 2394/124/1106 2395/125/1111 2396/126/1188
f 2394/124/1106 2396/126/1188 2397/127/1185
f 2395/125/1111 2398/128/1110 2399/129/1189
f 2395/125/1111 2399/129/1189 2396/126/1188
f 2396/126/1188 2399/129/1189 2400/130/1190
f 2396/126/1188 2400/130/1190 2401/131/1191
f 2397/127/1185 2396/126/1188 2401/131/1191
f 2397/127/1185 2401/131/1191 2402/132/1186
f 2403/124/1110 2404/125/1115 2405/126/1192
f 2403/124/1110 2405/126/1192 2406/127/1189
f 2404/125/1115 2407/128/1114 2408/129/1193
f 2404/125/1115 2408/129/1193 2405/126/1192
f 2405/126/1192 2408/129/1193 2409/130/1194
f 2405/126/1192 2409/130/1194 2410/131/1195
f 2406/127/1189 2405/126/1192 2410/131/1195
f 2406/127/1189 2410/131/1195 2411/132/1190
f 2412/124/1114 2413/125/1119 2414/126/1196
f 2412/124/1114 2414/126/1196 2415/127/1193
f 2413/125/1119 2416/128/1118 2417/129/1197
f 2413/125/1119 2417/129/1197 2414/126/1196
f 2414/126/1196 2417/129/1197 2418/130/1198
f 2414/126/1196 2418/130/1198 2419/131/1199
f 2415/127/1193 2414/126/1196 2419/131/1199
f 2415/127/1193 2419/131/1199 2420/132/1194
f 2421/124/1118 2422/125/1123 2423/126/1200
f 2421/124/1118 2423/126/1200 2424/127/1197
f 2422/125/1123 2425/128/1122 2426/129/1201
f 2422/125/1123 2426/129/1201 2423/126/1200
f 2423/126/1200 2426/129/1201 2427/130/1202
f 2423/126/1200 2427/130/1202 2428/131/1203
f 2424/127/1197 2423/126/1200 2428/131/1203
f 2424/127/1197 2428/131/1203 2429/132/1198
f 2430/124/1122 2431/125/1127 2432/126/1204
f 2430/124/1122 2432/126/1204 2433/127/1201
f 2431/125/1127 2434/128/1126 2435/129/1205
f 2431/125/1127 2435/129/1205 2432/126/1204
f 2432/126/1204 2435/129/1205 2436/130/1206
f 2432/126/1204 2436/130/1206 2437/131/1207
f 2433/127/1201 2432/126/1204 2437/131/1207
f 2433/127/1201 2437/131/1207 2438/132/1202
f 2439/124/1126 2440/125/1131 2441/126/1208
f 2439/124/1126 2441/126/1208 2442/127/1205
f 2440/125/1131 2443/128/1130 2444/129/1209
f 2440/125/1131 2444/129/1209 2441/126/1208
f 2441/126/1208 2444/129/1209 2445/130/1210
f 2441/126/1208 2445/130/1210 2446/131/1211
f 2442/127/1205 2441/126/1208 2446/131/1211
f 2442/127/1205 2446/131/1211 2447/132/1206
f 2448/124/1130 2449/125/1135 2450/126/1212
f 2448/124/1130 2450/126/1212 2451/127/1209
f 2449/125/1135 2452/128/1134 2453/129/1213
f 2449/125/1135 2453/129/1213 2450/126/1212
f 2450/126/1212 2453/129/1213 2454/130/1214
f 2450/126/1212 2454/130/1214 2455/131/1215
f 2451/127/1209 2450/126/1212 2455/131/1215
f 2451/127/1209 2455/131/1215 2456/132/1210
f 2457/124/1134 2458/125/1139 2459/126/1216
f 2457/124/1134 2459/126/1216 2460/127/1213
f 2458/125/1139 2461/128/1138 2462/129/1217
f 2458/125/1139 2462/129/1217 2459/126/1216
f 2459/126/1216 2462/129/1217 2463/130/1218
f 2459/126/1216 2463/130/1218 2464/131/1219
f 2460/127/1213 2459/126/1216 2464/131/1219
f 2460/127/1213 2464/131/1219 2465/132/1214
f 2466/124/1138 2467/125/1143 2468/126/1220
f 2466/124/1138 2468/126/1220 2469/127/1217
f 2467/125/1143 2470/128/1142 2471/129/1221
f 2467/125/1143 2471/129/1221 2468/126/1220
f 2468/126/1220 2471/129/1221 2472/130/1222
f 2468/126/1220 2472/130/1222 2473/131/1223
f 2469/127/1217 2468/126/1220 2473/131/1223
f 2469/127/1217 2473/131/1223 2474/132/1218
f 2475/124/1142 2476/125/1147 2477/126/1224
f 2475/124/1142 2477/126/1224 2478/127/1221
f 2476/125/1147 2479/128/1146 2480/129/1225
f 2476/125/1147 2480/129/1225 2477/126/1224
f 2477/126/1224 2480/129/1225 2481/130/1226
f 2477/126/1224 2481/130/1226 2482/131/1227
f 2478/127/1221 2477/126/1224 2482/131/1227
f 2478/127/1221 2482/131/1227 2483/132/1222
f 2484/124/1146 2485/125/1151 2486/126/1228
f 2484/124/1146 2486/126/1228 2487/127/1225
f 2485/125/1151 2488/128/1150 2489/129/1229
f 2485/125/1151 2489/129/1229 2486/126/1228
f 2486/126/1228 2489/129/1229 2490/130/1230
f 2486/126/1228 2490/130/1230 2491/131/1231
f 2487/127/1225 2486/126/1228 2491/131/1231
f 2487/127/1225 2491/131/1231 2492/132/1226
f 2493/124/1150 2494/125/1155 2495/126/1232
f 2493/124/1150 2495/126/1232 2496/127/1229
f 2494/125/1155 2497/128/1154 2498/129/1233
f 2494/125/1155 2498/129/1233 2495/126/1232
f 2495/126/1232 2498/129/1233 2499/130/1234
f 2495/126/1232 2499/130/1234 2500/131/1235
f 2496/127/1229 2495/126/1232 2500/131/1235
f 2496/127/1229 2500/131/1235 2501/132/1230
f 2502/124/1154 2503/125/1159 2504/126/1236
f 2502/124/1154 2504/126/1236 2505/127/1233
f 2503/125/1159 2506/128/1158 2507/129/1237
f 2503/125/1159 2507/129/1237 2504/126/1236
f 2504/126/1236 2507/129/1237 2508/130/1238
f 2504/126/1236 2508/130/1238 2509/131/1239
f 2505/127/1233 2504/126/1236 2509/131/1239
f 2505/127/1233 2509/131/1239 2510/132/1234
f 2511/124/1158 2512/125/1163 2513/126/1240
f 2511/124/1158 2513/126/1240 2514/127/1237
f 2512/125/1163 2515/128/1162 2516/129/1241
f 2512/125/1163 2516/129/1241 2513/126/1240
f 2513/126/1240 2516/129/1241 2517/130/1242
f 2513/126/1240 2517/130/1242 2518/131/1243
f 2514/127/1237 2513/126/1240 2518/131/1243
f 2514/127/1237 2518/131/1243 2519/132/1238
f 2520/124/1162 2521/125/1165 2522/126/1244
f 2520/124/1162 2522/126/1244 2523/127/1241
f 2521/125/1165 2524/128/1091 2525/129/1167
f 2521/125/1165 2525/129/1167 2522/126/1244
f 2522/126/1244 2525/129/1167 2526/130/1171
f 2522/126/1244 2526/130/1171 2527/131/1245
f 2523/127/1241 2522/126/1244 2527/131/1245
f 2523/127/1241 2527/131/1245 2528/132/1242
f 2529/124/1171 2530/125/1170 2531/126/1246
f 2529/124/1171 2531/126/1246 2532/127/1247
f 2530/125/1170 2533/128/1169 2534/129/1248
f 2530/125/1170 2534/129/1248 2531/126/1246
f 2531/126/1246 2534/129/1248 2535/130/1249
f 2531/126/1246 2535/130/1249 2536/131/1250
f 2532/127/1247 2531/126/1246 2536/131/1250
f 2532/127/1247 2536/131/1250 2537/132/1251
f 2538/124/1169 2539/125/1175 2540/126/1252
f 2538/124/1169 2540/126/1252 2541/127/1248
f 2539/125/1175 2542/128/1174 2543/129/1253
f 2539/125/1175 2543/129/1253 2540/126/1252
f 2540/126/1252 2543/129/1253 2544/130/1254
f 2540/126/1252 2544/130/1254 2545/131/1255
f 2541/127/1248 2540/126/1252 2545/131/1255
f 2541/127/1248 2545/131/1255 2546/132/1249
f 2547/124/1174 2548/125/1179 2549/126/1256
f 2547/124/1174 2549/126/1256 2550/127/1253
f 2548/125/1179 2551/128/1178 2552/129/1257
f 2548/125/1179 2552/129/1257 2549/126/1256
f 2549/126/1256 2552/129/1257 2553/130/1258
f 2549/126/1256 2553/130/1258 2554/131/1259
f 2550/127/1253 2549/126/1256 2554/131/1259
f 2550/127/1253 2554/131/1259 2555/132/1254
f 2556/124/1178 2557/125/1183 2558/126/1260
f 2556/124/1178 2558/126/1260 2559/127/1257
f 2557/125/1183 2560/128/1182 2561/129/1261
f 2557/125/1183 2561/129/1261 2558/126/1260
f 2558/126/1260 2561/129/1261 2562/130/1262
f 2558/126/1260 2562/130/1262 2563/131/1263
f 2559/127/1257 2558/126/1260 2563/131/1263
f 2559/127/1257 2563/131/1263 2564/132/1258
f 2565/124/1182 2566/125/1187 2567/126/1264
f 2565/124/1182 2567/126/1264 2568/127/1261
f 2566/125/1187 2569/128/1186 2570/129/1265
f 2566/125/1187 2570/129/1265 2567/126/1264
f 2567/126/1264 2570/129/1265 2571/130/1266
f 2567/126/1264 2571/130/1266 2572/131/1267
f 2568/127/1261 2567/126/1264 2572/131/1267
f 2568/127/1261 2572/131/1267 2573/132/1262
f 2574/124/1186 2575/125/1191 2576/126/1268
f 2574/124/1186 2576/126/1268 2577/127/1265
f 2575/125/1191 2578/128/1190 2579/129/1269
f 2575/125/1191 2579/129/1269 2576/126/1268
f 2576/126/1268 2579/129/1269 2580/130/1270
f 2576/126/1268 2580/130/1270 2581/131/1271
f 2577/127/1265 2576/126/1268 2581/131/1271
f 2577/127/1265 2581/131/1271 2582/132/1266
f 2583/124/1190 2584/125/1195 2585/126/1272
f 2583/124/1190 2585/126/1272 2586/127/1269
f 2584/125/1195 2587/128/1194 2588/129/1273
f 2584/125/1195 2588/129/1273 2585/126/1272
f 2585/126/1272 2588/129/1273 2589/130/1274
f 2585/126/1272 2589/130/1274 2590/131/1275
f 2586/127/1269 2585/126/1272 2590/131/1275
f 2586/127/1269 2590/131/1275 2591/132/1270
f 2592/124/1194 2593/125/1199 2594/126/1276
f 2592/124/1194 2594/126/1276 2595/127/1273
f 2593/125/1199 2596/128/1198 2597/129/1277
f 2593/125/1199 2597/129/1277 2594/126/1276
f 2594/126/1276 2597/129/1277 2598/130/1278
f 2594/126/1276 2598/130/1278 2599/131/1279
f 2595/127/1273 2594/126/1276 2599/131/1279
f 2595/127/1273 2599/131/1279 2600/132/1274
f 2601/124/1198 2602/125/1203 2603/126/1280
f 2601/124/1198 2603/126/1280 2604/127/1277
f 2602/125/1203 2605/128/1202 2606/129/1281
f 2602/125/1203 2606/129/1281 2603/126/1280
f 2603/126/1280 2606/129/1281 2607/130/1282
f 2603/126/1280 2607/130/1282 2608/131/1283
f 2604/127/1277 2603/126/1280 2608/131/1283
f 2604/127/1277 2608/131/1283 2609/132/1278
f 2610/124/1202 2611/125/1207 2612/126/1284
f 2610/124/1202 2612/126/1284 2613/127/1281
f 2611/125/1207 2614/128/1206 2615/129/1285
f 2611/125/1207 2615/129/1285 2612/126/1284
f 2612/126/1284 2615/129/1285 2616/130/1286
f 2612/126/1284 2616/130/1286 2617/131/1287
f 2613/127/1281 2612/126/1284 2617/131/1287
f 2613/127/1281 2617/131/1287 2618/132/1282
f 2619/124/1206 2620/125/1211 2621/126/1288
f 2619/124/1206 2621/126/1288 2622/127/1285
f 2620/125/1211 2623/128/1210 2624/129/1289
f 2620/125/1211 2624/129/1289 2621/126/1288
f 2621/126/1288 2624/129/1289 2625/130/1290
f 2621/126/1288 2625/130/1290 2626/131/1291
f 2622/127/1285 2621/126/1288 2626/131/1291
f 2622/127/1285 2626/131/1291 2627/132/1286
f 2628/124/1210 2629/125/1215 2630/126/1292
f 2628/124/1210 2630/126/1292 2631/127/1289
f 2629/125/1215 2632/128/1214 2633/129/1293
f 2629/125/1215 2633/129/1293 2630/126/1292
f 2630/126/1292 2633/129/1293 2634/130/1294
f 2630/126/1292 2634/130/1294 2635/131/1295
f 2631/127/1289 2630/126/1292 2635/131/1295
f 2631/127/1289 2635/131/1295 2636/132/1290
f 2637/124/1214 2638/125/1219 2639/126/1296
f 2637/124/1214 2639/126/1296 2640/127/1293
f 2638/125/1219 2641/128/1218 2642/129/1297
f 2638/125/1219 2642/129/1297 2639/126/1296
f 2639/126/1296 2642/129/1297 2643/130/1298
f 2639/126/1296 2643/130/1298 2644/131/1299
f 2640/127/1293 2639/126/1296 2644/131/1299
f 2640/127/1293 2644/131/1299 2645/132/1294
f 2646/124/1218 2647/125/1223 2648/126/1300
f 2646/124/1218 2648/126/1300 2649/127/1297
f 2647/125/1223 2650/128/1222 2651/129/1301
f 2647/125/1223 2651/129/1301 2648/126/1300
f 2648/126/1300 2651/129/1301 2652/130/1302
f 2648/126/1300 2652/130/1302 2653/131/1303
f 2649/127/1297 2648/126/1300 2653/131/1303
f 2649/127/1297 2653/131/1303 2654/132/1298
f 2655/124/1222 2656/125/1227 2657/126/1304
f 2655/124/1222 2657/126/1304 2658/127/1301
f 2656/125/1227 2659/128/1226 2660/129/1305
f 2656/125/1227 2660/129/1305 2657/126/1304
f 2657/126/1304 2660/129/1305 2661/130/1306
f 2657/126/1304 2661/130/1306 2662/131/1307
f 2658/127/1301 2657/126/1304 2662/131/1307
f 2658/127/1301 2662/131/1307 2663/132/1302
f 2664/124/1226 2665/125/1231 2666/126/1308
f 2664/124/1226 2666/126/1308 2667/127/1305
f 2665/125/1231 2668/128/1230 2669/129/1309
f 2665/125/1231 2669/129/1309 2666/126/1308
f 2666/126/1308 2669/129/1309 2670/130/1310
f 2666/126/1308 2670/130/1310 2671/131/1311
f 2667/127/1305 2666/126/1308 2671/131/1311
f 2667/127/1305 2671/131/1311 2672/132/1306
f 2673/124/1230 2674/125/1235 2675/126/1312
f 2673/124/1230 2675/126/1312 2676/127/1309
f 2674/125/1235 2677/128/1234 2678/129/1313
f 2674/125/1235 2678/129/1313 2675/126/1312
f 2675/126/1312 2678/129/1313 2679/130/1314
f 2675/126/1312 2679/130/1314 2680/131/1315
f 2676/127/1309 2675/126/1312 2680/131/1315
f 2676/127/1309 2680/131/1315 2681/132/1310
f 2682/124/1234 2683/125/1239 2684/126/1316
f 2682/124/1234 2684/126/1316 2685/127/1313
f 2683/125/1239 2686/128/1238 2687/129/1317
f 2683/125/1239 2687/129/1317 2684/126/1316
f 2684/126/1316 2687/129/1317 2688/130/1318
f 2684/126/1316 2688/130/1318 2689/131/1319
f 2685/127/1313 2684/126/1316 2689/131/1319
f 2685/127/1313 2689/131/1319 2690/132/1314
f 2691/124/1238 2692/125/1243 2693/126/1320
f 2691/124/1238 2693/126/1320 2694/127/1317
f 2692/125/1243 2695/128/1242 2696/129/1321
f 2692/125/1243 2696/129/1321 2693/126/1320
f 2693/126/1320 2696/129/1321 2697/130/1322
f 2693/126/1320 2697/130/1322 2698/131/1323
f 2694/127/1317 2693/126/1320 2698/131/1323
f 2694/127/1317 2698/131/1323 2699/132/1318
f 2700/124/1242 2701/125/1245 2702/126/1324
f 2700/124/1242 2702/126/1324 2703/127/1321
f 2701/125/1245 2704/128/1171 2705/129/1247
f 2701/125/1245 2705/129/1247 2702/126/1324
f 2702/126/1324 2705/129/1247 2706/130/1251
f 2702/126/1324 2706/130/1251 2707/131/1325
f 2703/127/1321 2702/126/1324 2707/131/1325
f 2703/127/1321 2707/131/1325 2708/132/1322
f 2709/128/1249 2710/129/1326 2711/126/1327
f 2709/128/1249 2711/126/1327 2712/125/1250
f 2710/129/1326 2713/130/1328 2714/131/1329
f 2710/129/1326 2714/131/1329 2711/126/1327
f 2711/126/1327 2714/131/1329 2715/132/1330
f 2711/126/1327 2715/132/1330 2716/127/1331
f 2712/125/1250 2711/126/1327 2716/127/1331
f 2712/125/1250 2716/127/1331 2717/124/1251
f 2718/128/1254 2719/129/1332 2720/126/1333
f 2718/128/1254 2720/126/1333 2721/125/1255
f 2719/129/1332 2722/130/1334 2723/131/1335
f 2719/129/1332 2723/131/1335 2720/126/1333
f 2720/126/1333 2723/131/1335 2724/132/1328
f 2720/126/1333 2724/132/1328 2725/127/1326
f 2721/125/1255 2720/126/1333 2725/127/1326
f 2721/125/1255 2725/127/1326 2726/124/1249
f 2727/128/1258 2728/129/1336 2729/126/1337
f 2727/128/1258 2729/126/1337 2730/125/1259
f 2728/129/1336 2731/130/1338 2732/131/1339
f 2728/129/1336 2732/131/1339 2729/126/1337
f 2729/126/1337 2732/131/1339 2733/132/1334
f 2729/126/1337 2733/132/1334 2734/127/1332
f 2730/125/1259 2729/126/1337 2734/127/1332
f 2730/125/1259 2734/127/1332 2735/124/1254
f 2736/128/1262 2737/129/1340 2738/126/1341
f 2736/128/1262 2738/126/1341 2739/125/1263
f 2737/129/1340 2740/130/1342 2741/131/1343
f 2737/129/1340 2741/131/1343 2738/126/1341
f 2738/126/1341 2741/131/1343 2742/132/1338
f 2738/126/1341 2742/132/1338 2743/127/1336
f 2739/125/1263 2738/126/1341 2743/127/1336
f 2739/125/1263 2743/127/1336 2744/124/1258
f 2745/128/1266 2746/129/1344 2747/126/1345
f 2745/128/1266 2747/126/1345 2748/125/1267
f 2746/129/1344 2749/130/1346 2750/131/1347
f 2746/129/1344 2750/131/1347 2747/126/1345
f 2747/126/1345 2750/131/1347 2751/132/1342
f 2747/126/1345 2751/132/1342 2752/127/1340
f 2748/125/1267 2747/126/1345 2752/127/1340
f 2748/125/1267 2752/127/1340 2753/124/1262
f 2754/128/1270 2755/129/1348 2756/126/1349
f 2754/128/1270 2756/126/1349 2757/125/1271
f 2755/129/1348 2758/130/1350 2759/131/1351
f 2755/129/1348 2759/131/1351 2756/126/1349
f 2756/126/1349 2759/131/1351 2760/132/1346
f 2756/126/1349 2760/132/1346 2761/127/1344
f 2757/125/1271 2756/126/1349 2761/127/1344
f 2757/125/1271 2761/127/1344 2762/124/1266
f 2763/128/1274 2764/129/1352 2765/126/1353
f 2763/128/1274 2765/126/1353 2766/125/1275
f 2764/129/1352 2767/130/1354 2768/131/1355
f 2764/129/1352 2768/131/1355 2765/126/1353
f 2765/126/1353 2768/131/1355 2769/132/1350
f 2765/126/1353 2769/132/1350 2770/127/1348
f 2766/125/1275 2765/126/1353 2770/127/1348
f 2766/125/1275 2770/127/1348 2771/124/1270
f 2772/128/1278 2773/129/1356 2774/126/1357
f 2772/128/1278 2774/126/1357 2775/125/1279
f 2773/129/1356 2776/130/1358 2777/131/1359
f 2773/129/1356 2777/131/1359 2774/126/1357
f 2774/126/1357 2777/131/1359 2778/132/1354
f 2774/126/1357 2778/132/1354 2779/127/1352
f 2775/125/1279 2774/126/1357 2779/127/1352
f 2775/125/1279 2779/127/1352 2780/124/1274
f 2781/128/1282 2782/129/1360 2783/126/1361
f 2781/128/1282 2783/126/1361 2784/125/1283
f 2782/129/1360 2785/130/1362 2786/131/1363
f 2782/129/1360 2786/131/1363 2783/126/1361
f 2783/126/1361 2786/131/1363 2787/132/1358
f 2783/126/1361 2787/132/1358 2788/127/1356
f 2784/125/1283 2783/126/1361 2788/127/1356
f 2784/125/1283 2788/127/1356 2789/124/1278
f 2790/128/1286 2791/129/1364 2792/126/1365
f 2790/128/1286 2792/126/1365 2793/125/1287
f 2791/129/1364 2794/130/1366 2795/131/1367
f 2791/129/1364 2795/131/1367 2792/126/1365
f 2792/126/1365 2795/131/1367 2796/132/1362
f 2792/126/1365 2796/132/1362 2797/127/1360
f 2793/125/1287 2792/126/1365 2797/127/1360
f 2793/125/1287 2797/127/1360 2798/124/1282
f 2799/128/1290 2800/129/1368 2801/126/1369
f 2799/128/1290 2801/126/1369 2802/125/1291
f 2800/129/1368 2803/130/1370 2804/131/1371
f 2800/129/1368 2804/131/1371 2801/126/1369
f 2801/126/1369 2804/131/1371 2805/132/1366
f 2801/126/1369 2805/132/1366 2806/127/1364
f 2802/125/1291 2801/126/1369 2806/127/1364
f 2802/125/1291 2806/127/1364 2807/124/1286
f 2808/128/1294 2809/129/1372 2810/126/1373
f 2808/128/1294 2810/126/1373 2811/125/1295
f 2809/129/1372 2812/130/1374 2813/131/1375
f 2809/129/1372 2813/131/1375 2810/126/1373
f 2810/126/1373 2813/131/1375 2814/132/1370
f 2810/126/1373 2814/132/1370 2815/127/1368
f 2811/125/1295 2810/126/1373 2815/127/1368
f 2811/125/1295 2815/127/1368 2816/124/1290
f 2817/128/1298 2818/129/1376 2819/126/1377
f 2817/128/1298 2819/126/1377 2820/125/1299
f 2818/129/1376 2821/130/1378 2822/131/1379
f 2818/129/1376 2822/131/1379 2819/126/1377
f 2819/126/1377 2822/131/1379 2823/132/1374
f 2819/126/1377 2823/132/1374 2824/127/1372
f 2820/125/1299 2819/126/1377 2824/127/1372
f 2820/125/1299 2824/127/1372 2825/124/1294
f 2826/128/1302 2827/129/1380 2828/126/1381
f 2826/128/1302 2828/126/1381 2829/125/1303
f 2827/129/1380 2830/130/1382 2831/131/1383
f 2827/129/1380 2831/131/1383 2828/126/1381
f 2828/126/1381 2831/131/1383 2832/132/1378
f 2828/126/1381 2832/132/1378 2833/127/1376
f 2829/125/1303 2828/126/1381 2833/127/1376
f 2829/125/1303 2833/127/1376 2834/124/1298
f 2835/128/1306 2836/129/1384 2837/126/1385
f 2835/128/1306 2837/126/1385 2838/125/1307
f 2836/129/1384 2839/130/1386 2840/131/1387
f 2836/129/1384 2840/131/1387 2837/126/1385
f 2837/126/1385 2840/131/1387 2841/132/1382
f 2837/126/1385 2841/132/1382 2842/127/1380
f 2838/125/1307 2837/126/1385 2842/127/1380
f 2838/125/1307 2842/127/1380 2843/124/1302
f 2844/128/1310 2845/129/1388 2846/126/1389
f 2844/128/1310 2846/126/1389 2847/125/1311
f 2845/129/1388 2848/130/1390 2849/131/1391
f 2845/129/1388 2849/131/1391 2846/126/1389
f 2846/126/1389 2849/131/1391 2850/132/1386
f 2846/126/1389 2850/132/1386 2851/127/1384
f 2847/125/1311 2846/126/1389 2851/127/1384
f 2847/125/1311 2851/127/1384 2852/124/1306
f 2853/128/1314 2854/129/1392 2855/126/1393
f 2853/128/1314 2855/126/1393 2856/125/1315
f 2854/129/1392 2857/130/1394 2858/131/1395
f 2854/129/1392 2858/131/1395 2855/126/1393
f 2855/126/1393 2858/131/1395 2859/132/1390
f 2855/126/1393 2859/132/1390 2860/127/1388
f 2856/125/1315 2855/126/1393 2860/127/1388
f 2856/125/1315 2860/127/1388 2861/124/1310
f 2862/128/1318 2863/129/1396 2864/126/1397
f 2862/128/1318 2864/126/1397 2865/125/1319
f 2863/129/1396 2866/130/1398 2867/131/1399
f 2863/129/1396 2867/131/1399 2864/126/1397
f 2864/126/1397 2867/131/1399 2868/132/1394
f 2864/126/1397 2868/132/1394 2869/127/1392
f 2865/125/1319 2864/126/1397 2869/127/1392
f 2865/125/1319 2869/127/1392 2870/124/1314
f 2871/128/1322 2872/129/1400 2873/126/1401
f 2871/128/1322 2873/126/1401 2874/125/1323
f 2872/129/1400 2875/130/1402 2876/131/1403
f 2872/129/1400 2876/131/1403 2873/126/1401
f 2873/126/1401 2876/131/1403 2877/132/1398
f 2873/126/1401 2877/132/1398 2878/127/1396
f 2874/125/1323 2873/126/1401 2878/127/1396
f 2874/125/1323 2878/127/1396 2879/124/1318
f 2880/128/1251 2881/129/1331 2882/126/1404
f 2880/128/1251 2882/126/1404 2883/125/1325
f 2881/129/1331 2884/130/1330 2885/131/1405
f 2881/129/1331 2885/131/1405 2882/126/1404
f 2882/126/1404 2885/131/1405 2886/132/1402
f 2882/126/1404 2886/132/1402 2887/127/1400
f 2883/125/1325 2882/126/1404 2887/127/1400
f 2883/125/1325 2887/127/1400 2888/124/1322
f 2889/124/1330 2890/125/1329 2891/126/1406
f 2889/124/1330 2891/126/1406 2892/127/1407
f 2890/125/1329 2893/128/1328 2894/129/1408
f 2890/125/1329 2894/129/1408 2891/126/1406
f 2891/126/1406 2894/129/1408 2895/130/1409
f 2891/126/1406 2895/130/1409 2896/131/1410
f 2892/127/1407 2891/126/1406 2896/131/1410
f 2892/127/1407 2896/131/1410 2897/132/1411
f 2898/124/1328 2899/125/1335 2900/126/1412
f 2898/124/1328 2900/126/1412 2901/127/1408
f 2899/125/1335 2902/128/1334 2903/129/1413
f 2899/125/1335 2903/129/1413 2900/126/1412
f 2900/126/1412 2903/129/1413 2904/130/1414
f 2900/126/1412 2904/130/1414 2905/131/1415
f 2901/127/1408 2900/126/1412 2905/131/1415
f 2901/127/1408 2905/131/1415 2906/132/1409
f 2907/124/1334 2908/125/1339 2909/126/1416
f 2907/124/1334 2909/126/1416 2910/127/1413
f 2908/125/1339 2911/128/1338 2912/129/1417
f 2908/125/1339 2912/129/1417 2909/126/1416
f 2909/126/1416 2912/129/1417 2913/130/1418
f 2909/126/1416 2913/130/1418 2914/131/1419
f 2910/127/1413 2909/126/1416 2914/131/1419
f 2910/127/1413 2914/131/1419 2915/132/1414
f 2916/124/1338 2917/125/1343 2918/126/1420
f 2916/124/1338 2918/126/1420 2919/127/1417
f 2917/125/1343 2920/128/1342 2921/129/1421
f 2917/125/1343 2921/129/1421 2918/126/1420
f 2918/126/1420 2921/129/1421 2922/130/1422
f 2918/126/1420 2922/130/1422 2923/131/1423
f 2919/127/1417 2918/126/1420 2923/131/1423
f 2919/127/1417 2923/131/1423 2924/132/1418
f 2925/124/1342 2926/125/1347 2927/126/1424
f 2925/124/1342 2927/126/1424 2928/127/1421
f 2926/125/1347 2929/128/1346 2930/129/1425
f 2926/125/1347 2930/129/1425 2927/126/1424
f 2927/126/1424 2930/129/1425 2931/130/1426
f 2927/126/1424 2931/130/1426 2932/131/1427
f 2928/127/1421 2927/126/1424 2932/131/1427
f 2928/127/1421 2932/131/1427 2933/132/1422
f 2934/124/1346 2935/125/1351 2936/126/1428
f 2934/124/1346 2936/126/1428 2937/127/1425
f 2935/125/1351 2938/128/1350 2939/129/1429
f 2935/125/1351 2939/129/1429 2936/126/1428
f 2936/126/1428 2939/129/1429 2940/130/1430
f 2936/126/1428 2940/130/1430 2941/131/1431
f 2937/127/1425 2936/126/1428 2941/131/1431
f 2937/127/1425 2941/131/1431 2942/132/1426
f 2943/124/1350 2944/125/1355 2945/126/1432
f 2943/124/1350 2945/126/1432 2946/127/1429
f 2944/125/1355 2947/128/1354 2948/129/1433
f 2944/125/1355 2948/129/1433 2945/126/1432
f 2945/126/1432 2948/129/1433 2949/130/1434
f 2945/126/1432 2949/130/1434 2950/131/1435
f 2946/127/1429 2945/126/1432 2950/131/1435
f 2946/127/1429 2950/131/1435 2951/132/1430
f 2952/124/1354 2953/125/1359 2954/126/1436
f 2952/124/1354 2954/126/1436 2955/127/1433
f 2953/125/1359 2956/128/1358 2957/129/1437
f 2953/125/1359 2957/129/1437 2954/126/1436
f 2954/126/1436 2957/129/1437 2958/130/1438
f 2954/126/1436 2958/130/1438 2959/131/1439
f 2955/127/1433 2954/126/1436 2959/131/1439
f 2955/127/1433 2959/131/1439 2960/132/1434
f 2961/124/1358 2962/125/1363 2963/126/1440
f 2961/124/1358 2963/126/1440 2964/127/1437
f 2962/125/1363 2965/128/1362 2966/129/1441
f 2962/125/1363 2966/129/1441 2963/126/1440
f 2963/126/1440 2966/129/1441 2967/130/1442
f 2963/126/1440 2967/130/1442 2968/131/1443
f 2964/127/1437 2963/126/1440 2968/131/1443
f 2964/127/1437 2968/131/1443 2969/132/1438
f 2970/124/1362 2971/125/1367 2972/126/1444
f 2970/124/1362 2972/126/1444 2973/127/1441
f 2971/125/1367 2974/128/1366 2975/129/1445
f 2971/125/1367 2975/129/1445 2972/126/1444
f 2972/126/1444 2975/129/1445 2976/130/1446
f 2972/126/1444 2976/130/1446 2977/131/1447
f 2973/127/1441 2972/126/1444 2977/131/1447
f 2973/127/1441 2977/131/1447 2978/132/1442
f 2979/124/1366 2980/125/1371 2981/126/1448
f 2979/124/1366 2981/126/1448 2982/127/1445
f 2980/125/1371 2983/128/1370 2984/129/1449
f 2980/125/1371 2984/129/1449 2981/126/1448
f 2981/126/1448 2984/129/1449 2985/130/1450
f 2981/126/1448 2985/130/1450 2986/131/1451
f 2982/127/1445 2981/126/1448 2986/131/1451
f 2982/127/1445 2986/131/1451 2987/132/1446
f 2988/124/1370 2989/125/1375 2990/126/1452
f 2988/124/1370 2990/126/1452 2991/127/1449
f 2989/125/1375 2992/128/1374 2993/129/1453
f 2989/125/1375 2993/129/1453 2990/126/1452
f 2990/126/1452 2993/129/1453 2994/130/1454
f 2990/126/1452 2994/130/1454 2995/131/1455
f 2991/127/1449 2990/126/1452 2995/131/1455
f 2991/127/1449 2995/131/1455 2996/132/1450
f 2997/124/1374 2998/125/1379 2999/126/1456
f 2997/124/1374 2999/126/1456 3000/127/1453
f 2998/125/1379 3001/128/1378 3002/129/1457
f 2998/125/1379 3002/129/1457 2999/126/1456
f 2999/126/1456 3002/129/1457 3003/130/1458
f 2999/126/1456 3003/130/1458 3004/131/1459
f 3000/127/1453 2999/126/1456 3004/131/1459
f 3000/127/1453 3004/131/1459 3005/132/1454
f 3006/124/1378 3007/125/1383 3008/126/1460
f 3006/124/1378 3008/126/1460 3009/127/1457
f 3007/125/1383 3010/128/1382 3011/129/1461
f 3007/125/1383 3011/129/1461 3008/126/1460
f 3008/126/1460 3011/129/1461 3012/130/1462
f 3008/126/1460 3012/130/1462 3013/131/1463
f 3009/127/1457 3008/126/1460 3013/131/1463
f 3009/127/1457 3013/131/1463 3014/132/1458
f 3015/124/1382 3016/125/1387 3017/126/1464
f 3015/124/1382 3017/126/1464 3018/127/1461
f 3016/125/1387 3019/128/1386 3020/129/1465
f 3016/125/1387 3020/129/1465 3017/126/1464
f 3017/126/1464 3020/129/1465 3021/130/1466
f 3017/126/1464 3021/130/1466 3022/131/1467
f 3018/127/1461 3017/126/1464 3022/131/1467
f 3018/127/1461 3022/131/1467 3023/132/1462
f 3024/124/1386 3025/125/1391 3026/126/1468
f 3024/124/1386 3026/126/1468 3027/127/1465
f 3025/125/1391 3028/128/1390 3029/129/1469
f 3025/125/1391 3029/129/1469 3026/126/1468
f 3026/126/1468 3029/129/1469 3030/130/1470
f 3026/126/1468 3030/130/1470 3031/131/1471
f 3027/127/1465 3026/126/1468 3031/131/1471
f 3027/127/1465 3031/131/1471 3032/132/1466
f 3033/124/1390 3034/125/1395 3035/126/1472
f 3033/124/1390 3035/126/1472 3036/127/1469
f 3034/125/1395 3037/128/1394 3038/129/1473
f 3034/125/1395 3038/129/1473 3035/126/1472
f 3035/126/1472 3038/129/1473 3039/130/1474
f 3035/126/1472 3039/130/1474 3040/131/1475
f 3036/127/1469 3035/126/1472 3040/131/1475
f 3036/127/1469 3040/131/1475 3041/132/1470
f 3042/124/1394 3043/125/1399 3044/126/1476
f 3042/124/1394 3044/126/1476 3045/127/1473
f 3043/125/1399 3046/128/1398 3047/129/1477
f 3043/125/1399 3047/129/1477 3044/126/1476
f 3044/126/1476 3047/129/1477 3048/130/1478
f 3044/126/1476 3048/130/1478 3049/131/1479
f 3045/127/1473 3044/126/1476 3049/131/1479
f 3045/127/1473 3049/131/1479 3050/132/1474
f 3051/124/1398 3052/125/1403 3053/126/1480
f 3051/124/1398 3053/126/1480 3054/127/1477
f 3052/125/1403 3055/128/1402 3056/129/1481
f 3052/125/1403 3056/129/1481 3053/126/1480
f 3053/126/1480 3056/129/1481 3057/130/1482
f 3053/126/1480 3057/130/1482 3058/131/1483
f 3054/127/1477 3053/126/1480 3058/131/1483
f 3054/127/1477 3058/131/1483 3059/132/1478
f 3060/124/1402 3061/125/1405 3062/126/1484
f 3060/124/1402 3062/126/1484 3063/127/1481
f 3061/125/1405 3064/128/1330 3065/129/1407
f 3061/125/1405 3065/129/1407 3062/126/1484
f 3062/126/1484 3065/129/1407 3066/130/1411
f 3062/126/1484 3066/130/1411 3067/131/1485
f 3063/127/1481 3062/126/1484 3067/131/1485
f 3063/127/1481 3067/131/1485 3068/132/1482
f 3069/124/1411 3070/125/1410 3071/139/1486
f 3069/124/1411 3071/139/1486 3072/140/1487
f 3070/125/1410 3073/128/1409 3074/141/1488
f 3070/125/1410 3074/141/1488 3071/139/1486
f 3071/139/1486 3074/141/1488 3075/142/1489
f 3071/139/1486 3075/142/1489 3076/143/1490
f 3072/140/1487 3071/139/1486 3076/143/1490
f 3072/140/1487 3076/143/1490 3077/144/1491
f 3078/124/1409 3079/125/1415 3080/139/1492
f 3078/124/1409 3080/139/1492 3081/140/1488
f 3079/125/1415 3082/128/1414 3083/141/1493
f 3079/125/1415 3083/141/1493 3080/139/1492
f 3080/139/1492 3083/141/1493 3084/142/1494
f 3080/139/1492 3084/142/1494 3085/143/1495
f 3081/140/1488 3080/139/1492 3085/143/1495
f 3081/140/1488 3085/143/1495 3086/144/1489
f 3087/124/1414 3088/125/1419 3089/139/1496
f 3087/124/1414 3089/139/1496 3090/140/1493
f 3088/125/1419 3091/128/1418 3092/141/1497
f 3088/125/1419 3092/141/1497 3089/139/1496
f 3089/139/1496 3092/141/1497 3093/142/1498
f 3089/139/1496 3093/142/1498 3094/143/1499
f 3090/140/1493 3089/139/1496 3094/143/1499
f 3090/140/1493 3094/143/1499 3095/144/1494
f 3096/124/1418 3097/125/1423 3098/139/1500
f 3096/124/1418 3098/139/1500 3099/140/1497
f 3097/125/1423 3100/128/1422 3101/141/1501
f 3097/125/1423 3101/141/1501 3098/139/1500
f 3098/139/1500 3101/141/1501 3102/142/1502
f 3098/139/1500 3102/142/1502 3103/143/1503
f 3099/140/1497 3098/139/1500 3103/143/1503
f 3099/140/1497 3103/143/1503 3104/144/1498
f 3105/124/1422 3106/125/1427 3107/139/1504
f 3105/124/1422 3107/139/1504 3108/140/1501
f 3106/125/1427 3109/128/1426 3110/141/1505
f 3106/125/1427 3110/141/1505 3107/139/1504
f 3107/139/1504 3110/141/1505 3111/142/1506
f 3107/139/1504 3111/142/1506 3112/143/1507
f 3108/140/1501 3107/139/1504 3112/143/1507
f 3108/140/1501 3112/143/1507 3113/144/1502
f 3114/124/1426 3115/125/1431 3116/139/1508
f 3114/124/1426 3116/139/1508 3117/140/1505
f 3115/125/1431 3118/128/1430 3119/141/1509
f 3115/125/1431 3119/141/1509 3116/139/1508
f 3116/139/1508 3119/141/1509 3120/142/1510
f 3116/139/1508 3120/142/1510 3121/143/1511
f 3117/140/1505 3116/139/1508 3121/143/1511
f 3117/140/1505 3121/143/1511 3122/144/1506
f 3123/124/1430 3124/125/1435 3125/139/1512
f 3123/124/1430 3125/139/1512 3126/140/1509
f 3124/125/1435 3127/128/1434 3128/141/1513
f 3124/125/1435 3128/141/1513 3125/139/1512
f 3125/139/1512 3128/141/1513 3129/142/1514
f 3125/139/1512 3129/142/1514 3130/143/1515
f 3126/140/1509 3125/139/1512 3130/143/1515
f 3126/140/1509 3130/143/1515 3131/144/1510
f 3132/124/1434 3133/125/1439 3134/139/1516
f 3132/124/1434 3134/139/1516 3135/140/1513
f 3133/125/1439 3136/128/1438 3137/141/1517
f 3133/125/1439 3137/141/1517 3134/139/1516
f 3134/139/1516 3137/141/1517 3138/142/1518
f 3134/139/1516 3138/142/1518 3139/143/1519
f 3135/140/1513 3134/139/1516 3139/143/1519
f 3135/140/1513 3139/143/1519 3140/144/1514
f 3141/124/1438 3142/125/1443 3143/139/1520
f 3141/124/1438 3143/139/1520 3144/140/1517
f 3142/125/1443 3145/128/1442 3146/141/1521
f 3142/125/1443 3146/141/1521 3143/139/1520
f 3143/139/1520 3146/141/1521 3147/142/1522
f 3143/139/1520 3147/142/1522 3148/143/1523
f 3144/140/1517 3143/139/1520 3148/143/1523
f 3144/140/1517 3148/143/1523 3149/144/1518
f 3150/124/1442 3151/125/1447 3152/139/1524
f 3150/124/1442 3152/139/1524 3153/140/1521
f 3151/125/1447 3154/128/1446 3155/141/1525
f 3151/125/1447 3155/141/1525 3152/139/1524
f 3152/139/1524 3155/141/1525 3156/142/1526
f 3152/139/1524 3156/142/1526 3157/143/1527
f 3153/140/1521 3152/139/1524 3157/143/1527
f 3153/140/1521 3157/143/1527 3158/144/1522
f 3159/124/1446 3160/125/1451 3161/139/1528
f 3159/124/1446 3161/139/1528 3162/140/1525
f 3160/125/1451 3163/128/1450 3164/141/1529
f 3160/125/1451 3164/141/1529 3161/139/1528
f 3161/139/1528 3164/141/1529 3165/142/1530
f 3161/139/1528 3165/142/1530 3166/143/1531
f 3162/140/1525 3161/139/1528 3166/143/1531
f 3162/140/1525 3166/143/1531 3167/144/1526
f 3168/124/1450 3169/125/1455 3170/139/1532
f 3168/124/1450 3170/139/1532 3171/140/1529
f 3169/125/1455 3172/128/1454 3173/141/1533
f 3169/125/1455 3173/141/1533 3170/139/1532
f 3170/139/1532 3173/141/1533 3174/142/1534
f 3170/139/1532 3174/142/1534 3175/143/1535
f 3171/140/1529 3170/139/1532 3175/143/1535
f 3171/140/1529 3175/143/1535 3176/144/1530
f 3177/124/1454 3178/125/1459 3179/139/1536
f 3177/124/1454 3179/139/1536 3180/140/1533
f 3178/125/1459 3181/128/1458 3182/141/1537
f 3178/125/1459 3182/141/1537 3179/139/1536
f 3179/139/1536 3182/141/1537 3183/142/1538
f 3179/139/1536 3183/142/1538 3184/143/1539
f 3180/140/1533 3179/139/1536 3184/143/1539
f 3180/140/1533 3184/143/1539 3185/144/1534
f 3186/124/1458 3187/125/1463 3188/139/1540
f 3186/124/1458 3188/139/1540 3189/140/1537
f 3187/125/1463 3190/128/1462 3191/141/1541
f 3187/125/1463 3191/141/1541 3188/139/1540
f 3188/139/1540 3191/141/1541 3192/142/1542
f 3188/139/1540 3192/142/1542 3193/143/1543
f 3189/140/1537 3188/139/1540 3193/143/1543
f 3189/140/1537 3193/143/1543 3194/144/1538
f 3195/124/1462 3196/125/1467 3197/139/1544
f 3195/124/1462 3197/139/1544 3198/140/1541
f 3196/125/1467 3199/128/1466 3200/141/1545
f 3196/125/1467 3200/141/1545 3197/139/1544
f 3197/139/1544 3200/141/1545 3201/142/1546
f 3197/139/1544 3201/142/1546 3202/143/1547
f 3198/140/1541 3197/139/1544 3202/143/1547
f 3198/140/1541 3202/143/1547 3203/144/1542
f 3204/124/1466 3205/125/1471 3206/139/1548
f 3204/124/1466 3206/139/1548 3207/140/1545
f 3205/125/1471 3208/128/1470 3209/141/1549
f 3205/125/1471 3209/141/1549 3206/139/1548
f 3206/139/1548 3209/141/1549 3210/142/1550
f 3206/139/1548 3210/142/1550 3211/143/1551
f 3207/140/1545 3206/139/1548 3211/143/1551
f 3207/140/1545 3211/143/1551 3212/144/1546
f 3213/124/1470 3214/125/1475 3215/139/1552
f 3213/124/1470 3215/139/1552 3216/140/1549
f 3214/125/1475 3217/128/1474 3218/141/1553
f 3214/125/1475 3218/141/1553 3215/139/1552
f 3215/139/1552 3218/141/1553 3219/142/1554
f 3215/139/1552 3219/142/1554 3220/143/1555
f 3216/140/1549 3215/139/1552 3220/143/1555
f 3216/140/1549 3220/143/1555 3221/144/1550
f 3222/124/1474 3223/125/1479 3224/139/1556
f 3222/124/1474 3224/139/1556 3225/140/1553
f 3223/125/1479 3226/128/1478 3227/141/1557
f 3223/125/1479 3227/141/1557 3224/139/1556
f 3224/139/1556 3227/141/1557 3228/142/1558
f 3224/139/1556 3228/142/1558 3229/143/1559
f 3225/140/1553 3224/139/1556 3229/143/1559
f 3225/140/1553 3229/143/1559 3230/144/1554
f 3231/124/1478 3232/125/1483 3233/139/1560
f 3231/124/1478 3233/139/1560 3234/140/1557
f 3232/125/1483 3235/128/1482 3236/141/1561
f 3232/125/1483 3236/141/1561 3233/139/1560
f 3233/139/1560 3236/141/1561 3237/142/1562
f 3233/139/1560 3237/142/1562 3238/143/1563
f 3234/140/1557 3233/139/1560 3238/143/1563
f 3234/140/1557 3238/143/1563 3239/144/1558
f 3240/124/1482 3241/125/1485 3242/139/1564
f 3240/124/1482 3242/139/1564 3243/140/1561
f 3241/125/1485 3244/128/1411 3245/141/1487
f 3241/125/1485 3245/141/1487 3242/139/1564
f 3242/139/1564 3245/141/1487 3246/142/1491
f 3242/139/1564 3246/142/1491 3247/143/1565
f 3243/140/1561 3242/139/1564 3247/143/1565
f 3243/140/1561 3247/143/1565 3248/144/1562
f 3249/124/1566 3250/125/1567 3251/145/1568
f 3249/124/1566 3251/145/1568 3252/146/1569
f 3250/125/1567 3253/128/1570 3254/147/1571
f 3250/125/1567 3254/147/1571 3251/145/1568
f 3251/145/1568 3254/147/1571 3255/148/1572
f 3251/145/1568 3255/148/1572 3256/149/1573
f 3252/146/1569 3251/145/1568 3256/149/1573
f 3252/146/1569 3256/149/1573 3257/150/1574
f 3258/124/1570 3259/125/1575 3260/145/1576
f 3258/124/1570 3260/145/1576 3261/146/1571
f 3259/125/1575 3262/128/1577 3263/147/1578
f 3259/125/1575 3263/147/1578 3260/145/1576
f 3260/145/1576 3263/147/1578 3264/148/1579
f 3260/145/1576 3264/148/1579 3265/149/1580
f 3261/146/1571 3260/145/1576 3265/149/1580
f 3261/146/1571 3265/149/1580 3266/150/1572
f 3267/124/1577 3268/125/1581 3269/145/1582
f 3267/124/1577 3269/145/1582 3270/146/1578
f 3268/125/1581 3271/128/1583 3272/147/1584
f 3268/125/1581 3272/147/1584 3269/145/1582
f 3269/145/1582 3272/147/1584 3273/148/1585
f 3269/145/1582 3273/148/1585 3274/149/1586
f 3270/146/1578 3269/145/1582 3274/149/1586
f 3270/146/1578 3274/149/1586 3275/150/1579
f 3276/124/1583 3277/125/1587 3278/145/1588
f 3276/124/1583 3278/145/1588 3279/146/1584
f 3277/125/1587 3280/128/1589 3281/147/1590
f 3277/125/1587 3281/147/1590 3278/145/1588
f 3278/145/1588 3281/147/1590 3282/148/1591
f 3278/145/1588 3282/148/1591 3283/149/1592
f 3279/146/1584 3278/145/1588 3283/149/1592
f 3279/146/1584 3283/149/1592 3284/150/1585
f 3285/124/1589 3286/125/1593 3287/145/1594
f 3285/124/1589 3287/145/1594 3288/146/1590
f 3286/125/1593 3289/128/1595 3290/147/1596
f 3286/125/1593 3290/147/1596 3287/145/1594
f 3287/145/1594 3290/147/1596 3291/148/1597
f 3287/145/1594 3291/148/1597 3292/149/1598
f 3288/146/1590 3287/145/1594 3292/149/1598
f 3288/146/1590 3292/149/1598 3293/150/1591
f 3294/124/1595 3295/125/1599 3296/145/1600
f 3294/124/1595 3296/145/1600 3297/146/1596
f 3295/125/1599 3298/128/1601 3299/147/1602
f 3295/125/1599 3299/147/1602 3296/145/1600
f 3296/145/1600 3299/147/1602 3300/148/1603
f 3296/145/1600 3300/148/1603 3301/149/1604
f 3297/146/1596 3296/145/1600 3301/149/1604
f 3297/146/1596 3301/149/1604 3302/150/1597
f 3303/124/1601 3304/125/1605 3305/145/1606
f 3303/124/1601 3305/145/1606 3306/146/1602
f 3304/125/1605 3307/128/1607 3308/147/1608
f 3304/125/1605 3308/147/1608 3305/145/1606
f 3305/145/1606 3308/147/1608 3309/148/1609
f 3305/145/1606 3309/148/1609 3310/149/1610
f 3306/146/1602 3305/145/1606 3310/149/1610
f 3306/146/1602 3310/149/1610 3311/150/1603
f 3312/124/1607 3313/125/1611 3314/145/1612
f 3312/124/1607 3314/145/1612 3315/146/1608
f 3313/125/1611 3316/128/1613 3317/147/1614
f 3313/125/1611 3317/147/1614 3314/145/1612
f 3314/145/1612 3317/147/1614 3318/148/1615
f 3314/145/1612 3318/148/1615 3319/149/1616
f 3315/146/1608 3314/145/1612 3319/149/1616
f 3315/146/1608 3319/149/1616 3320/150/1609
f 3321/124/1613 3322/125/1617 3323/145/1618
f 3321/124/1613 3323/145/1618 3324/146/1614
f 3322/125/1617 3325/128/1619 3326/147/1620
f 3322/125/1617 3326/147/1620 3323/145/1618
f 3323/145/1618 3326/147/1620 3327/148/1621
f 3323/145/1618 3327/148/1621 3328/149/1622
f 3324/146/1614 3323/145/1618 3328/149/1622
f 3324/146/1614 3328/149/1622 3329/150/1615
f 3330/124/1619 3331/125/1623 3332/145/1624
f 3330/124/1619 3332/145/1624 3333/146/1620
f 3331/125/1623 3334/128/1625 3335/147/1626
f 3331/125/1623 3335/147/1626 3332/145/1624
f 3332/145/1624 3335/147/1626 3336/148/1627
f 3332/145/1624 3336/148/1627 3337/149/1628
f 3333/146/1620 3332/145/1624 3337/149/1628
f 3333/146/1620 3337/149/1628 3338/150/1621
f 3339/124/1625 3340/125/1629 3341/145/1630
f 3339/124/1625 3341/145/1630 3342/146/1626
f 3340/125/1629 3343/128/1631 3344/147/1632
f 3340/125/1629 3344/147/1632 3341/145/1630
f 3341/145/1630 3344/147/1632 3345/148/1633
f 3341/145/1630 3345/148/1633 3346/149/1634
f 3342/146/1626 3341/145/1630 3346/149/1634
f 3342/146/1626 3346/149/1634 3347/150/1627
f 3348/124/1631 3349/125/1635 3350/145/1636
f 3348/124/1631 3350/145/1636 3351/146/1632
f 3349/125/1635 3352/128/1637 3353/147/1638
f 3349/125/1635 3353/147/1638 3350/145/1636
f 3350/145/1636 3353/147/1638 3354/148/1639
f 3350/145/1636 3354/148/1639 3355/149/1640
f 3351/146/1632 3350/145/1636 3355/149/1640
f 3351/146/1632 3355/149/1640 3356/150/1633
f 3357/124/1637 3358/125/1641 3359/145/1642
f 3357/124/1637 3359/145/1642 3360/146/1638
f 3358/125/1641 3361/128/1643 3362/147/1644
f 3358/125/1641 3362/147/1644 3359/145/1642
f 3359/145/1642 3362/147/1644 3363/148/1645
f 3359/145/1642 3363/148/1645 3364/149/1646
f 3360/146/1638 3359/145/1642 3364/149/1646
f 3360/146/1638 3364/149/1646 3365/150/1639
f 3366/124/1643 3367/125/1647 3368/145/1648
f 3366/124/1643 3368/145/1648 3369/146/1644
f 3367/125/1647 3370/128/1649 3371/147/1650
f 3367/125/1647 3371/147/1650 3368/145/1648
f 3368/145/1648 3371/147/1650 3372/148/1651
f 3368/145/1648 3372/148/1651 3373/149/1652
f 3369/146/1644 3368/145/1648 3373/149/1652
f 3369/146/1644 3373/149/1652 3374/150/1645
f 3375/124/1649 3376/125/1653 3377/145/1654
f 3375/124/1649 3377/145/1654 3378/146/1650
f 3376/125/1653 3379/128/1655 3380/147/1656
f 3376/125/1653 3380/147/1656 3377/145/1654
f 3377/145/1654 3380/147/1656 3381/148/1657
f 3377/145/1654 3381/148/1657 3382/149/1658
f 3378/146/1650 3377/145/1654 3382/149/1658
f 3378/146/1650 3382/149/1658 3383/150/1651
f 3384/124/1655 3385/125/1659 3386/145/1660
f 3384/124/1655 3386/145/1660 3387/146/1656
f 3385/125/1659 3388/128/1661 3389/147/1662
f 3385/125/1659 3389/147/1662 3386/145/1660
f 3386/145/1660 3389/147/1662 3390/148/1663
f 3386/145/1660 3390/148/1663 3391/149/1664
f 3387/146/1656 3386/145/1660 3391/149/1664
f 3387/146/1656 3391/149/1664 3392/150/1657
f 3393/124/1661 3394/125/1665 3395/145/1666
f 3393/124/1661 3395/145/1666 3396/146/1662
f 3394/125/1665 3397/128/1667 3398/147/1668
f 3394/125/1665 3398/147/1668 3395/145/1666
f 3395/145/1666 3398/147/1668 3399/148/1669
f 3395/145/1666 3399/148/1669 3400/149/1670
f 3396/146/1662 3395/145/1666 3400/149/1670
f 3396/146/1662 3400/149/1670 3401/150/1663
f 3402/124/1667 3403/125/1671 3404/145/1672
f 3402/124/1667 3404/145/1672 3405/146/1668
f 3403/125/1671 3406/128/1673 3407/147/1674
f 3403/125/1671 3407/147/1674 3404/145/1672
f 3404/145/1672 3407/147/1674 3408/148/1675
f 3404/145/1672 3408/148/1675 3409/149/1676
f 3405/146/1668 3404/145/1672 3409/149/1676
f 3405/146/1668 3409/149/1676 3410/150/1669
f 3411/124/1673 3412/125/1677 3413/145/1678
f 3411/124/1673 3413/145/1678 3414/146/1674
f 3412/125/1677 3415/128/1679 3416/147/1680
f 3412/125/1677 3416/147/1680 3413/145/1678
f 3413/145/1678 3416/147/1680 3417/148/1681
f 3413/145/1678 3417/148/1681 3418/149/1682
f 3414/146/1674 3413/145/1678 3418/149/1682
f 3414/146/1674 3418/149/1682 3419/150/1675
f 3420/124/1679 3421/125/1683 3422/145/1684
f 3420/124/1679 3422/145/1684 3423/146/1680
f 3421/125/1683 3424/128/1566 3425/147/1569
f 3421/125/1683 3425/147/1569 3422/145/1684
f 3422/145/1684 3425/147/1569 3426/148/1574
f 3422/145/1684 3426/148/1574 3427/149/1685
f 3423/146/1680 3422/145/1684 3427/149/1685
f 3423/146/1680 3427/149/1685 3428/150/1681
f 3429/124/1686 3430/125/1687 3431/151/1688
f 3429/124/1686 3431/151/1688 3432/152/1689
f 3430/125/1687 3433/128/1690 3434/153/1691
f 3430/125/1687 3434/153/1691 3431/151/1688
f 3431/151/1688 3434/153/1691 3435/154/1692
f 3431/151/1688 3435/154/1692 3436/155/1693
f 3432/152/1689 3431/151/1688 3436/155/1693
f 3432/152/1689 3436/155/1693 3437/156/1694
f 3438/124/1690 3439/125/1695 3440/151/1696
f 3438/124/1690 3440/151/1696 3441/152/1691
f 3439/125/1695 3442/128/1697 3443/153/1698
f 3439/125/1695 3443/153/1698 3440/151/1696
f 3440/151/1696 3443/153/1698 3444/154/1699
f 3440/151/1696 3444/154/1699 3445/155/1700
f 3441/152/1691 3440/151/1696 3445/155/1700
f 3441/152/1691 3445/155/1700 3446/156/1692
f 3447/124/1697 3448/125/1701 3449/151/1702
f 3447/124/1697 3449/151/1702 3450/152/1698
f 3448/125/1701 3451/128/1703 3452/153/1704
f 3448/125/1701 3452/153/1704 3449/151/1702
f 3449/151/1702 3452/153/1704 3453/154/1705
f 3449/151/1702 3453/154/1705 3454/155/1706
f 3450/152/1698 3449/151/1702 3454/155/1706
f 3450/152/1698 3454/155/1706 3455/156/1699
f 3456/124/1703 3457/125/1707 3458/151/1708
f 3456/124/1703 3458/151/1708 3459/152/1704
f 3457/125/1707 3460/128/1709 3461/153/1710
f 3457/125/1707 3461/153/1710 3458/151/1708
f 3458/151/1708 3461/153/1710 3462/154/1711
f 3458/151/1708 3462/154/1711 3463/155/1712
f 3459/152/1704 3458/151/1708 3463/155/1712
f 3459/152/1704 3463/155/1712 3464/156/1705
f 3465/124/1709 3466/125/1713 3467/151/1714
f 3465/124/1709 3467/151/1714 3468/152/1710
f 3466/125/1713 3469/128/1715 3470/153/1716
f 3466/125/1713 3470/153/1716 3467/151/1714
f 3467/151/1714 3470/153/1716 3471/154/1717
f 3467/151/1714 3471/154/1717 3472/155/1718
f 3468/152/1710 3467/151/1714 3472/155/1718
f 3468/152/1710 3472/155/1718 3473/156/1711
f 3474/124/1715 3475/125/1719 3476/151/1720
f 3474/124/1715 3476/151/1720 3477/152/1716
f 3475/125/1719 3478/128/1721 3479/153/1722
f 3475/125/1719 3479/153/1722 3476/151/1720
f 3476/151/1720 3479/153/1722 3480/154/1723
f 3476/151/1720 3480/154/1723 3481/155/1724
f 3477/152/1716 3476/151/1720 3481/155/1724
f 3477/152/1716 3481/155/1724 3482/156/1717
f 3483/124/1721 3484/125/1725 3485/151/1726
f 3483/124/1721 3485/151/1726 3486/152/1722
f 3484/125/1725 3487/128/1727 3488/153/1728
f 3484/125/1725 3488/153/1728 3485/151/1726
f 3485/151/1726 3488/153/1728 3489/154/1729
f 3485/151/1726 3489/154/1729 3490/155/1730
f 3486/152/1722 3485/151/1726 3490/155/1730
f 3486/152/1722 3490/155/1730 3491/156/1723
f 3492/124/1727 3493/125/1731 3494/151/1732
f 3492/124/1727 3494/151/1732 3495/152/1728
f 3493/125/1731 3496/128/1733 3497/153/1734
f 3493/125/1731 3497/153/1734 3494/151/1732
f 3494/151/1732 3497/153/1734 3498/154/1735
f 3494/151/1732 3498/154/1735 3499/155/1736
f 3495/152/1728 3494/151/1732 3499/155/1736
f 3495/152/1728 3499/155/1736 3500/156/1729
f 3501/124/1733 3502/125/1737 3503/151/1738
f 3501/124/1733 3503/151/1738 3504/152/1734
f 3502/125/1737 3505/128/1739 3506/153/1740
f 3502/125/1737 3506/153/1740 3503/151/1738
f 3503/151/1738 3506/153/1740 3507/154/1741
f 3503/151/1738 3507/154/1741 3508/155/1742
f 3504/152/1734 3503/151/1738 3508/155/1742
f 3504/152/1734 3508/155/1742 3509/156/1735
f 3510/124/1739 3511/125/1743 3512/151/1744
f 3510/124/1739 3512/151/1744 3513/152/1740
f 3511/125/1743 3514/128/1745 3515/153/1746
f 3511/125/1743 3515/153/1746 3512/151/1744
f 3512/151/1744 3515/153/1746 3516/154/1747
f 3512/151/1744 3516/154/1747 3517/155/1748
f 3513/152/1740 3512/151/1744 3517/155/1748
f 3513/152/1740 3517/155/1748 3518/156/1741
f 3519/124/1745 3520/125/1749 3521/151/1750
f 3519/124/1745 3521/151/1750 3522/152/1746
f 3520/125/1749 3523/128/1751 3524/153/1752
f 3520/125/1749 3524/153/1752 3521/151/1750
f 3521/151/1750 3524/153/1752 3525/154/1753
f 3521/151/1750 3525/154/1753 3526/155/1754
f 3522/152/1746 3521/151/1750 3526/155/1754
f 3522/152/1746 3526/155/1754 3527/156/1747
f 3528/124/1751 3529/125/1755 3530/151/1756
f 3528/124/1751 3530/151/1756 3531/152/1752
f 3529/125/1755 3532/128/1757 3533/153/1758
f 3529/125/1755 3533/153/1758 3530/151/1756
f 3530/151/1756 3533/153/1758 3534/154/1759
f 3530/151/1756 3534/154/1759 3535/155/1760
f 3531/152/1752 3530/151/1756 3535/155/1760
f 3531/152/1752 3535/155/1760 3536/156/1753
f 3537/124/1757 3538/125/1761 3539/151/1762
f 3537/124/1757 3539/151/1762 3540/152/1758
f 3538/125/1761 3541/128/1763 3542/153/1764
f 3538/125/1761 3542/153/1764 3539/151/1762
f 3539/151/1762 3542/153/1764 3543/154/1765
f 3539/151/1762 3543/154/1765 3544/155/1766
f 3540/152/1758 3539/151/1762 3544/155/1766
f 3540/152/1758 3544/155/1766 3545/156/1759
f 3546/124/1763 3547/125/1767 3548/151/1768
f 3546/124/1763 3548/151/1768 3549/152/1764
f 3547/125/1767 3550/128/1769 3551/153/1770
f 3547/125/1767 3551/153/1770 3548/151/1768
f 3548/151/1768 3551/153/1770 3552/154/1771
f 3548/151/1768 3552/154/1771 3553/155/1772
f 3549/152/1764 3548/151/1768 3553/155/1772
f 3549/152/1764 3553/155/1772 3554/156/1765
f 3555/124/1769 3556/125/1773 3557/151/1774
f 3555/124/1769 3557/151/1774 3558/152/1770
f 3556/125/1773 3559/128/1775 3560/153/1776
f 3556/125/1773 3560/153/1776 3557/151/1774
f 3557/151/1774 3560/153/1776 3561/154/1777
f 3557/151/1774 3561/154/1777 3562/155/1778
f 3558/152/1770 3557/151/1774 3562/155/1778
f 3558/152/1770 3562/155/1778 3563/156/1771
f 3564/124/1775 3565/125/1779 3566/151/1780
f 3564/124/1775 3566/151/1780 3567/152/1776
f 3565/125/1779 3568/128/1781 3569/153/1782
f 3565/125/1779 3569/153/1782 3566/151/1780
f 3566/151/1780 3569/153/1782 3570/154/1783
f 3566/151/1780 3570/154/1783 3571/155/1784
f 3567/152/1776 3566/151/1780 3571/155/1784
f 3567/152/1776 3571/155/1784 3572/156/1777
f 3573/124/1781 3574/125/1785 3575/151/1786
f 3573/124/1781 3575/151/1786 3576/152/1782
f 3574/125/1785 3577/128/1787 3578/153/1788
f 3574/125/1785 3578/153/1788 3575/151/1786
f 3575/151/1786 3578/153/1788 3579/154/1789
f 3575/151/1786 3579/154/1789 3580/155/1790
f 3576/152/1782 3575/151/1786 3580/155/1790
f 3576/152/1782 3580/155/1790 3581/156/1783
f 3582/124/1787 3583/125/1791 3584/151/1792
f 3582/124/1787 3584/151/1792 3585/152/1788
f 3583/125/1791 3586/128/1793 3587/153/1794
f 3583/125/1791 3587/153/1794 3584/151/1792
f 3584/151/1792 3587/153/1794 3588/154/1795
f 3584/151/1792 3588/154/1795 3589/155/1796
f 3585/152/1788 3584/151/1792 3589/155/1796
f 3585/152/1788 3589/155/1796 3590/156/1789
f 3591/124/1793 3592/125/1797 3593/151/1798
f 3591/124/1793 3593/151/1798 3594/152/1794
f 3592/125/1797 3595/128/1799 3596/153/1800
f 3592/125/1797 3596/153/1800 3593/151/1798
f 3593/151/1798 3596/153/1800 3597/154/1801
f 3593/151/1798 3597/154/1801 3598/155/1802
f 3594/152/1794 3593/151/1798 3598/155/1802
f 3594/152/1794 3598/155/1802 3599/156/1795
f 3600/124/1799 3601/125/1803 3602/151/1804
f 3600/124/1799 3602/151/1804 3603/152/1800
f 3601/125/1803 3604/128/1686 3605/153/1689
f 3601/125/1803 3605/153/1689 3602/151/1804
f 3602/151/1804 3605/153/1689 3606/154/1694
f 3602/151/1804 3606/154/1694 3607/155/1805
f 3603/152/1800 3602/151/1804 3607/155/1805
f 3603/152/1800 3607/155/1805 3608/156/1801
f 3609/124/1806 3610/125/1807 3611/126/1808
f 3609/124/1806 3611/126/1808 3612/127/1809
f 3610/125/1807 3613/128/1810 3614/129/1811
f 3610/125/1807 3614/129/1811 3611/126/1808
f 3611/126/1808 3614/129/1811 3615/130/1812
f 3611/126/1808 3615/130/1812 3616/131/1813
f 3612/127/1809 3611/126/1808 3616/131/1813
f 3612/127/1809 3616/131/1813 3617/132/1814
f 3618/124/1810 3619/125/1815 3620/126/1816
f 3618/124/1810 3620/126/1816 3621/127/1811
f 3619/125/1815 3622/128/1817 3623/129/1818
f 3619/125/1815 3623/129/1818 3620/126/1816
f 3620/126/1816 3623/129/1818 3624/130/1819
f 3620/126/1816 3624/130/1819 3625/131/1820
f 3621/127/1811 3620/126/1816 3625/131/1820
f 3621/127/1811 3625/131/1820 3626/132/1812
f 3627/124/1817 3628/125/1821 3629/126/1822
f 3627/124/1817 3629/126/1822 3630/127/1818
f 3628/125/1821 3631/128/1823 3632/129/1824
f 3628/125/1821 3632/129/1824 3629/126/1822
f 3629/126/1822 3632/129/1824 3633/130/1825
f 3629/126/1822 3633/130/1825 3634/131/1826
f 3630/127/1818 3629/126/1822 3634/131/1826
f 3630/127/1818 3634/131/1826 3635/132/1819
f 3636/124/1823 3637/125/1827 3638/126/1828
f 3636/124/1823 3638/126/1828 3639/127/1824
f 3637/125/1827 3640/128/1829 3641/129/1830
f 3637/125/1827 3641/129/1830 3638/126/1828
f 3638/126/1828 3641/129/1830 3642/130/1831
f 3638/126/1828 3642/130/1831 3643/131/1832
f 3639/127/1824 3638/126/1828 3643/131/1832
f 3639/127/1824 3643/131/1832 3644/132/1825
f 3645/124/1829 3646/125/1833 3647/126/1834
f 3645/124/1829 3647/126/1834 3648/127/1830
f 3646/125/1833 3649/128/1835 3650/129/1836
f 3646/125/1833 3650/129/1836 3647/126/1834
f 3647/126/1834 3650/129/1836 3651/130/1837
f 3647/126/1834 3651/130/1837 3652/131/1838
f 3648/127/1830 3647/126/1834 3652/131/1838
f 3648/127/1830 3652/131/1838 3653/132/1831
f 3654/124/1835 3655/125/1839 3656/126/1840
f 3654/124/1835 3656/126/1840 3657/127/1836
f 3655/125/1839 3658/128/1841 3659/129/1842
f 3655/125/1839 3659/129/1842 3656/126/1840
f 3656/126/1840 3659/129/1842 3660/130/1843
f 3656/126/1840 3660/130/1843 3661/131/1844
f 3657/127/1836 3656/126/1840 3661/131/1844
f 3657/127/1836 3661/131/1844 3662/132/1837
f 3663/124/1841 3664/125/1845 3665/126/1846
f 3663/124/1841 3665/126/1846 3666/127/1842
f 3664/125/1845 3667/128/1847 3668/129/1848
f 3664/125/1845 3668/129/1848 3665/126/1846
f 3665/126/1846 3668/129/1848 3669/130/1849
f 3665/126/1846 3669/130/1849 3670/131/1850
f 3666/127/1842 3665/126/1846 3670/131/1850
f 3666/127/1842 3670/131/1850 3671/132/1843
f 3672/124/1847 3673/125/1851 3674/126/1852
f 3672/124/1847 3674/126/1852 3675/127/1848
f 3673/125/1851 3676/128/1853 3677/129/1854
f 3673/125/1851 3677/129/1854 3674/126/1852
f 3674/126/1852 3677/129/1854 3678/130/1855
f 3674/126/1852 3678/130/1855 3679/131/1856
f 3675/127/1848 3674/126/1852 3679/131/1856
f 3675/127/1848 3679/131/1856 3680/132/1849
f 3681/124/1853 3682/125/1857 3683/126/1858
f 3681/124/1853 3683/126/1858 3684/127/1854
f 3682/125/1857 3685/128/1859 3686/129/1860
f 3682/125/1857 3686/129/1860 3683/126/1858
f 3683/126/1858 3686/129/1860 3687/130/1861
f 3683/126/1858 3687/130/1861 3688/131/1862
f 3684/127/1854 3683/126/1858 3688/131/1862
f 3684/127/1854 3688/131/1862 3689/132/1855
f 3690/124/1859 3691/125/1863 3692/126/1864
f 3690/124/1859 3692/126/1864 3693/127/1860
f 3691/125/1863 3694/128/1865 3695/129/1866
f 3691/125/1863 3695/129/1866 3692/126/1864
f 3692/126/1864 3695/129/1866 3696/130/1867
f 3692/126/1864 3696/130/1867 3697/131/1868
f 3693/127/1860 3692/126/1864 3697/131/1868
f 3693/127/1860 3697/131/1868 3698/132/1861
f 3699/124/1865 3700/125/1869 3701/126/1870
f 3699/124/1865 3701/126/1870 3702/127/1866
f 3700/125/1869 3703/128/1871 3704/129/1872
f 3700/125/1869 3704/129/1872 3701/126/1870
f 3701/126/1870 3704/129/1872 3705/130/1873
f 3701/126/1870 3705/130/1873 3706/131/1874
f 3702/127/1866 3701/126/1870 3706/131/1874
f 3702/127/1866 3706/131/1874 3707/132/1867
f 3708/124/1871 3709/125/1875 3710/126/1876
f 3708/124/1871 3710/126/1876 3711/127/1872
f 3709/125/1875 3712/128/1877 3713/129/1878
f 3709/125/1875 3713/129/1878 3710/126/1876
f 3710/126/1876 3713/129/1878 3714/130/1879
f 3710/126/1876 3714/130/1879 3715/131/1880
f 3711/127/1872 3710/126/1876 3715/131/1880
f 3711/127/1872 3715/131/1880 3716/132/1873
f 3717/124/1877 3718/125/1881 3719/126/1882
f 3717/124/1877 3719/126/1882 3720/127/1878
f 3718/125/1881 3721/128/1883 3722/129/1884
f 3718/125/1881 3722/129/1884 3719/126/1882
f 3719/126/1882 3722/129/1884 3723/130/1885
f 3719/126/1882 3723/130/1885 3724/131/1886
f 3720/127/1878 3719/126/1882 3724/131/1886
f 3720/127/1878 3724/131/1886 3725/132/1879
f 3726/124/1883 3727/125/1887 3728/126/1888
f 3726/124/1883 3728/126/1888 3729/127/1884
f 3727/125/1887 3730/128/1889 3731/129/1890
f 3727/125/1887 3731/129/1890 3728/126/1888
f 3728/126/1888 3731/129/1890 3732/130/1891
f 3728/126/1888 3732/130/1891 3733/131/1892
f 3729/127/1884 3728/126/1888 3733/131/1892
f 3729/127/1884 3733/131/1892 3734/132/1885
f 3735/124/1889 3736/125/1893 3737/126/1894
f 3735/124/1889 3737/126/1894 3738/127/1890
f 3736/125/1893 3739/128/1895 3740/129/1896
f 3736/125/1893 3740/129/1896 3737/126/1894
f 3737/126/1894 3740/129/1896 3741/130/1897
f 3737/126/1894 3741/130/1897 3742/131/1898
f 3738/127/1890 3737/126/1894 3742/131/1898
f 3738/127/1890 3742/131/1898 3743/132/1891
f 3744/124/1895 3745/125/1899 3746/126/1900
f 3744/124/1895 3746/126/1900 3747/127/1896
f 3745/125/1899 3748/128/1901 3749/129/1902
f 3745/125/1899 3749/129/1902 3746/126/1900
f 3746/126/1900 3749/129/1902 3750/130/1903
f 3746/126/1900 3750/130/1903 3751/131/1904
f 3747/127/1896 3746/126/1900 3751/131/1904
f 3747/127/1896 3751/131/1904 3752/132/1897
f 3753/124/1901 3754/125/1905 3755/126/1906
f 3753/124/1901 3755/126/1906 3756/127/1902
f 3754/125/1905 3757/128/1907 3758/129/1908
f 3754/125/1905 3758/129/1908 3755/126/1906
f 3755/126/1906 3758/129/1908 3759/130/1909
f 3755/126/1906 3759/130/1909 3760/131/1910
f 3756/127/1902 3755/126/1906 3760/131/1910
f 3756/127/1902 3760/131/1910 3761/132/1903
f 3762/124/1907 3763/125/1911 3764/126/1912
f 3762/124/1907 3764/126/1912 3765/127/1908
f 3763/125/1911 3766/128/1913 3767/129/1914
f 3763/125/1911 3767/129/1914 3764/126/1912
f 3764/126/1912 3767/129/1914 3768/130/1915
f 3764/126/1912 3768/130/1915 3769/131/1916
f 3765/127/1908 3764/126/1912 3769/131/1916
f 3765/127/1908 3769/131/1916 3770/132/1909
f 3771/124/1913 3772/125/1917 3773/126/1918
f 3771/124/1913 3773/126/1918 3774/127/1914
f 3772/125/1917 3775/128/1919 3776/129/1920
f 3772/125/1917 3776/129/1920 3773/126/1918
f 3773/126/1918 3776/129/1920 3777/130/1921
f 3773/126/1918 3777/130/1921 3778/131/1922
f 3774/127/1914 3773/126/1918 3778/131/1922
f 3774/127/1914 3778/131/1922 3779/132/1915
f 3780/124/1919 3781/125/1923 3782/126/1924
f 3780/124/1919 3782/126/1924 3783/127/1920
f 3781/125/1923 3784/128/1806 3785/129/1809
f 3781/125/1923 3785/129/1809 3782/126/1924
f 3782/126/1924 3785/129/1809 3786/130/1814
f 3782/126/1924 3786/130/1814 3787/131/1925
f 3783/127/1920 3782/126/1924 3787/131/1925
f 3783/127/1920 3787/131/1925 3788/132/1921
f 3789/124/1814 3790/125/1813 3791/126/1926
f 3789/124/1814 3791/126/1926 3792/127/1927
f 3790/125/1813 3793/128/1812 3794/129/1928
f 3790/125/1813 3794/129/1928 3791/126/1926
f 3791/126/1926 3794/129/1928 3795/130/1929
f 3791/126/1926 3795/130/1929 3796/131/1930
f 3792/127/1927 3791/126/1926 3796/131/1930
f 3792/127/1927 3796/131/1930 3797/132/1931
f 3798/124/1812 3799/125/1820 3800/126/1932
f 3798/124/1812 3800/126/1932 3801/127/1928
f 3799/125/1820 3802/128/1819 3803/129/1933
f 3799/125/1820 3803/129/1933 3800/126/1932
f 3800/126/1932 3803/129/1933 3804/130/1934
f 3800/126/1932 3804/130/1934 3805/131/1935
f 3801/127/1928 3800/126/1932 3805/131/1935
f 3801/127/1928 3805/131/1935 3806/132/1929
f 3807/124/1819 3808/125/1826 3809/126/1936
f 3807/124/1819 3809/126/1936 3810/127/1933
f 3808/125/1826 3811/128/1825 3812/129/1937
f 3808/125/1826 3812/129/1937 3809/126/1936
f 3809/126/1936 3812/129/1937 3813/130/1938
f 3809/126/1936 3813/130/1938 3814/131/1939
f 3810/127/1933 3809/126/1936 3814/131/1939
f 3810/127/1933 3814/131/1939 3815/132/1934
f 3816/124/1825 3817/125/1832 3818/126/1940
f 3816/124/1825 3818/126/1940 3819/127/1937
f 3817/125/1832 3820/128/1831 3821/129/1941
f 3817/125/1832 3821/129/1941 3818/126/1940
f 3818/126/1940 3821/129/1941 3822/130/1942
f 3818/126/1940 3822/130/1942 3823/131/1943
f 3819/127/1937 3818/126/1940 3823/131/1943
f 3819/127/1937 3823/131/1943 3824/132/1938
f 3825/124/1831 3826/125/1838 3827/126/1944
f 3825/124/1831 3827/126/1944 3828/127/1941
f 3826/125/1838 3829/128/1837 3830/129/1945
f 3826/125/1838 3830/129/1945 3827/126/1944
f 3827/126/1944 3830/129/1945 3831/130/1946
f 3827/126/1944 3831/130/1946 3832/131/1947
f 3828/127/1941 3827/126/1944 3832/131/1947
f 3828/127/1941 3832/131/1947 3833/132/1942
f 3834/124/1837 3835/125/1844 3836/126/1948
f 3834/124/1837 3836/126/1948 3837/127/1945
f 3835/125/1844 3838/128/1843 3839/129/1949
f 3835/125/1844 3839/129/1949 3836/126/1948
f 3836/126/1948 3839/129/1949 3840/130/1950
f 3836/126/1948 3840/130/1950 3841/131/1951
f 3837/127/1945 3836/126/1948 3841/131/1951
f 3837/127/1945 3841/131/1951 3842/132/1946
f 3843/124/1843 3844/125/1850 3845/126/1952
f 3843/124/1843 3845/126/1952 3846/127/1949
f 3844/125/1850 3847/128/1849 3848/129/1953
f 3844/125/1850 3848/129/1953 3845/126/1952
f 3845/126/1952 3848/129/1953 3849/130/1954
f 3845/126/1952 3849/130/1954 3850/131/1955
f 3846/127/1949 3845/126/1952 3850/131/1955
f 3846/127/1949 3850/131/1955 3851/132/1950
f 3852/124/1849 3853/125/1856 3854/126/1956
f 3852/124/1849 3854/126/1956 3855/127/1953
f 3853/125/1856 3856/128/1855 3857/129/1957
f 3853/125/1856 3857/129/1957 3854/126/1956
f 3854/126/1956 3857/129/1957 3858/130/1958
f 3854/126/1956 3858/130/1958 3859/131/1959
f 3855/127/1953 3854/126/1956 3859/131/1959
f 3855/127/1953 3859/131/1959 3860/132/1954
f 3861/124/1855 3862/125/1862 3863/126/1960
f 3861/124/1855 3863/126/1960 3864/127/1957
f 3862/125/1862 3865/128/1861 3866/129/1961
f 3862/125/1862 3866/129/1961 3863/126/1960
f 3863/126/1960 3866/129/1961 3867/130/1962
f 3863/126/1960 3867/130/1962 3868/131/1963
f 3864/127/1957 3863/126/1960 3868/131/1963
f 3864/127/1957 3868/131/1963 3869/132/1958
f 3870/124/1861 3871/125/1868 3872/126/1964
f 3870/124/1861 3872/126/1964 3873/127/1961
f 3871/125/1868 3874/128/1867 3875/129/1965
f 3871/125/1868 3875/129/1965 3872/126/1964
f 3872/126/1964 3875/129/1965 3876/130/1966
f 3872/126/1964 3876/130/1966 3877/131/1967
f 3873/127/1961 3872/126/1964 3877/131/1967
f 3873/127/1961 3877/131/1967 3878/132/1962
f 3879/124/1867 3880/125/1874 3881/126/1968
f 3879/124/1867 3881/126/1968 3882/127/1965
f 3880/125/1874 3883/128/1873 3884/129/1969
f 3880/125/1874 3884/129/1969 3881/126/1968
f 3881/126/1968 3884/129/1969 3885/130/1970
f 3881/126/1968 3885/130/1970 3886/131/1971
f 3882/127/1965 3881/126/1968 3886/131/1971
f 3882/127/1965 3886/131/1971 3887/132/1966
f 3888/124/1873 3889/125/1880 3890/126/1972
f 3888/124/1873 3890/126/1972 3891/127/1969
f 3889/125/1880 3892/128/1879 3893/129/1973
f 3889/125/1880 3893/129/1973 3890/126/1972
f 3890/126/1972 3893/129/1973 3894/130/1974
f 3890/126/1972 3894/130/1974 3895/131/1975
f 3891/127/1969 3890/126/1972 3895/131/1975
f 3891/127/1969 3895/131/1975 3896/132/1970
f 3897/124/1879 3898/125/1886 3899/126/1976
f 3897/124/1879 3899/126/1976 3900/127/1973
f 3898/125/1886 3901/128/1885 3902/129/1977
f 3898/125/1886 3902/129/1977 3899/126/1976
f 3899/126/1976 3902/129/1977 3903/130/1978
f 3899/126/1976 3903/130/1978 3904/131/1979
f 3900/127/1973 3899/126/1976 3904/131/1979
f 3900/127/1973 3904/131/1979 3905/132/1974
f 3906/124/1885 3907/125/1892 3908/126/1980
f 3906/124/1885 3908/126/1980 3909/127/1977
f 3907/125/1892 3910/128/1891 3911/129/1981
f 3907/125/1892 3911/129/1981 3908/126/1980
f 3908/126/1980 3911/129/1981 3912/130/1982
f 3908/126/1980 3912/130/1982 3913/131/1983
f 3909/127/1977 3908/126/1980 3913/131/1983
f 3909/127/1977 3913/131/1983 3914/132/1978
f 3915/124/1891 3916/125/1898 3917/126/1984
f 3915/124/1891 3917/126/1984 3918/127/1981
f 3916/125/1898 3919/128/1897 3920/129/1985
f 3916/125/1898 3920/129/1985 3917/126/1984
f 3917/126/1984 3920/129/1985 3921/130/1986
f 3917/126/1984 3921/130/1986 3922/131/1987
f 3918/127/1981 3917/126/1984 3922/131/1987
f 3918/127/1981 3922/131/1987 3923/132/1982
f 3924/124/1897 3925/125/1904 3926/126/1988
f 3924/124/1897 3926/126/1988 3927/127/1985
f 3925/125/1904 3928/128/1903 3929/129/1989
f 3925/125/1904 3929/129/1989 3926/126/1988
f 3926/126/1988 3929/129/1989 3930/130/1990
f 3926/126/1988 3930/130/1990 3931/131/1991
f 3927/127/1985 3926/126/1988 3931/131/1991
f 3927/127/1985 3931/131/1991 3932/132/1986
f 3933/124/1903 3934/125/1910 3935/126/1992
f 3933/124/1903 3935/126/1992 3936/127/1989
f 3934/125/1910 3937/128/1909 3938/129/1993
f 3934/125/1910 3938/129/1993 3935/126/1992
f 3935/126/1992 3938/129/1993 3939/130/1994
f 3935/126/1992 3939/130/1994 3940/131/1995
f 3936/127/1989 3935/126/1992 3940/131/1995
f 3936/127/1989 3940/131/1995 3941/132/1990
f 3942/124/1909 3943/125/1916 3944/126/1996
f 3942/124/1909 3944/126/1996 3945/127/1993
f 3943/125/1916 3946/128/1915 3947/129/1997
f 3943/125/1916 3947/129/1997 3944/126/1996
f 3944/126/1996 3947/129/1997 3948/130/1998
f 3944/126/1996 3948/130/1998 3949/131/1999
f 3945/127/1993 3944/126/1996 3949/131/1999
f 3945/127/1993 3949/131/1999 3950/132/1994
f 3951/124/1915 3952/125/1922 3953/126/2000
f 3951/124/1915 3953/126/2000 3954/127/1997
f 3952/125/1922 3955/128/1921 3956/129/2001
f 3952/125/1922 3956/129/2001 3953/126/2000
f 3953/126/2000 3956/129/2001 3957/130/2002
f 3953/126/2000 3957/130/2002 3958/131/2003
f 3954/127/1997 3953/126/2000 3958/131/2003
f 3954/127/1997 3958/131/2003 3959/132/1998
f 3960/124/1921 3961/125/1925 3962/126/2004
f 3960/124/1921 3962/126/2004 3963/127/2001
f 3961/125/1925 3964/128/1814 3965/129/1927
f 3961/125/1925 3965/129/1927 3962/126/2004
f 3962/126/2004 3965/129/1927 3966/130/1931
f 3962/126/2004 3966/130/1931 3967/131/2005
f 3963/127/2001 3962/126/2004 3967/131/2005
f 3963/127/2001 3967/131/2005 3968/132/2002
f 3969/124/1931 3970/125/1930 3971/126/2006
f 3969/124/1931 3971/126/2006 3972/127/2007
f 3970/125/1930 3973/128/1929 3974/129/2008
f 3970/125/1930 3974/129/2008 3971/126/2006
f 3971/126/2006 3974/129/2008 3975/130/2009
f 3971/126/2006 3975/130/2009 3976/131/2010
f 3972/127/2007 3971/126/2006 3976/131/2010
f 3972/127/2007 3976/131/2010 3977/132/2011
f 3978/124/1929 3979/125/1935 3980/126/2012
f 3978/124/1929 3980/126/2012 3981/127/2008
f 3979/125/1935 3982/128/1934 3983/129/2013
f 3979/125/1935 3983/129/2013 3980/126/2012
f 3980/126/2012 3983/129/2013 3984/130/2014
f 3980/126/2012 3984/130/2014 3985/131/2015
f 3981/127/2008 3980/126/2012 3985/131/2015
f 3981/127/2008 3985/131/2015 3986/132/2009
f 3987/124/1934 3988/125/1939 3989/126/2016
f 3987/124/1934 3989/126/2016 3990/127/2013
f 3988/125/1939 3991/128/1938 3992/129/2017
f 3988/125/1939 3992/129/2017 3989/126/2016
f 3989/126/2016 3992/129/2017 3993/130/2018
f 3989/126/2016 3993/130/2018 3994/131/2019
f 3990/127/2013 3989/126/2016 3994/131/2019
f 3990/127/2013 3994/131/2019 3995/132/2014
f 3996/124/1938 3997/125/1943 3998/126/2020
f 3996/124/1938 3998/126/2020 3999/127/2017
f 3997/125/1943 4000/128/1942 4001/129/2021
f 3997/125/1943 4001/129/2021 3998/126/2020
f 3998/126/2020 4001/129/2021 4002/130/2022
f 3998/126/2020 4002/130/2022 4003/131/2023
f 3999/127/2017 3998/126/2020 4003/131/2023
f 3999/127/2017 4003/131/2023 4004/132/2018
f 4005/124/1942 4006/125/1947 4007/126/2024
f 4005/124/1942 4007/126/2024 4008/127/2021
f 4006/125/1947 4009/128/1946 4010/129/2025
f 4006/125/1947 4010/129/2025 4007/126/2024
f 4007/126/2024 4010/129/2025 4011/130/2026
f 4007/126/2024 4011/130/2026 4012/131/2027
f 4008/127/2021 4007/126/2024 4012/131/2027
f 4008/127/2021 4012/131/2027 4013/132/2022
f 4014/124/1946 4015/125/1951 4016/126/2028
f 4014/124/1946 4016/126/2028 4017/127/2025
f 4015/125/1951 4018/128/1950 4019/129/2029
f 4015/125/1951 4019/129/2029 4016/126/2028
f 4016/126/2028 4019/129/2029 4020/130/2030
f 4016/126/2028 4020/130/2030 4021/131/2031
f 4017/127/2025 4016/126/2028 4021/131/2031
f 4017/127/2025 4021/131/2031 4022/132/2026
f 4023/124/1950 4024/125/1955 4025/126/2032
f 4023/124/1950 4025/126/2032 4026/127/2029
f 4024/125/1955 4027/128/1954 4028/129/2033
f 4024/125/1955 4028/129/2033 4025/126/2032
f 4025/126/2032 4028/129/2033 4029/130/2034
f 4025/126/2032 4029/130/2034 4030/131/2035
f 4026/127/2029 4025/126/2032 4030/131/2035
f 4026/127/2029 4030/131/2035 4031/132/2030
f 4032/124/1954 4033/125/1959 4034/126/2036
f 4032/124/1954 4034/126/2036 4035/127/2033
f 4033/125/1959 4036/128/1958 4037/129/2037
f 4033/125/1959 4037/129/2037 4034/126/2036
f 4034/126/2036 4037/129/2037 4038/130/2038
f 4034/126/2036 4038/130/2038 4039/131/2039
f 4035/127/2033 4034/126/2036 4039/131/2039
f 4035/127/2033 4039/131/2039 4040/132/2034
f 4041/124/1958 4042/125/1963 4043/126/2040
f 4041/124/1958 4043/126/2040 4044/127/2037
f 4042/125/1963 4045/128/1962 4046/129/2041
f 4042/125/1963 4046/129/2041 4043/126/2040
f 4043/126/2040 4046/129/2041 4047/130/2042
f 4043/126/2040 4047/130/2042 4048/131/2043
f 4044/127/2037 4043/126/2040 4048/131/2043
f 4044/127/2037 4048/131/2043 4049/132/2038
f 4050/124/1962 4051/125/1967 4052/126/2044
f 4050/124/1962 4052/126/2044 4053/127/2041
f 4051/125/1967 4054/128/1966 4055/129/2045
f 4051/125/1967 4055/129/2045 4052/126/2044
f 4052/126/2044 4055/129/2045 4056/130/2046
f 4052/126/2044 4056/130/2046 4057/131/2047
f 4053/127/2041 4052/126/2044 4057/131/2047
f 4053/127/2041 4057/131/2047 4058/132/2042
f 4059/124/1966 4060/125/1971 4061/126/2048
f 4059/124/1966 4061/126/2048 4062/127/2045
f 4060/125/1971 4063/128/1970 4064/129/2049
f 4060/125/1971 4064/129/2049 4061/126/2048
f 4061/126/2048 4064/129/2049 4065/130/2050
f 4061/126/2048 4065/130/2050 4066/131/2051
f 4062/127/2045 4061/126/2048 4066/131/2051
f 4062/127/2045 4066/131/2051 4067/132/2046
f 4068/124/1970 4069/125/1975 4070/126/2052
f 4068/124/1970 4070/126/2052 4071/127/2049
f 4069/125/1975 4072/128/1974 4073/129/2053
f 4069/125/1975 4073/129/2053 4070/126/2052
f 4070/126/2052 4073/129/2053 4074/130/2054
f 4070/126/2052 4074/130/2054 4075/131/2055
f 4071/127/2049 4070/126/2052 4075/131/2055
f 4071/127/2049 4075/131/2055 4076/132/2050
f 4077/124/1974 4078/125/1979 4079/126/2056
f 4077/124/1974 4079/126/2056 4080/127/2053
f 4078/125/1979 4081/128/1978 4082/129/2057
f 4078/125/1979 4082/129/2057 4079/126/2056
f 4079/126/2056 4082/129/2057 4083/130/2058
f 4079/126/2056 4083/130/2058 4084/131/2059
f 4080/127/2053 4079/126/2056 4084/131/2059
f 4080/127/2053 4084/131/2059 4085/132/2054
f 4086/124/1978 4087/125/1983 4088/126/2060
f 4086/124/1978 4088/126/2060 4089/127/2057
f 4087/125/1983 4090/128/1982 4091/129/2061
f 4087/125/1983 4091/129/2061 4088/126/2060
f 4088/126/2060 4091/129/2061 4092/130/2062
f 4088/126/2060 4092/130/2062 4093/131/2063
f 4089/127/2057 4088/126/2060 4093/131/2063
f 4089/127/2057 4093/131/2063 4094/132/2058
f 4095/124/1982 4096/125/1987 4097/126/2064
f 4095/124/1982 4097/126/2064 4098/127/2061
f 4096/125/1987 4099/128/1986 4100/129/2065
f 4096/125/1987 4100/129/2065 4097/126/2064
f 4097/126/2064 4100/129/2065 4101/130/2066
f 4097/126/2064 4101/130/2066 4102/131/2067
f 4098/127/2061 4097/126/2064 4102/131/2067
f 4098/127/2061 4102/131/2067 4103/132/2062
f 4104/124/1986 4105/125/1991 4106/126/2068
f 4104/124/1986 4106/126/2068 4107/127/2065
f 4105/125/1991 4108/128/1990 4109/129/2069
f 4105/125/1991 4109/129/2069 4106/126/2068
f 4106/126/2068 4109/129/2069 4110/130/2070
f 4106/126/2068 4110/130/2070 4111/131/2071
f 4107/127/2065 4106/126/2068 4111/131/2071
f 4107/127/2065 4111/131/2071 4112/132/2066
f 4113/124/1990 4114/125/1995 4115/126/2072
f 4113/124/1990 4115/126/2072 4116/127/2069
f 4114/125/1995 4117/128/1994 4118/129/2073
f 4114/125/1995 4118/129/2073 4115/126/2072
f 4115/126/2072 4118/129/2073 4119/130/2074
f 4115/126/2072 4119/130/2074 4120/131/2075
f 4116/127/2069 4115/126/2072 4120/131/2075
f 4116/127/2069 4120/131/2075 4121/132/2070
f 4122/124/1994 4123/125/1999 4124/126/2076
f 4122/124/1994 4124/126/2076 4125/127/2073
f 4123/125/1999 4126/128/1998 4127/129/2077
f 4123/125/1999 4127/129/2077 4124/126/2076
f 4124/126/2076 4127/129/2077 4128/130/2078
f 4124/126/2076 4128/130/2078 4129/131/2079
f 4125/127/2073 4124/126/2076 4129/131/2079
f 4125/127/2073 4129/131/2079 4130/132/2074
f 4131/124/1998 4132/125/2003 4133/126/2080
f 4131/124/1998 4133/126/2080 4134/127/2077
f 4132/125/2003 4135/128/2002 4136/129/2081
f 4132/125/2003 4136/129/2081 4133/126/2080
f 4133/126/2080 4136/129/2081 4137/130/2082
f 4133/126/2080 4137/130/2082 4138/131/2083
f 4134/127/2077 4133/126/2080 4138/131/2083
f 4134/127/2077 4138/131/2083 4139/132/2078
f 4140/124/2002 4141/125/2005 4142/126/2084
f 4140/124/2002 4142/126/2084 4143/127/2081
f 4141/125/2005 4144/128/1931 4145/129/2007
f 4141/125/2005 4145/129/2007 4142/126/2084
f 4142/126/2084 4145/129/2007 4146/130/2011
f 4142/126/2084 4146/130/2011 4147/131/2085
f 4143/127/2081 4142/126/2084 4147/131/2085
f 4143/127/2081 4147/131/2085 4148/132/2082
f 4149/124/2011 4150/125/2010 4151/126/2086
f 4149/124/2011 4151/126/2086 4152/127/2087
f 4150/125/2010 4153/128/2009 4154/129/2088
f 4150/125/2010 4154/129/2088 4151/126/2086
f 4151/126/2086 4154/129/2088 4155/130/2089
f 4151/126/2086 4155/130/2089 4156/131/2090
f 4152/127/2087 4151/126/2086 4156/131/2090
f 4152/127/2087 4156/131/2090 4157/132/2091
f 4158/124/2009 4159/125/2015 4160/126/2092
f 4158/124/2009 4160/126/2092 4161/127/2088
f 4159/125/2015 4162/128/2014 4163/129/2093
f 4159/125/2015 4163/129/2093 4160/126/2092
f 4160/126/2092 4163/129/2093 4164/130/2094
f 4160/126/2092 4164/130/2094 4165/131/2095
f 4161/127/2088 4160/126/2092 4165/131/2095
f 4161/127/2088 4165/131/2095 4166/132/2089
f 4167/124/2014 4168/125/2019 4169/126/2096
f 4167/124/2014 4169/126/2096 4170/127/2093
f 4168/125/2019 4171/128/2018 4172/129/2097
f 4168/125/2019 4172/129/2097 4169/126/2096
f 4169/126/2096 4172/129/2097 4173/130/2098
f 4169/126/2096 4173/130/2098 4174/131/2099
f 4170/127/2093 4169/126/2096 4174/131/2099
f 4170/127/2093 4174/131/2099 4175/132/2094
f 4176/124/2018 4177/125/2023 4178/126/2100
f 4176/124/2018 4178/126/2100 4179/127/2097
f 4177/125/2023 4180/128/2022 4181/129/2101
f 4177/125/2023 4181/129/2101 4178/126/2100
f 4178/126/2100 4181/129/2101 4182/130/2102
f 4178/126/2100 4182/130/2102 4183/131/2103
f 4179/127/2097 4178/126/2100 4183/131/2103
f 4179/127/2097 4183/131/2103 4184/132/2098
f 4185/124/2022 4186/125/2027 4187/126/2104
f 4185/124/2022 4187/126/2104 4188/127/2101
f 4186/125/2027 4189/128/2026 4190/129/2105
f 4186/125/2027 4190/129/2105 4187/126/2104
f 4187/126/2104 4190/129/2105 4191/130/2106
f 4187/126/2104 4191/130/2106 4192/131/2107
f 4188/127/2101 4187/126/2104 4192/131/2107
f 4188/127/2101 4192/131/2107 4193/132/2102
f 4194/124/2026 4195/125/2031 4196/126/2108
f 4194/124/2026 4196/126/2108 4197/127/2105
f 4195/125/2031 4198/128/2030 4199/129/2109
f 4195/125/2031 4199/129/2109 4196/126/2108
f 4196/126/2108 4199/129/2109 4200/130/2110
f 4196/126/2108 4200/130/2110 4201/131/2111
f 4197/127/2105 4196/126/2108 4201/131/2111
f 4197/127/2105 4201/131/2111 4202/132/2106
f 4203/124/2030 4204/125/2035 4205/126/2112
f 4203/124/2030 4205/126/2112 4206/127/2109
f 4204/125/2035 4207/128/2034 4208/129/2113
f 4204/125/2035 4208/129/2113 4205/126/2112
f 4205/126/2112 4208/129/2113 4209/130/2114
f 4205/126/2112 4209/130/2114 4210/131/2115
f 4206/127/2109 4205/126/2112 4210/131/2115
f 4206/127/2109 4210/131/2115 4211/132/2110
f 4212/124/2034 4213/125/2039 4214/126/2116
f 4212/124/2034 4214/126/2116 4215/127/2113
f 4213/125/2039 4216/128/2038 4217/129/2117
f 4213/125/2039 4217/129/2117 4214/126/2116
f 4214/126/2116 4217/129/2117 4218/130/2118
f 4214/126/2116 4218/130/2118 4219/131/2119
f 4215/127/2113 4214/126/2116 4219/131/2119
f 4215/127/2113 4219/131/2119 4220/132/2114
f 4221/124/2038 4222/125/2043 4223/126/2120
f 4221/124/2038 4223/126/2120 4224/127/2117
f 4222/125/2043 4225/128/2042 4226/129/2121
f 4222/125/2043 4226/129/2121 4223/126/2120
f 4223/126/2120 4226/129/2121 4227/130/2122
f 4223/126/2120 4227/130/2122 4228/131/2123
f 4224/127/2117 4223/126/2120 4228/131/2123
f 4224/127/2117 4228/131/2123 4229/132/2118
f 4230/124/2042 4231/125/2047 4232/126/2124
f 4230/124/2042 4232/126/2124 4233/127/2121
f 4231/125/2047 4234/128/2046 4235/129/2125
f 4231/125/2047 4235/129/2125 4232/126/2124
f 4232/126/2124 4235/129/2125 4236/130/2126
f 4232/126/2124 4236/130/2126 4237/131/2127
f 4233/127/2121 4232/126/2124 4237/131/2127
f 4233/127/2121 4237/131/2127 4238/132/2122
f 4239/124/2046 4240/125/2051 4241/126/2128
f 4239/124/2046 4241/126/2128 4242/127/2125
f 4240/125/2051 4243/128/2050 4244/129/2129
f 4240/125/2051 4244/129/2129 4241/126/2128
f 4241/126/2128 4244/129/2129 4245/130/2130
f 4241/126/2128 4245/130/2130 4246/131/2131
f 4242/127/2125 4241/126/2128 4246/131/2131
f 4242/127/2125 4246/131/2131 4247/132/2126
f 4248/124/2050 4249/125/2055 4250/126/2132
f 4248/124/2050 4250/126/2132 4251/127/2129
f 4249/125/2055 4252/128/2054 4253/129/2133
f 4249/125/2055 4253/129/2133 4250/126/2132
f 4250/126/2132 4253/129/2133 4254/130/2134
f 4250/126/2132 4254/130/2134 4255/131/2135
f 4251/127/2129 4250/126/2132 4255/131/2135
f 4251/127/2129 4255/131/2135 4256/132/2130
f 4257/124/2054 4258/125/2059 4259/126/2136
f 4257/124/2054 4259/126/2136 4260/127/2133
f 4258/125/2059 4261/128/2058 4262/129/2137
f 4258/125/2059 4262/129/2137 4259/126/2136
f 4259/126/2136 4262/129/2137 4263/130/2138
f 4259/126/2136 4263/130/2138 4264/131/2139
f 4260/127/2133 4259/126/2136 4264/131/2139
f 4260/127/2133 4264/131/2139 4265/132/2134
f 4266/124/2058 4267/125/2063 4268/126/2140
f 4266/124/2058 4268/126/2140 4269/127/2137
f 4267/125/2063 4270/128/2062 4271/129/2141
f 4267/125/2063 4271/129/2141 4268/126/2140
f 4268/126/2140 4271/129/2141 4272/130/2142
f 4268/126/2140 4272/130/2142 4273/131/2143
f 4269/127/2137 4268/126/2140 4273/131/2143
f 4269/127/2137 4273/131/2143 4274/132/2138
f 4275/124/2062 4276/125/2067 4277/126/2144
f 4275/124/2062 4277/126/2144 4278/127/2141
f 4276/125/2067 4279/128/2066 4280/129/2145
f 4276/125/2067 4280/129/2145 4277/126/2144
f 4277/126/2144 4280/129/2145 4281/130/2146
f 4277/126/2144 4281/130/2146 4282/131/2147
f 4278/127/2141 4277/126/2144 4282/131/2147
f 4278/127/2141 4282/131/2147 4283/132/2142
f 4284/124/2066 4285/125/2071 4286/126/2148
f 4284/124/2066 4286/126/2148 4287/127/2145
f 4285/125/2071 4288/128/2070 4289/129/2149
f 4285/125/2071 4289/129/2149 4286/126/2148
f 4286/126/2148 4289/129/2149 4290/130/2150
f 4286/126/2148 4290/130/2150 4291/131/2151
f 4287/127/2145 4286/126/2148 4291/131/2151
f 4287/127/2145 4291/131/2151 4292/132/2146
f 4293/124/2070 4294/125/2075 4295/126/2152
f 4293/124/2070 4295/126/2152 4296/127/2149
f 4294/125/2075 4297/128/2074 4298/129/2153
f 4294/125/2075 4298/129/2153 4295/126/2152
f 4295/126/2152 4298/129/2153 4299/130/2154
f 4295/126/2152 4299/130/2154 4300/131/2155
f 4296/127/2149 4295/126/2152 4300/131/2155
f 4296/127/2149 4300/131/2155 4301/132/2150
f 4302/124/2074 4303/125/2079 4304/126/2156
f 4302/124/2074 4304/126/2156 4305/127/2153
f 4303/125/2079 4306/128/2078 4307/129/2157
f 4303/125/2079 4307/129/2157 4304/126/2156
f 4304/126/2156 4307/129/2157 4308/130/2158
f 4304/126/2156 4308/130/2158 4309/131/2159
f 4305/127/2153 4304/126/2156 4309/131/2159
f 4305/127/2153 4309/131/2159 4310/132/2154
f 4311/124/2078 4312/125/2083 4313/126/2160
f 4311/124/2078 4313/126/2160 4314/127/2157
f 4312/125/2083 4315/128/2082 4316/129/2161
f 4312/125/2083 4316/129/2161 4313/126/2160
f 4313/126/2160 4316/129/2161 4317/130/2162
f 4313/126/2160 4317/130/2162 4318/131/2163
f 4314/127/2157 4313/126/2160 4318/131/2163
f 4314/127/2157 4318/131/2163 4319/132/2158
f 4320/124/2082 4321/125/2085 4322/126/2164
f 4320/124/2082 4322/126/2164 4323/127/2161
f 4321/125/2085 4324/128/2011 4325/129/2087
f 4321/125/2085 4325/129/2087 4322/126/2164
f 4322/126/2164 4325/129/2087 4326/130/2091
f 4322/126/2164 4326/130/2091 4327/131/2165
f 4323/127/2161 4322/126/2164 4327/131/2165
f 4323/127/2161 4327/131/2165 4328/132/2162
f 4329/124/2091 4330/125/2090 4331/126/2166
f 4329/124/2091 4331/126/2166 4332/127/2167
f 4330/125/2090 4333/128/2089 4334/129/2168
f 4330/125/2090 4334/129/2168 4331/126/2166
f 4331/126/2166 4334/129/2168 4335/130/2169
f 4331/126/2166 4335/130/2169 4336/131/2170
f 4332/127/2167 4331/126/2166 4336/131/2170
f 4332/127/2167 4336/131/2170 4337/132/2171
f 4338/124/2089 4339/125/2095 4340/126/2172
f 4338/124/2089 4340/126/2172 4341/127/2168
f 4339/125/2095 4342/128/2094 4343/129/2173
f 4339/125/2095 4343/129/2173 4340/126/2172
f 4340/126/2172 4343/129/2173 4344/130/2174
f 4340/126/2172 4344/130/2174 4345/131/2175
f 4341/127/2168 4340/126/2172 4345/131/2175
f 4341/127/2168 4345/131/2175 4346/132/2169
f 4347/124/2094 4348/125/2099 4349/126/2176
f 4347/124/2094 4349/126/2176 4350/127/2173
f 4348/125/2099 4351/128/2098 4352/129/2177
f 4348/125/2099 4352/129/2177 4349/126/2176
f 4349/126/2176 4352/129/2177 4353/130/2178
f 4349/126/2176 4353/130/2178 4354/131/2179
f 4350/127/2173 4349/126/2176 4354/131/2179
f 4350/127/2173 4354/131/2179 4355/132/2174
f 4356/124/2098 4357/125/2103 4358/126/2180
f 4356/124/2098 4358/126/2180 4359/127/2177
f 4357/125/2103 4360/128/2102 4361/129/2181
f 4357/125/2103 4361/129/2181 4358/126/2180
f 4358/126/2180 4361/129/2181 4362/130/2182
f 4358/126/2180 4362/130/2182 4363/131/2183
f 4359/127/2177 4358/126/2180 4363/131/2183
f 4359/127/2177 4363/131/2183 4364/132/2178
f 4365/124/2102 4366/125/2107 4367/126/2184
f 4365/124/2102 4367/126/2184 4368/127/2181
f 4366/125/2107 4369/128/2106 4370/129/2185
f 4366/125/2107 4370/129/2185 4367/126/2184
f 4367/126/2184 4370/129/2185 4371/130/2186
f 4367/126/2184 4371/130/2186 4372/131/2187
f 4368/127/2181 4367/126/2184 4372/131/2187
f 4368/127/2181 4372/131/2187 4373/132/2182
f 4374/124/2106 4375/125/2111 4376/126/2188
f 4374/124/2106 4376/126/2188 4377/127/2185
f 4375/125/2111 4378/128/2110 4379/129/2189
f 4375/125/2111 4379/129/2189 4376/126/2188
f 4376/126/2188 4379/129/2189 4380/130/2190
f 4376/126/2188 4380/130/2190 4381/131/2191
f 4377/127/2185 4376/126/2188 4381/131/2191
f 4377/127/2185 4381/131/2191 4382/132/2186
f 4383/124/2110 4384/125/2115 4385/126/2192
f 4383/124/2110 4385/126/2192 4386/127/2189
f 4384/125/2115 4387/128/2114 4388/129/2193
f 4384/125/2115 4388/129/2193 4385/126/2192
f 4385/126/2192 4388/129/2193 4389/130/2194
f 4385/126/2192 4389/130/2194 4390/131/2195
f 4386/127/2189 4385/126/2192 4390/131/2195
f 4386/127/2189 4390/131/2195 4391/132/2190
f 4392/124/2114 4393/125/2119 4394/126/2196
f 4392/124/2114 4394/126/2196 4395/127/2193
f 4393/125/2119 4396/128/2118 4397/129/2197
f 4393/125/2119 4397/129/2197 4394/126/2196
f 4394/126/2196 4397/129/2197 4398/130/2198
f 4394/126/2196 4398/130/2198 4399/131/2199
f 4395/127/2193 4394/126/2196 4399/131/2199
f 4395/127/2193 4399/131/2199 4400/132/2194
f 4401/124/2118 4402/125/2123 4403/126/2200
f 4401/124/2118 4403/126/2200 4404/127/2197
f 4402/125/2123 4405/128/2122 4406/129/2201
f 4402/125/2123 4406/129/2201 4403/126/2200
f 4403/126/2200 4406/129/2201 4407/130/2202
f 4403/126/2200 4407/130/2202 4408/131/2203
f 4404/127/2197 4403/126/2200 4408/131/2203
f 4404/127/2197 4408/131/2203 4409/132/2198
f 4410/124/2122 4411/125/2127 4412/126/2204
f 4410/124/2122 4412/126/2204 4413/127/2201
f 4411/125/2127 4414/128/2126 4415/129/2205
f 4411/125/2127 4415/129/2205 4412/126/2204
f 4412/126/2204 4415/129/2205 4416/130/2206
f 4412/126/2204 4416/130/2206 4417/131/2207
f 4413/127/2201 4412/126/2204 4417/131/2207
f 4413/127/2201 4417/131/2207 4418/132/2202
f 4419/124/2126 4420/125/2131 4421/126/2208
f 4419/124/2126 4421/126/2208 4422/127/2205
f 4420/125/2131 4423/128/2130 4424/129/2209
f 4420/125/2131 4424/129/2209 4421/126/2208
f 4421/126/2208 4424/129/2209 4425/130/2210
f 4421/126/2208 4425/130/2210 4426/131/2211
f 4422/127/2205 4421/126/2208 4426/131/2211
f 4422/127/2205 4426/131/2211 4427/132/2206
f 4428/124/2130 4429/125/2135 4430/126/2212
f 4428/124/2130 4430/126/2212 4431/127/2209
f 4429/125/2135 4432/128/2134 4433/129/2213
f 4429/125/2135 4433/129/2213 4430/126/2212
f 4430/126/2212 4433/129/2213 4434/130/2214
f 4430/126/2212 4434/130/2214 4435/131/2215
f 4431/127/2209 4430/126/2212 4435/131/2215
f 4431/127/2209 4435/131/2215 4436/132/2210
f 4437/124/2134 4438/125/2139 4439/126/2216
f 4437/124/2134 4439/126/2216 4440/127/2213
f 4438/125/2139 4441/128/2138 4442/129/2217
f 4438/125/2139 4442/129/2217 4439/126/2216
f 4439/126/2216 4442/129/2217 4443/130/2218
f 4439/126/2216 4443/130/2218 4444/131/2219
f 4440/127/2213 4439/126/2216 4444/131/2219
f 4440/127/2213 4444/131/2219 4445/132/2214
f 4446/124/2138 4447/125/2143 4448/126/2220
f 4446/124/2138 4448/126/2220 4449/127/2217
f 4447/125/2143 4450/128/2142 4451/129/2221
f 4447/125/2143 4451/129/2221 4448/126/2220
f 4448/126/2220 4451/129/2221 4452/130/2222
f 4448/126/2220 4452/130/2222 4453/131/2223
f 4449/127/2217 4448/126/2220 4453/131/2223
f 4449/127/2217 4453/131/2223 4454/132/2218
f 4455/124/2142 4456/125/2147 4457/126/2224
f 4455/124/2142 4457/126/2224 4458/127/2221
f 4456/125/2147 4459/128/2146 4460/129/2225
f 4456/125/2147 4460/129/2225 4457/126/2224
f 4457/126/2224 4460/129/2225 4461/130/2226
f 4457/126/2224 4461/130/2226 4462/131/2227
f 4458/127/2221 4457/126/2224 4462/131/2227
f 4458/127/2221 4462/131/2227 4463/132/2222
f 4464/124/2146 4465/125/2151 4466/126/2228
f 4464/124/2146 4466/126/2228 4467/127/2225
f 4465/125/2151 4468/128/2150 4469/129/2229
f 4465/125/2151 4469/129/2229 4466/126/2228
f 4466/126/2228 4469/129/2229 4470/130/2230
f 4466/126/2228 4470/130/2230 4471/131/2231
f 4467/127/2225 4466/126/2228 4471/131/2231
f 4467/127/2225 4471/131/2231 4472/132/2226
f 4473/124/2150 4474/125/2155 4475/126/2232
f 4473/124/2150 4475/126/2232 4476/127/2229
f 4474/125/2155 4477/128/2154 4478/129/2233
f 4474/125/2155 4478/129/2233 4475/126/2232
f 4475/126/2232 4478/129/2233 4479/130/2234
f 4475/126/2232 4479/130/2234 4480/131/2235
f 4476/127/2229 4475/126/2232 4480/131/2235
f 4476/127/2229 4480/131/2235 4481/132/2230
f 4482/124/2154 4483/125/2159 4484/126/2236
f 4482/124/2154 4484/126/2236 4485/127/2233
f 4483/125/2159 4486/128/2158 4487/129/2237
f 4483/125/2159 4487/129/2237 4484/126/2236
f 4484/126/2236 4487/129/2237 4488/130/2238
f 4484/126/2236 4488/130/2238 4489/131/2239
f 4485/127/2233 4484/126/2236 4489/131/2239
f 4485/127/2233 4489/131/2239 4490/132/2234
f 4491/124/2158 4492/125/2163 4493/126/2240
f 4491/124/2158 4493/126/2240 4494/127/2237
f 4492/125/2163 4495/128/2162 4496/129/2241
f 4492/125/2163 4496/129/2241 4493/126/2240
f 4493/126/2240 4496/129/2241 4497/130/2242
f 4493/126/2240 4497/130/2242 4498/131/2243
f 4494/127/2237 4493/126/2240 4498/131/2243
f 4494/127/2237 4498/131/2243 4499/132/2238
f 4500/124/2162 4501/125/2165 4502/126/2244
f 4500/124/2162 4502/126/2244 4503/127/2241
f 4501/125/2165 4504/128/2091 4505/129/2167
f 4501/125/2165 4505/129/2167 4502/126/2244
f 4502/126/2244 4505/129/2167 4506/130/2171
f 4502/126/2244 4506/130/2171 4507/131/2245
f 4503/127/2241 4502/126/2244 4507/131/2245
f 4503/127/2241 4507/131/2245 4508/132/2242
f 4509/124/2171 4510/125/2170 4511/126/2246
f 4509/124/2171 4511/126/2246 4512/127/2247
f 4510/125/2170 4513/128/2169 4514/129/2248
f 4510/125/2170 4514/129/2248 4511/126/2246
f 4511/126/2246 4514/129/2248 4515/130/2249
f 4511/126/2246 4515/130/2249 4516/131/2250
f 4512/127/2247 4511/126/2246 4516/131/2250
f 4512/127/2247 4516/131/2250 4517/132/2251
f 4518/124/2169 4519/125/2175 4520/126/2252
f 4518/124/2169 4520/126/2252 4521/127/2248
f 4519/125/2175 4522/128/2174 4523/129/2253
f 4519/125/2175 4523/129/2253 4520/126/2252
f 4520/126/2252 4523/129/2253 4524/130/2254
f 4520/126/2252 4524/130/2254 4525/131/2255
f 4521/127/2248 4520/126/2252 4525/131/2255
f 4521/127/2248 4525/131/2255 4526/132/2249
f 4527/124/2174 4528/125/2179 4529/126/2256
f 4527/124/2174 4529/126/2256 4530/127/2253
f 4528/125/2179 4531/128/2178 4532/129/2257
f 4528/125/2179 4532/129/2257 4529/126/2256
f 4529/126/2256 4532/129/2257 4533/130/2258
f 4529/126/2256 4533/130/2258 4534/131/2259
f 4530/127/2253 4529/126/2256 4534/131/2259
f 4530/127/2253 4534/131/2259 4535/132/2254
f 4536/124/2178 4537/125/2183 4538/126/2260
f 4536/124/2178 4538/126/2260 4539/127/2257
f 4537/125/2183 4540/128/2182 4541/129/2261
f 4537/125/2183 4541/129/2261 4538/126/2260
f 4538/126/2260 4541/129/2261 4542/130/2262
f 4538/126/2260 4542/130/2262 4543/131/2263
f 4539/127/2257 4538/126/2260 4543/131/2263
f 4539/127/2257 4543/131/2263 4544/132/2258
f 4545/124/2182 4546/125/2187 4547/126/2264
f 4545/124/2182 4547/126/2264 4548/127/2261
f 4546/125/2187 4549/128/2186 4550/129/2265
f 4546/125/2187 4550/129/2265 4547/126/2264
f 4547/126/2264 4550/129/2265 4551/130/2266
f 4547/126/2264 4551/130/2266 4552/131/2267
f 4548/127/2261 4547/126/2264 4552/131/2267
f 4548/127/2261 4552/131/2267 4553/132/2262
f 4554/124/2186 4555/125/2191 4556/126/2268
f 4554/124/2186 4556/126/2268 4557/127/2265
f 4555/125/2191 4558/128/2190 4559/129/2269
f 4555/125/2191 4559/129/2269 4556/126/2268
f 4556/126/2268 4559/129/2269 4560/130/2270
f 4556/126/2268 4560/130/2270 4561/131/2271
f 4557/127/2265 4556/126/2268 4561/131/2271
f 4557/127/2265 4561/131/2271 4562/132/2266
f 4563/124/2190 4564/125/2195 4565/126/2272
f 4563/124/2190 4565/126/2272 4566/127/2269
f 4564/125/2195 4567/128/2194 4568/129/2273
f 4564/125/2195 4568/129/2273 4565/126/2272
f 4565/126/2272 4568/129/2273 4569/130/2274
f 4565/126/2272 4569/130/2274 4570/131/2275
f 4566/127/2269 4565/126/2272 4570/131/2275
f 4566/127/2269 4570/131/2275 4571/132/2270
f 4572/124/2194 4573/125/2199 4574/126/2276
f 4572/124/2194 4574/126/2276 4575/127/2273
f 4573/125/2199 4576/128/2198 4577/129/2277
f 4573/125/2199 4577/129/2277 4574/126/2276
f 4574/126/2276 4577/129/2277 4578/130/2278
f 4574/126/2276 4578/130/2278 4579/131/2279
f 4575/127/2273 4574/126/2276 4579/131/2279
f 4575/127/2273 4579/131/2279 4580/132/2274
f 4581/124/2198 4582/125/2203 4583/126/2280
f 4581/124/2198 4583/126/2280 4584/127/2277
f 4582/125/2203 4585/128/2202 4586/129/2281
f 4582/125/2203 4586/129/2281 4583/126/2280
f 4583/126/2280 4586/129/2281 4587/130/2282
f 4583/126/2280 4587/130/2282 4588/131/2283
f 4584/127/2277 4583/126/2280 4588/131/2283
f 4584/127/2277 4588/131/2283 4589/132/2278
f 4590/124/2202 4591/125/2207 4592/126/2284
f 4590/124/2202 4592/126/2284 4593/127/2281
f 4591/125/2207 4594/128/2206 4595/129/2285
f 4591/125/2207 4595/129/2285 4592/126/2284
f 4592/126/2284 4595/129/2285 4596/130/2286
f 4592/126/2284 4596/130/2286 4597/131/2287
f 4593/127/2281 4592/126/2284 4597/131/2287
f 4593/127/2281 4597/131/2287 4598/132/2282
f 4599/124/2206 4600/125/2211 4601/126/2288
f 4599/124/2206 4601/126/2288 4602/127/2285
f 4600/125/2211 4603/128/2210 4604/129/2289
f 4600/125/2211 4604/129/2289 4601/126/2288
f 4601/126/2288 4604/129/2289 4605/130/2290
f 4601/126/2288 4605/130/2290 4606/131/2291
f 4602/127/2285 4601/126/2288 4606/131/2291
f 4602/127/2285 4606/131/2291 4607/132/2286
f 4608/124/2210 4609/125/2215 4610/126/2292
f 4608/124/2210 4610/126/2292 4611/127/2289
f 4609/125/2215 4612/128/2214 4613/129/2293
f 4609/125/2215 4613/129/2293 4610/126/2292
f 4610/126/2292 4613/129/2293 4614/130/2294
f 4610/126/2292 4614/130/2294 4615/131/2295
f 4611/127/2289 4610/126/2292 4615/131/2295
f 4611/127/2289 4615/131/2295 4616/132/2290
f 4617/124/2214 4618/125/2219 4619/126/2296
f 4617/124/2214 4619/126/2296 4620/127/2293
f 4618/125/2219 4621/128/2218 4622/129/2297
f 4618/125/2219 4622/129/2297 4619/126/2296
f 4619/126/2296 4622/129/2297 4623/130/2298
f 4619/126/2296 4623/130/2298 4624/131/2299
f 4620/127/2293 4619/126/2296 4624/131/2299
f 4620/127/2293 4624/131/2299 4625/132/2294
f 4626/124/2218 4627/125/2223 4628/126/2300
f 4626/124/2218 4628/126/2300 4629/127/2297
f 4627/125/2223 4630/128/2222 4631/129/2301
f 4627/125/2223 4631/129/2301 4628/126/2300
f 4628/126/2300 4631/129/2301 4632/130/2302
f 4628/126/2300 4632/130/2302 4633/131/2303
f 4629/127/2297 4628/126/2300 4633/131/2303
f 4629/127/2297 4633/131/2303 4634/132/2298
f 4635/124/2222 4636/125/2227 4637/126/2304
f 4635/124/2222 4637/126/2304 4638/127/2301
f 4636/125/2227 4639/128/2226 4640/129/2305
f 4636/125/2227 4640/129/2305 4637/126/2304
f 4637/126/2304 4640/129/2305 4641/130/2306
f 4637/126/2304 4641/130/2306 4642/131/2307
f 4638/127/2301 4637/126/2304 4642/131/2307
f 4638/127/2301 4642/131/2307 4643/132/2302
f 4644/124/2226 4645/125/2231 4646/126/2308
f 4644/124/2226 4646/126/2308 4647/127/2305
f 4645/125/2231 4648/128/2230 4649/129/2309
f 4645/125/2231 4649/129/2309 4646/126/2308
f 4646/126/2308 4649/129/2309 4650/130/2310
f 4646/126/2308 4650/130/2310 4651/131/2311
f 4647/127/2305 4646/126/2308 4651/131/2311
f 4647/127/2305 4651/131/2311 4652/132/2306
f 4653/124/2230 4654/125/2235 4655/126/2312
f 4653/124/2230 4655/126/2312 4656/127/2309
f 4654/125/2235 4657/128/2234 4658/129/2313
f 4654/125/2235 4658/129/2313 4655/126/2312
f 4655/126/2312 4658/129/2313 4659/130/2314
f 4655/126/2312 4659/130/2314 4660/131/2315
f 4656/127/2309 4655/126/2312 4660/131/2315
f 4656/127/2309 4660/131/2315 4661/132/2310
f 4662/124/2234 4663/125/2239 4664/126/2316
f 4662/124/2234 4664/126/2316 4665/127/2313
f 4663/125/2239 4666/128/2238 4667/129/2317
f 4663/125/2239 4667/129/2317 4664/126/2316
f 4664/126/2316 4667/129/2317 4668/130/2318
f 4664/126/2316 4668/130/2318 4669/131/2319
f 4665/127/2313 4664/126/2316 4669/131/2319
f 4665/127/2313 4669/131/2319 4670/132/2314
f 4671/124/2238 4672/125/2243 4673/126/2320
f 4671/124/2238 4673/126/2320 4674/127/2317
f 4672/125/2243 4675/128/2242 4676/129/2321
f 4672/125/2243 4676/129/2321 4673/126/2320
f 4673/126/2320 4676/129/2321 4677/130/2322
f 4673/126/2320 4677/130/2322 4678/131/2323
f 4674/127/2317 4673/126/2320 4678/131/2323
f 4674/127/2317 4678/131/2323 4679/132/2318
f 4680/124/2242 4681/125/2245 4682/126/2324
f 4680/124/2242 4682/126/2324 4683/127/2321
f 4681/125/2245 4684/128/2171 4685/129/2247
f 4681/125/2245 4685/129/2247 4682/126/2324
f 4682/126/2324 4685/129/2247 4686/130/2251
f 4682/126/2324 4686/130/2251 4687/131/2325
f 4683/127/2321 4682/126/2324 4687/131/2325
f 4683/127/2321 4687/131/2325 4688/132/2322
f 4580/132/2274 4689/132/2326 4690/132/2327
f 4580/132/2274 4690/132/2327 4691/132/2275
f 4689/132/2326 4692/132/2328 4693/132/2329
f 4689/132/2326 4693/132/2329 4690/132/2327
f 4690/132/2327 4693/132/2329 4694/132/2330
f 4690/132/2327 4694/132/2330 4695/132/2331
f 4691/132/2275 4690/132/2327 4695/132/2331
f 4691/132/2275 4695/132/2331 4571/132/2270
f 4696/132/2332 4697/132/2333 4698/132/2334
f 4696/132/2332 4698/132/2334 4699/132/2335
f 4697/132/2333 4535/132/2254 4700/132/2259
f 4697/132/2333 4700/132/2259 4698/132/2334
f 4698/132/2334 4700/132/2259 4544/132/2258
f 4698/132/2334 4544/132/2258 4701/132/2336
f 4699/132/2335 4698/132/2334 4701/132/2336
f 4699/132/2335 4701/132/2336 4702/132/2337
f 4625/132/2294 4703/132/2338 4704/132/2339
f 4625/132/2294 4704/132/2339 4705/132/2295
f 4703/132/2338 4694/132/2330 4693/132/2329
f 4703/132/2338 4693/132/2329 4704/132/2339
f 4704/132/2339 4693/132/2329 4692/132/2328
f 4704/132/2339 4692/132/2328 4706/132/2340
f 4705/132/2295 4704/132/2339 4706/132/2340
f 4705/132/2295 4706/132/2340 4616/132/2290
f 4661/132/2310 4707/132/2341 4708/132/2342
f 4661/132/2310 4708/132/2342 4709/132/2311
f 4707/132/2341 4696/132/2332 4699/132/2335
f 4707/132/2341 4699/132/2335 4708/132/2342
f 4708/132/2342 4699/132/2335 4702/132/2337
f 4708/132/2342 4702/132/2337 4710/132/2343
f 4709/132/2311 4708/132/2342 4710/132/2343
f 4709/132/2311 4710/132/2343 4652/132/2306
f 4702/132/2337 4701/132/2336 4711/132/2344
f 4702/132/2337 4711/132/2344 4712/132/2345
f 4701/132/2336 4544/132/2258 4713/132/2263
f 4701/132/2336 4713/132/2263 4711/132/2344
f 4711/132/2344 4713/132/2263 4553/132/2262
f 4711/132/2344 4553/132/2262 4714/132/2346
f 4712/132/2345 4711/132/2344 4714/132/2346
f 4712/132/2345 4714/132/2346 4715/132/2347
f 4652/132/2306 4710/132/2343 4716/132/2348
f 4652/132/2306 4716/132/2348 4717/132/2307
f 4710/132/2343 4702/132/2337 4712/132/2345
f 4710/132/2343 4712/132/2345 4716/132/2348
f 4716/132/2348 4712/132/2345 4715/132/2347
f 4716/132/2348 4715/132/2347 4718/132/2349
f 4717/132/2307 4716/132/2348 4718/132/2349
f 4717/132/2307 4718/132/2349 4643/132/2302
f 4670/132/2314 4719/132/2350 4720/132/2351
f 4670/132/2314 4720/132/2351 4721/132/2315
f 4719/132/2350 4722/132/2352 4723/132/2353
f 4719/132/2350 4723/132/2353 4720/132/2351
f 4720/132/2351 4723/132/2353 4696/132/2332
f 4720/132/2351 4696/132/2332 4707/132/2341
f 4721/132/2315 4720/132/2351 4707/132/2341
f 4721/132/2315 4707/132/2341 4661/132/2310
f 4526/132/2249 4724/132/2255 4725/132/2354
f 4526/132/2249 4725/132/2354 4726/132/2355
f 4724/132/2255 4535/132/2254 4697/132/2333
f 4724/132/2255 4697/132/2333 4725/132/2354
f 4725/132/2354 4697/132/2333 4696/132/2332
f 4725/132/2354 4696/132/2332 4723/132/2353
f 4726/132/2355 4725/132/2354 4723/132/2353
f 4726/132/2355 4723/132/2353 4722/132/2352
f 4688/132/2322 4727/132/2356 4728/132/2357
f 4688/132/2322 4728/132/2357 4729/132/2323
f 4727/132/2356 4722/132/2352 4719/132/2350
f 4727/132/2356 4719/132/2350 4728/132/2357
f 4728/132/2357 4719/132/2350 4670/132/2314
f 4728/132/2357 4670/132/2314 4730/132/2319
f 4729/132/2323 4728/132/2357 4730/132/2319
f 4729/132/2323 4730/132/2319 4679/132/2318
f 4526/132/2249 4726/132/2355 4731/132/2358
f 4526/132/2249 4731/132/2358 4732/132/2250
f 4726/132/2355 4722/132/2352 4727/132/2356
f 4726/132/2355 4727/132/2356 4731/132/2358
f 4731/132/2358 4727/132/2356 4688/132/2322
f 4731/132/2358 4688/132/2322 4733/132/2325
f 4732/132/2250 4731/132/2358 4733/132/2325
f 4732/132/2250 4733/132/2325 4517/132/2251
f 4643/132/2302 4718/132/2349 4734/132/2359
f 4643/132/2302 4734/132/2359 4735/132/2303
f 4718/132/2349 4715/132/2347 4736/132/2360
f 4718/132/2349 4736/132/2360 4734/132/2359
f 4734/132/2359 4736/132/2360 4737/132/2361
f 4734/132/2359 4737/132/2361 4738/132/2362
f 4735/132/2303 4734/132/2359 4738/132/2362
f 4735/132/2303 4738/132/2362 4634/132/2298
f 4562/132/2266 4739/132/2363 4740/132/2364
f 4562/132/2266 4740/132/2364 4741/132/2267
f 4739/132/2363 4737/132/2361 4736/132/2360
f 4739/132/2363 4736/132/2360 4740/132/2364
f 4740/132/2364 4736/132/2360 4715/132/2347
f 4740/132/2364 4715/132/2347 4714/132/2346
f 4741/132/2267 4740/132/2364 4714/132/2346
f 4741/132/2267 4714/132/2346 4553/132/2262
f 4634/132/2298 4738/132/2362 4742/132/2365
f 4634/132/2298 4742/132/2365 4743/132/2299
f 4738/132/2362 4737/132/2361 4744/132/2366
f 4738/132/2362 4744/132/2366 4742/132/2365
f 4742/132/2365 4744/132/2366 4694/132/2330
f 4742/132/2365 4694/132/2330 4703/132/2338
f 4743/132/2299 4742/132/2365 4703/132/2338
f 4743/132/2299 4703/132/2338 4625/132/2294
f 4571/132/2270 4695/132/2331 4745/132/2367
f 4571/132/2270 4745/132/2367 4746/132/2271
f 4695/132/2331 4694/132/2330 4744/132/2366
f 4695/132/2331 4744/132/2366 4745/132/2367
f 4745/132/2367 4744/132/2366 4737/132/2361
f 4745/132/2367 4737/132/2361 4739/132/2363
f 4746/132/2271 4745/132/2367 4739/132/2363
f 4746/132/2271 4739/132/2363 4562/132/2266
f 4598/132/2282 4747/132/2368 4748/132/2369
f 4598/132/2282 4748/132/2369 4749/132/2283
f 4747/132/2368 4692/132/2328 4689/132/2326
f 4747/132/2368 4689/132/2326 4748/132/2369
f 4748/132/2369 4689/132/2326 4580/132/2274
f 4748/132/2369 4580/132/2274 4750/132/2279
f 4749/132/2283 4748/132/2369 4750/132/2279
f 4749/132/2283 4750/132/2279 4589/132/2278
f 4616/132/2290 4706/132/2340 4751/132/2370
f 4616/132/2290 4751/132/2370 4752/132/2291
f 4706/132/2340 4692/132/2328 4747/132/2368
f 4706/132/2340 4747/132/2368 4751/132/2370
f 4751/132/2370 4747/132/2368 4598/132/2282
f 4751/132/2370 4598/132/2282 4753/132/2287
f 4752/132/2291 4751/132/2370 4753/132/2287
f 4752/132/2291 4753/132/2287 4607/132/2286
f 3221/144/1550 3220/143/1555 4754/157/2371
f 3221/144/1550 4754/157/2371 4755/158/2372
f 3220/143/1555 3219/142/1554 4756/159/2373
f 3220/143/1555 4756/159/2373 4754/157/2371
f 4754/157/2371 4756/159/2373 4757/160/2374
f 4754/157/2371 4757/160/2374 4758/161/2375
f 4755/158/2372 4754/157/2371 4758/161/2375
f 4755/158/2372 4758/161/2375 4759/162/2376
f 3212/144/1546 3211/143/1551 4760/157/2377
f 3212/144/1546 4760/157/2377 4761/158/2378
f 3211/143/1551 3210/142/1550 4762/159/2372
f 3211/143/1551 4762/159/2372 4760/157/2377
f 4760/157/2377 4762/159/2372 4763/160/2376
f 4760/157/2377 4763/160/2376 4764/161/2379
f 4761/158/2378 4760/157/2377 4764/161/2379
f 4761/158/2378 4764/161/2379 4765/162/2380
f 3203/144/1542 3202/143/1547 4766/157/2381
f 3203/144/1542 4766/157/2381 4767/158/2382
f 3202/143/1547 3201/142/1546 4768/159/2378
f 3202/143/1547 4768/159/2378 4766/157/2381
f 4766/157/2381 4768/159/2378 4769/160/2380
f 4766/157/2381 4769/160/2380 4770/161/2383
f 4767/158/2382 4766/157/2381 4770/161/2383
f 4767/158/2382 4770/161/2383 4771/162/2384
f 3194/144/1538 3193/143/1543 4772/157/2385
f 3194/144/1538 4772/157/2385 4773/158/2386
f 3193/143/1543 3192/142/1542 4774/159/2382
f 3193/143/1543 4774/159/2382 4772/157/2385
f 4772/157/2385 4774/159/2382 4775/160/2384
f 4772/157/2385 4775/160/2384 4776/161/2387
f 4773/158/2386 4772/157/2385 4776/161/2387
f 4773/158/2386 4776/161/2387 4777/162/2388
f 3185/144/1534 3184/143/1539 4778/157/2389
f 3185/144/1534 4778/157/2389 4779/158/2390
f 3184/143/1539 3183/142/1538 4780/159/2386
f 3184/143/1539 4780/159/2386 4778/157/2389
f 4778/157/2389 4780/159/2386 4781/160/2388
f 4778/157/2389 4781/160/2388 4782/161/2391
f 4779/158/2390 4778/157/2389 4782/161/2391
f 4779/158/2390 4782/161/2391 4783/162/2392
f 3176/144/1530 3175/143/1535 4784/157/2393
f 3176/144/1530 4784/157/2393 4785/158/2394
f 3175/143/1535 3174/142/1534 4786/159/2390
f 3175/143/1535 4786/159/2390 4784/157/2393
f 4784/157/2393 4786/159/2390 4787/160/2392
f 4784/157/2393 4787/160/2392 4788/161/2395
f 4785/158/2394 4784/157/2393 4788/161/2395
f 4785/158/2394 4788/161/2395 4789/162/2396
f 3167/144/1526 3166/143/1531 4790/157/2397
f 3167/144/1526 4790/157/2397 4791/158/2398
f 3166/143/1531 3165/142/1530 4792/159/2394
f 3166/143/1531 4792/159/2394 4790/157/2397
f 4790/157/2397 4792/159/2394 4793/160/2396
f 4790/157/2397 4793/160/2396 4794/161/2399
f 4791/158/2398 4790/157/2397 4794/161/2399
f 4791/158/2398 4794/161/2399 4795/162/2400
f 3158/144/1522 3157/143/1527 4796/157/2401
f 3158/144/1522 4796/157/2401 4797/158/2402
f 3157/143/1527 3156/142/1526 4798/159/2398
f 3157/143/1527 4798/159/2398 4796/157/2401
f 4796/157/2401 4798/159/2398 4799/160/2400
f 4796/157/2401 4799/160/2400 4800/161/2403
f 4797/158/2402 4796/157/2401 4800/161/2403
f 4797/158/2402 4800/161/2403 4801/162/2404
f 3149/144/1518 3148/143/1523 4802/157/2405
f 3149/144/1518 4802/157/2405 4803/158/2406
f 3148/143/1523 3147/142/1522 4804/159/2402
f 3148/143/1523 4804/159/2402 4802/157/2405
f 4802/157/2405 4804/159/2402 4805/160/2404
f 4802/157/2405 4805/160/2404 4806/161/2407
f 4803/158/2406 4802/157/2405 4806/161/2407
f 4803/158/2406 4806/161/2407 4807/162/2408
f 3140/144/1514 3139/143/1519 4808/157/2409
f 3140/144/1514 4808/157/2409 4809/158/2410
f 3139/143/1519 3138/142/1518 4810/159/2406
f 3139/143/1519 4810/159/2406 4808/157/2409
f 4808/157/2409 4810/159/2406 4811/160/2408
f 4808/157/2409 4811/160/2408 4812/161/2411
f 4809/158/2410 4808/157/2409 4812/161/2411
f 4809/158/2410 4812/161/2411 4813/162/2412
f 3131/144/1510 3130/143/1515 4814/157/2413
f 3131/144/1510 4814/157/2413 4815/158/2414
f 3130/143/1515 3129/142/1514 4816/159/2410
f 3130/143/1515 4816/159/2410 4814/157/2413
f 4814/157/2413 4816/159/2410 4817/160/2412
f 4814/157/2413 4817/160/2412 4818/161/2415
f 4815/158/2414 4814/157/2413 4818/161/2415
f 4815/158/2414 4818/161/2415 4819/162/2416
f 3122/144/1506 3121/143/1511 4820/157/2417
f 3122/144/1506 4820/157/2417 4821/158/2418
f 3121/143/1511 3120/142/1510 4822/159/2414
f 3121/143/1511 4822/159/2414 4820/157/2417
f 4820/157/2417 4822/159/2414 4823/160/2416
f 4820/157/2417 4823/160/2416 4824/161/2419
f 4821/158/2418 4820/157/2417 4824/161/2419
f 4821/158/2418 4824/161/2419 4825/162/2420
f 3113/144/1502 3112/143/1507 4826/157/2421
f 3113/144/1502 4826/157/2421 4827/158/2422
f 3112/143/1507 3111/142/1506 4828/159/2418
f 3112/143/1507 4828/159/2418 4826/157/2421
f 4826/157/2421 4828/159/2418 4829/160/2420
f 4826/157/2421 4829/160/2420 4830/161/2423
f 4827/158/2422 4826/157/2421 4830/161/2423
f 4827/158/2422 4830/161/2423 4831/162/2424
f 3104/144/1498 3103/143/1503 4832/157/2425
f 3104/144/1498 4832/157/2425 4833/158/2426
f 3103/143/1503 3102/142/1502 4834/159/2422
f 3103/143/1503 4834/159/2422 4832/157/2425
f 4832/157/2425 4834/159/2422 4835/160/2424
f 4832/157/2425 4835/160/2424 4836/161/2427
f 4833/158/2426 4832/157/2425 4836/161/2427
f 4833/158/2426 4836/161/2427 4837/162/2428
f 3095/144/1494 3094/143/1499 4838/157/2429
f 3095/144/1494 4838/157/2429 4839/158/2430
f 3094/143/1499 3093/142/1498 4840/159/2426
f 3094/143/1499 4840/159/2426 4838/157/2429
f 4838/157/2429 4840/159/2426 4841/160/2428
f 4838/157/2429 4841/160/2428 4842/161/2431
f 4839/158/2430 4838/157/2429 4842/161/2431
f 4839/158/2430 4842/161/2431 4843/162/2432
f 3086/144/1489 3085/143/1495 4844/157/2433
f 3086/144/1489 4844/157/2433 4845/158/2434
f 3085/143/1495 3084/142/1494 4846/159/2430
f 3085/143/1495 4846/159/2430 4844/157/2433
f 4844/157/2433 4846/159/2430 4847/160/2432
f 4844/157/2433 4847/160/2432 4848/161/2435
f 4845/158/2434 4844/157/2433 4848/161/2435
f 4845/158/2434 4848/161/2435 4849/162/2436
f 3077/144/1491 3076/143/1490 4850/157/2437
f 3077/144/1491 4850/157/2437 4851/158/2438
f 3076/143/1490 3075/142/1489 4852/159/2434
f 3076/143/1490 4852/159/2434 4850/157/2437
f 4850/157/2437 4852/159/2434 4853/160/2436
f 4850/157/2437 4853/160/2436 4854/161/2439
f 4851/158/2438 4850/157/2437 4854/161/2439
f 4851/158/2438 4854/161/2439 4855/162/2440
f 3248/144/1562 3247/143/1565 4856/157/2441
f 3248/144/1562 4856/157/2441 4857/158/2442
f 3247/143/1565 3246/142/1491 4858/159/2438
f 3247/143/1565 4858/159/2438 4856/157/2441
f 4856/157/2441 4858/159/2438 4859/160/2440
f 4856/157/2441 4859/160/2440 4860/161/2443
f 4857/158/2442 4856/157/2441 4860/161/2443
f 4857/158/2442 4860/161/2443 4861/162/2444
f 3239/144/1558 3238/143/1563 4862/157/2445
f 3239/144/1558 4862/157/2445 4863/158/2446
f 3238/143/1563 3237/142/1562 4864/159/2442
f 3238/143/1563 4864/159/2442 4862/157/2445
f 4862/157/2445 4864/159/2442 4865/160/2444
f 4862/157/2445 4865/160/2444 4866/161/2447
f 4863/158/2446 4862/157/2445 4866/161/2447
f 4863/158/2446 4866/161/2447 4867/162/2448
f 3230/144/1554 3229/143/1559 4868/157/2449
f 3230/144/1554 4868/157/2449 4869/158/2373
f 3229/143/1559 3228/142/1558 4870/159/2446
f 3229/143/1559 4870/159/2446 4868/157/2449
f 4868/157/2449 4870/159/2446 4871/160/2448
f 4868/157/2449 4871/160/2448 4872/161/2450
f 4869/158/2373 4868/157/2449 4872/161/2450
f 4869/158/2373 4872/161/2450 4873/162/2374
f 3401/150/1663 3400/149/1670 4874/163/2451
f 3401/150/1663 4874/163/2451 4875/164/2452
f 3400/149/1670 3399/148/1669 4876/165/2453
f 3400/149/1670 4876/165/2453 4874/163/2451
f 4874/163/2451 4876/165/2453 4877/130/1787
f 4874/163/2451 4877/130/1787 4878/131/1785
f 4875/164/2452 4874/163/2451 4878/131/1785
f 4875/164/2452 4878/131/1785 4879/132/1781
f 3392/150/1657 3391/149/1664 4880/163/2454
f 3392/150/1657 4880/163/2454 4881/164/2455
f 3391/149/1664 3390/148/1663 4882/165/2452
f 3391/149/1664 4882/165/2452 4880/163/2454
f 4880/163/2454 4882/165/2452 4883/130/1781
f 4880/163/2454 4883/130/1781 4884/131/1779
f 4881/164/2455 4880/163/2454 4884/131/1779
f 4881/164/2455 4884/131/1779 4885/132/1775
f 3383/150/1651 3382/149/1658 4886/163/2456
f 3383/150/1651 4886/163/2456 4887/164/2457
f 3382/149/1658 3381/148/1657 4888/165/2455
f 3382/149/1658 4888/165/2455 4886/163/2456
f 4886/163/2456 4888/165/2455 4889/130/1775
f 4886/163/2456 4889/130/1775 4890/131/1773
f 4887/164/2457 4886/163/2456 4890/131/1773
f 4887/164/2457 4890/131/1773 4891/132/1769
f 3374/150/1645 3373/149/1652 4892/163/2458
f 3374/150/1645 4892/163/2458 4893/164/2459
f 3373/149/1652 3372/148/1651 4894/165/2457
f 3373/149/1652 4894/165/2457 4892/163/2458
f 4892/163/2458 4894/165/2457 4895/130/1769
f 4892/163/2458 4895/130/1769 4896/131/1767
f 4893/164/2459 4892/163/2458 4896/131/1767
f 4893/164/2459 4896/131/1767 4897/132/1763
f 3365/150/1639 3364/149/1646 4898/163/2460
f 3365/150/1639 4898/163/2460 4899/164/2461
f 3364/149/1646 3363/148/1645 4900/165/2459
f 3364/149/1646 4900/165/2459 4898/163/2460
f 4898/163/2460 4900/165/2459 4901/130/1763
f 4898/163/2460 4901/130/1763 4902/131/1761
f 4899/164/2461 4898/163/2460 4902/131/1761
f 4899/164/2461 4902/131/1761 4903/132/1757
f 3356/150/1633 3355/149/1640 4904/163/2462
f 3356/150/1633 4904/163/2462 4905/164/2463
f 3355/149/1640 3354/148/1639 4906/165/2461
f 3355/149/1640 4906/165/2461 4904/163/2462
f 4904/163/2462 4906/165/2461 4907/130/1757
f 4904/163/2462 4907/130/1757 4908/131/1755
f 4905/164/2463 4904/163/2462 4908/131/1755
f 4905/164/2463 4908/131/1755 4909/132/1751
f 3347/150/1627 3346/149/1634 4910/163/2464
f 3347/150/1627 4910/163/2464 4911/164/2465
f 3346/149/1634 3345/148/1633 4912/165/2463
f 3346/149/1634 4912/165/2463 4910/163/2464
f 4910/163/2464 4912/165/2463 4913/130/1751
f 4910/163/2464 4913/130/1751 4914/131/1749
f 4911/164/2465 4910/163/2464 4914/131/1749
f 4911/164/2465 4914/131/1749 4915/132/1745
f 3338/150/1621 3337/149/1628 4916/163/2466
f 3338/150/1621 4916/163/2466 4917/164/2467
f 3337/149/1628 3336/148/1627 4918/165/2465
f 3337/149/1628 4918/165/2465 4916/163/2466
f 4916/163/2466 4918/165/2465 4919/130/1745
f 4916/163/2466 4919/130/1745 4920/131/1743
f 4917/164/2467 4916/163/2466 4920/131/1743
f 4917/164/2467 4920/131/1743 4921/132/1739
f 3329/150/1615 3328/149/1622 4922/163/2468
f 3329/150/1615 4922/163/2468 4923/164/2469
f 3328/149/1622 3327/148/1621 4924/165/2467
f 3328/149/1622 4924/165/2467 4922/163/2468
f 4922/163/2468 4924/165/2467 4925/130/1739
f 4922/163/2468 4925/130/1739 4926/131/1737
f 4923/164/2469 4922/163/2468 4926/131/1737
f 4923/164/2469 4926/131/1737 4927/132/1733
f 3320/150/1609 3319/149/1616 4928/163/2470
f 3320/150/1609 4928/163/2470 4929/164/2471
f 3319/149/1616 3318/148/1615 4930/165/2469
f 3319/149/1616 4930/165/2469 4928/163/2470
f 4928/163/2470 4930/165/2469 4931/130/1733
f 4928/163/2470 4931/130/1733 4932/131/1731
f 4929/164/2471 4928/163/2470 4932/131/1731
f 4929/164/2471 4932/131/1731 4933/132/1727
f 3311/150/1603 3310/149/1610 4934/163/2472
f 3311/150/1603 4934/163/2472 4935/164/2473
f 3310/149/1610 3309/148/1609 4936/165/2471
f 3310/149/1610 4936/165/2471 4934/163/2472
f 4934/163/2472 4936/165/2471 4937/130/1727
f 4934/163/2472 4937/130/1727 4938/131/1725
f 4935/164/2473 4934/163/2472 4938/131/1725
f 4935/164/2473 4938/131/1725 4939/132/1721
f 3302/150/1597 3301/149/1604 4940/163/2474
f 3302/150/1597 4940/163/2474 4941/164/2475
f 3301/149/1604 3300/148/1603 4942/165/2473
f 3301/149/1604 4942/165/2473 4940/163/2474
f 4940/163/2474 4942/165/2473 4943/130/1721
f 4940/163/2474 4943/130/1721 4944/131/1719
f 4941/164/2475 4940/163/2474 4944/131/1719
f 4941/164/2475 4944/131/1719 4945/132/1715
f 3293/150/1591 3292/149/1598 4946/163/2476
f 3293/150/1591 4946/163/2476 4947/164/2477
f 3292/149/1598 3291/148/1597 4948/165/2475
f 3292/149/1598 4948/165/2475 4946/163/2476
f 4946/163/2476 4948/165/2475 4949/130/1715
f 4946/163/2476 4949/130/1715 4950/131/1713
f 4947/164/2477 4946/163/2476 4950/131/1713
f 4947/164/2477 4950/131/1713 4951/132/1709
f 3284/150/1585 3283/149/1592 4952/163/2478
f 3284/150/1585 4952/163/2478 4953/164/2479
f 3283/149/1592 3282/148/1591 4954/165/2477
f 3283/149/1592 4954/165/2477 4952/163/2478
f 4952/163/2478 4954/165/2477 4955/130/1709
f 4952/163/2478 4955/130/1709 4956/131/1707
f 4953/164/2479 4952/163/2478 4956/131/1707
f 4953/164/2479 4956/131/1707 4957/132/1703
f 3275/150/1579 3274/149/1586 4958/163/2480
f 3275/150/1579 4958/163/2480 4959/164/2481
f 3274/149/1586 3273/148/1585 4960/165/2479
f 3274/149/1586 4960/165/2479 4958/163/2480
f 4958/163/2480 4960/165/2479 4961/130/1703
f 4958/163/2480 4961/130/1703 4962/131/1701
f 4959/164/2481 4958/163/2480 4962/131/1701
f 4959/164/2481 4962/131/1701 4963/132/1697
f 3266/150/1572 3265/149/1580 4964/163/2482
f 3266/150/1572 4964/163/2482 4965/164/2483
f 3265/149/1580 3264/148/1579 4966/165/2481
f 3265/149/1580 4966/165/2481 4964/163/2482
f 4964/163/2482 4966/165/2481 4967/130/1697
f 4964/163/2482 4967/130/1697 4968/131/1695
f 4965/164/2483 4964/163/2482 4968/131/1695
f 4965/164/2483 4968/131/1695 4969/132/1690
f 3257/150/1574 3256/149/1573 4970/163/2484
f 3257/150/1574 4970/163/2484 4971/164/2485
f 3256/149/1573 3255/148/1572 4972/165/2483
f 3256/149/1573 4972/165/2483 4970/163/2484
f 4970/163/2484 4972/165/2483 4973/130/1690
f 4970/163/2484 4973/130/1690 4974/131/1687
f 4971/164/2485 4970/163/2484 4974/131/1687
f 4971/164/2485 4974/131/1687 4975/132/1686
f 3428/150/1681 3427/149/1685 4976/163/2486
f 3428/150/1681 4976/163/2486 4977/164/2487
f 3427/149/1685 3426/148/1574 4978/165/2485
f 3427/149/1685 4978/165/2485 4976/163/2486
f 4976/163/2486 4978/165/2485 4979/130/1686
f 4976/163/2486 4979/130/1686 4980/131/1803
f 4977/164/2487 4976/163/2486 4980/131/1803
f 4977/164/2487 4980/131/1803 4981/132/1799
f 3419/150/1675 3418/149/1682 4982/163/2488
f 3419/150/1675 4982/163/2488 4983/164/2489
f 3418/149/1682 3417/148/1681 4984/165/2487
f 3418/149/1682 4984/165/2487 4982/163/2488
f 4982/163/2488 4984/165/2487 4985/130/1799
f 4982/163/2488 4985/130/1799 4986/131/1797
f 4983/164/2489 4982/163/2488 4986/131/1797
f 4983/164/2489 4986/131/1797 4987/132/1793
f 3410/150/1669 3409/149/1676 4988/163/2490
f 3410/150/1669 4988/163/2490 4989/164/2453
f 3409/149/1676 3408/148/1675 4990/165/2489
f 3409/149/1676 4990/165/2489 4988/163/2490
f 4988/163/2490 4990/165/2489 4991/130/1793
f 4988/163/2490 4991/130/1793 4992/131/1791
f 4989/164/2453 4988/163/2490 4992/131/1791
f 4989/164/2453 4992/131/1791 4993/132/1787
f 3491/156/1723 3490/155/1730 4994/166/2491
f 3491/156/1723 4994/166/2491 4995/167/2492
f 3490/155/1730 3489/154/1729 4996/168/2493
f 3490/155/1730 4996/168/2493 4994/166/2491
f 4994/166/2491 4996/168/2493 4997/130/1847
f 4994/166/2491 4997/130/1847 4998/131/1845
f 4995/167/2492 4994/166/2491 4998/131/1845
f 4995/167/2492 4998/131/1845 4999/132/1841
f 3482/156/1717 3481/155/1724 5000/166/2494
f 3482/156/1717 5000/166/2494 5001/167/2495
f 3481/155/1724 3480/154/1723 5002/168/2492
f 3481/155/1724 5002/168/2492 5000/166/2494
f 5000/166/2494 5002/168/2492 5003/130/1841
f 5000/166/2494 5003/130/1841 5004/131/1839
f 5001/167/2495 5000/166/2494 5004/131/1839
f 5001/167/2495 5004/131/1839 5005/132/1835
f 3473/156/1711 3472/155/1718 5006/166/2496
f 3473/156/1711 5006/166/2496 5007/167/2497
f 3472/155/1718 3471/154/1717 5008/168/2495
f 3472/155/1718 5008/168/2495 5006/166/2496
f 5006/166/2496 5008/168/2495 5009/130/1835
f 5006/166/2496 5009/130/1835 5010/131/1833
f 5007/167/2497 5006/166/2496 5010/131/1833
f 5007/167/2497 5010/131/1833 5011/132/1829
f 3464/156/1705 3463/155/1712 5012/166/2498
f 3464/156/1705 5012/166/2498 5013/167/2499
f 3463/155/1712 3462/154/1711 5014/168/2497
f 3463/155/1712 5014/168/2497 5012/166/2498
f 5012/166/2498 5014/168/2497 5015/130/1829
f 5012/166/2498 5015/130/1829 5016/131/1827
f 5013/167/2499 5012/166/2498 5016/131/1827
f 5013/167/2499 5016/131/1827 5017/132/1823
f 3455/156/1699 3454/155/1706 5018/166/2500
f 3455/156/1699 5018/166/2500 5019/167/2501
f 3454/155/1706 3453/154/1705 5020/168/2499
f 3454/155/1706 5020/168/2499 5018/166/2500
f 5018/166/2500 5020/168/2499 5021/130/1823
f 5018/166/2500 5021/130/1823 5022/131/1821
f 5019/167/2501 5018/166/2500 5022/131/1821
f 5019/167/2501 5022/131/1821 5023/132/1817
f 3446/156/1692 3445/155/1700 5024/166/2502
f 3446/156/1692 5024/166/2502 5025/167/2503
f 3445/155/1700 3444/154/1699 5026/168/2501
f 3445/155/1700 5026/168/2501 5024/166/2502
f 5024/166/2502 5026/168/2501 5027/130/1817
f 5024/166/2502 5027/130/1817 5028/131/1815
f 5025/167/2503 5024/166/2502 5028/131/1815
f 5025/167/2503 5028/131/1815 5029/132/1810
f 3437/156/1694 3436/155/1693 5030/166/2504
f 3437/156/1694 5030/166/2504 5031/167/2505
f 3436/155/1693 3435/154/1692 5032/168/2503
f 3436/155/1693 5032/168/2503 5030/166/2504
f 5030/166/2504 5032/168/2503 5033/130/1810
f 5030/166/2504 5033/130/1810 5034/131/1807
f 5031/167/2505 5030/166/2504 5034/131/1807
f 5031/167/2505 5034/131/1807 5035/132/1806
f 3608/156/1801 3607/155/1805 5036/166/2506
f 3608/156/1801 5036/166/2506 5037/167/2507
f 3607/155/1805 3606/154/1694 5038/168/2505
f 3607/155/1805 5038/168/2505 5036/166/2506
f 5036/166/2506 5038/168/2505 5039/130/1806
f 5036/166/2506 5039/130/1806 5040/131/1923
f 5037/167/2507 5036/166/2506 5040/131/1923
f 5037/167/2507 5040/131/1923 5041/132/1919
f 3599/156/1795 3598/155/1802 5042/166/2508
f 3599/156/1795 5042/166/2508 5043/167/2509
f 3598/155/1802 3597/154/1801 5044/168/2507
f 3598/155/1802 5044/168/2507 5042/166/2508
f 5042/166/2508 5044/168/2507 5045/130/1919
f 5042/166/2508 5045/130/1919 5046/131/1917
f 5043/167/2509 5042/166/2508 5046/131/1917
f 5043/167/2509 5046/131/1917 5047/132/1913
f 3590/156/1789 3589/155/1796 5048/166/2510
f 3590/156/1789 5048/166/2510 5049/167/2511
f 3589/155/1796 3588/154/1795 5050/168/2509
f 3589/155/1796 5050/168/2509 5048/166/2510
f 5048/166/2510 5050/168/2509 5051/130/1913
f 5048/166/2510 5051/130/1913 5052/131/1911
f 5049/167/2511 5048/166/2510 5052/131/1911
f 5049/167/2511 5052/131/1911 5053/132/1907
f 3581/156/1783 3580/155/1790 5054/166/2512
f 3581/156/1783 5054/166/2512 5055/167/2513
f 3580/155/1790 3579/154/1789 5056/168/2511
f 3580/155/1790 5056/168/2511 5054/166/2512
f 5054/166/2512 5056/168/2511 5057/130/1907
f 5054/166/2512 5057/130/1907 5058/131/1905
f 5055/167/2513 5054/166/2512 5058/131/1905
f 5055/167/2513 5058/131/1905 5059/132/1901
f 3572/156/1777 3571/155/1784 5060/166/2514
f 3572/156/1777 5060/166/2514 5061/167/2515
f 3571/155/1784 3570/154/1783 5062/168/2513
f 3571/155/1784 5062/168/2513 5060/166/2514
f 5060/166/2514 5062/168/2513 5063/130/1901
f 5060/166/2514 5063/130/1901 5064/131/1899
f 5061/167/2515 5060/166/2514 5064/131/1899
f 5061/167/2515 5064/131/1899 5065/132/1895
f 3563/156/1771 3562/155/1778 5066/166/2516
f 3563/156/1771 5066/166/2516 5067/167/2517
f 3562/155/1778 3561/154/1777 5068/168/2515
f 3562/155/1778 5068/168/2515 5066/166/2516
f 5066/166/2516 5068/168/2515 5069/130/1895
f 5066/166/2516 5069/130/1895 5070/131/1893
f 5067/167/2517 5066/166/2516 5070/131/1893
f 5067/167/2517 5070/131/1893 5071/132/1889
f 3554/156/1765 3553/155/1772 5072/166/2518
f 3554/156/1765 5072/166/2518 5073/167/2519
f 3553/155/1772 3552/154/1771 5074/168/2517
f 3553/155/1772 5074/168/2517 5072/166/2518
f 5072/166/2518 5074/168/2517 5075/130/1889
f 5072/166/2518 5075/130/1889 5076/131/1887
f 5073/167/2519 5072/166/2518 5076/131/1887
f 5073/167/2519 5076/131/1887 5077/132/1883
f 3545/156/1759 3544/155/1766 5078/166/2520
f 3545/156/1759 5078/166/2520 5079/167/2521
f 3544/155/1766 3543/154/1765 5080/168/2519
f 3544/155/1766 5080/168/2519 5078/166/2520
f 5078/166/2520 5080/168/2519 5081/130/1883
f 5078/166/2520 5081/130/1883 5082/131/1881
f 5079/167/2521 5078/166/2520 5082/131/1881
f 5079/167/2521 5082/131/1881 5083/132/1877
f 3536/156/1753 3535/155/1760 5084/166/2522
f 3536/156/1753 5084/166/2522 5085/167/2523
f 3535/155/1760 3534/154/1759 5086/168/2521
f 3535/155/1760 5086/168/2521 5084/166/2522
f 5084/166/2522 5086/168/2521 5087/130/1877
f 5084/166/2522 5087/130/1877 5088/131/1875
f 5085/167/2523 5084/166/2522 5088/131/1875
f 5085/167/2523 5088/131/1875 5089/132/1871
f 3527/156/1747 3526/155/1754 5090/166/2524
f 3527/156/1747 5090/166/2524 5091/167/2525
f 3526/155/1754 3525/154/1753 5092/168/2523
f 3526/155/1754 5092/168/2523 5090/166/2524
f 5090/166/2524 5092/168/2523 5093/130/1871
f 5090/166/2524 5093/130/1871 5094/131/1869
f 5091/167/2525 5090/166/2524 5094/131/1869
f 5091/167/2525 5094/131/1869 5095/132/1865
f 3518/156/1741 3517/155/1748 5096/166/2526
f 3518/156/1741 5096/166/2526 5097/167/2527
f 3517/155/1748 3516/154/1747 5098/168/2525
f 3517/155/1748 5098/168/2525 5096/166/2526
f 5096/166/2526 5098/168/2525 5099/130/1865
f 5096/166/2526 5099/130/1865 5100/131/1863
f 5097/167/2527 5096/166/2526 5100/131/1863
f 5097/167/2527 5100/131/1863 5101/132/1859
f 3509/156/1735 3508/155/1742 5102/166/2528
f 3509/156/1735 5102/166/2528 5103/167/2529
f 3508/155/1742 3507/154/1741 5104/168/2527
f 3508/155/1742 5104/168/2527 5102/166/2528
f 5102/166/2528 5104/168/2527 5105/130/1859
f 5102/166/2528 5105/130/1859 5106/131/1857
f 5103/167/2529 5102/166/2528 5106/131/1857
f 5103/167/2529 5106/131/1857 5107/132/1853
f 3500/156/1729 3499/155/1736 5108/166/2530
f 3500/156/1729 5108/166/2530 5109/167/2493
f 3499/155/1736 3498/154/1735 5110/168/2529
f 3499/155/1736 5110/168/2529 5108/166/2530
f 5108/166/2530 5110/168/2529 5111/130/1853
f 5108/166/2530 5111/130/1853 5112/131/1851
f 5109/167/2493 5108/166/2530 5112/131/1851
f 5109/167/2493 5112/131/1851 5113/132/1847
f 4867/162/2448 4866/161/2447 5114/169/2531
f 4867/162/2448 5114/169/2531 5115/170/2532
f 4866/161/2447 4865/160/2444 5116/171/2533
f 4866/161/2447 5116/171/2533 5114/169/2531
f 5114/169/2531 5116/171/2533 5117/130/1679
f 5114/169/2531 5117/130/1679 5118/131/1677
f 5115/170/2532 5114/169/2531 5118/131/1677
f 5115/170/2532 5118/131/1677 5119/132/1673
f 4873/162/2374 4872/161/2450 5120/169/2534
f 4873/162/2374 5120/169/2534 5121/170/2535
f 4872/161/2450 4871/160/2448 5122/171/2532
f 4872/161/2450 5122/171/2532 5120/169/2534
f 5120/169/2534 5122/171/2532 5123/130/1673
f 5120/169/2534 5123/130/1673 5124/131/1671
f 5121/170/2535 5120/169/2534 5124/131/1671
f 5121/170/2535 5124/131/1671 5125/132/1667
f 4759/162/2376 4758/161/2375 5126/169/2536
f 4759/162/2376 5126/169/2536 5127/170/2537
f 4758/161/2375 4757/160/2374 5128/171/2535
f 4758/161/2375 5128/171/2535 5126/169/2536
f 5126/169/2536 5128/171/2535 5129/130/1667
f 5126/169/2536 5129/130/1667 5130/131/1665
f 5127/170/2537 5126/169/2536 5130/131/1665
f 5127/170/2537 5130/131/1665 5131/132/1661
f 4765/162/2380 4764/161/2379 5132/169/2538
f 4765/162/2380 5132/169/2538 5133/170/2539
f 4764/161/2379 4763/160/2376 5134/171/2537
f 4764/161/2379 5134/171/2537 5132/169/2538
f 5132/169/2538 5134/171/2537 5135/130/1661
f 5132/169/2538 5135/130/1661 5136/131/1659
f 5133/170/2539 5132/169/2538 5136/131/1659
f 5133/170/2539 5136/131/1659 5137/132/1655
f 4771/162/2384 4770/161/2383 5138/169/2540
f 4771/162/2384 5138/169/2540 5139/170/2541
f 4770/161/2383 4769/160/2380 5140/171/2539
f 4770/161/2383 5140/171/2539 5138/169/2540
f 5138/169/2540 5140/171/2539 5141/130/1655
f 5138/169/2540 5141/130/1655 5142/131/1653
f 5139/170/2541 5138/169/2540 5142/131/1653
f 5139/170/2541 5142/131/1653 5143/132/1649
f 4777/162/2388 4776/161/2387 5144/169/2542
f 4777/162/2388 5144/169/2542 5145/170/2543
f 4776/161/2387 4775/160/2384 5146/171/2541
f 4776/161/2387 5146/171/2541 5144/169/2542
f 5144/169/2542 5146/171/2541 5147/130/1649
f 5144/169/2542 5147/130/1649 5148/131/1647
f 5145/170/2543 5144/169/2542 5148/131/1647
f 5145/170/2543 5148/131/1647 5149/132/1643
f 4783/162/2392 4782/161/2391 5150/169/2544
f 4783/162/2392 5150/169/2544 5151/170/2545
f 4782/161/2391 4781/160/2388 5152/171/2543
f 4782/161/2391 5152/171/2543 5150/169/2544
f 5150/169/2544 5152/171/2543 5153/130/1643
f 5150/169/2544 5153/130/1643 5154/131/1641
f 5151/170/2545 5150/169/2544 5154/131/1641
f 5151/170/2545 5154/131/1641 5155/132/1637
f 4789/162/2396 4788/161/2395 5156/169/2546
f 4789/162/2396 5156/169/2546 5157/170/2547
f 4788/161/2395 4787/160/2392 5158/171/2545
f 4788/161/2395 5158/171/2545 5156/169/2546
f 5156/169/2546 5158/171/2545 5159/130/1637
f 5156/169/2546 5159/130/1637 5160/131/1635
f 5157/170/2547 5156/169/2546 5160/131/1635
f 5157/170/2547 5160/131/1635 5161/132/1631
f 4795/162/2400 4794/161/2399 5162/169/2548
f 4795/162/2400 5162/169/2548 5163/170/2549
f 4794/161/2399 4793/160/2396 5164/171/2547
f 4794/161/2399 5164/171/2547 5162/169/2548
f 5162/169/2548 5164/171/2547 5165/130/1631
f 5162/169/2548 5165/130/1631 5166/131/1629
f 5163/170/2549 5162/169/2548 5166/131/1629
f 5163/170/2549 5166/131/1629 5167/132/1625
f 4801/162/2404 4800/161/2403 5168/169/2550
f 4801/162/2404 5168/169/2550 5169/170/2551
f 4800/161/2403 4799/160/2400 5170/171/2549
f 4800/161/2403 5170/171/2549 5168/169/2550
f 5168/169/2550 5170/171/2549 5171/130/1625
f 5168/169/2550 5171/130/1625 5172/131/1623
f 5169/170/2551 5168/169/2550 5172/131/1623
f 5169/170/2551 5172/131/1623 5173/132/1619
f 4807/162/2408 4806/161/2407 5174/169/2552
f 4807/162/2408 5174/169/2552 5175/170/2553
f 4806/161/2407 4805/160/2404 5176/171/2551
f 4806/161/2407 5176/171/2551 5174/169/2552
f 5174/169/2552 5176/171/2551 5177/130/1619
f 5174/169/2552 5177/130/1619 5178/131/1617
f 5175/170/2553 5174/169/2552 5178/131/1617
f 5175/170/2553 5178/131/1617 5179/132/1613
f 4813/162/2412 4812/161/2411 5180/169/2554
f 4813/162/2412 5180/169/2554 5181/170/2555
f 4812/161/2411 4811/160/2408 5182/171/2553
f 4812/161/2411 5182/171/2553 5180/169/2554
f 5180/169/2554 5182/171/2553 5183/130/1613
f 5180/169/2554 5183/130/1613 5184/131/1611
f 5181/170/2555 5180/169/2554 5184/131/1611
f 5181/170/2555 5184/131/1611 5185/132/1607
f 4819/162/2416 4818/161/2415 5186/169/2556
f 4819/162/2416 5186/169/2556 5187/170/2557
f 4818/161/2415 4817/160/2412 5188/171/2555
f 4818/161/2415 5188/171/2555 5186/169/2556
f 5186/169/2556 5188/171/2555 5189/130/1607
f 5186/169/2556 5189/130/1607 5190/131/1605
f 5187/170/2557 5186/169/2556 5190/131/1605
f 5187/170/2557 5190/131/1605 5191/132/1601
f 4825/162/2420 4824/161/2419 5192/169/2558
f 4825/162/2420 5192/169/2558 5193/170/2559
f 4824/161/2419 4823/160/2416 5194/171/2557
f 4824/161/2419 5194/171/2557 5192/169/2558
f 5192/169/2558 5194/171/2557 5195/130/1601
f 5192/169/2558 5195/130/1601 5196/131/1599
f 5193/170/2559 5192/169/2558 5196/131/1599
f 5193/170/2559 5196/131/1599 5197/132/1595
f 4831/162/2424 4830/161/2423 5198/169/2560
f 4831/162/2424 5198/169/2560 5199/170/2561
f 4830/161/2423 4829/160/2420 5200/171/2559
f 4830/161/2423 5200/171/2559 5198/169/2560
f 5198/169/2560 5200/171/2559 5201/130/1595
f 5198/169/2560 5201/130/1595 5202/131/1593
f 5199/170/2561 5198/169/2560 5202/131/1593
f 5199/170/2561 5202/131/1593 5203/132/1589
f 4837/162/2428 4836/161/2427 5204/169/2562
f 4837/162/2428 5204/169/2562 5205/170/2563
f 4836/161/2427 4835/160/2424 5206/171/2561
f 4836/161/2427 5206/171/2561 5204/169/2562
f 5204/169/2562 5206/171/2561 5207/130/1589
f 5204/169/2562 5207/130/1589 5208/131/1587
f 5205/170/2563 5204/169/2562 5208/131/1587
f 5205/170/2563 5208/131/1587 5209/132/1583
f 4843/162/2432 4842/161/2431 5210/169/2564
f 4843/162/2432 5210/169/2564 5211/170/2565
f 4842/161/2431 4841/160/2428 5212/171/2563
f 4842/161/2431 5212/171/2563 5210/169/2564
f 5210/169/2564 5212/171/2563 5213/130/1583
f 5210/169/2564 5213/130/1583 5214/131/1581
f 5211/170/2565 5210/169/2564 5214/131/1581
f 5211/170/2565 5214/131/1581 5215/132/1577
f 4849/162/2436 4848/161/2435 5216/169/2566
f 4849/162/2436 5216/169/2566 5217/170/2567
f 4848/161/2435 4847/160/2432 5218/171/2565
f 4848/161/2435 5218/171/2565 5216/169/2566
f 5216/169/2566 5218/171/2565 5219/130/1577
f 5216/169/2566 5219/130/1577 5220/131/1575
f 5217/170/2567 5216/169/2566 5220/131/1575
f 5217/170/2567 5220/131/1575 5221/132/1570
f 4855/162/2440 4854/161/2439 5222/169/2568
f 4855/162/2440 5222/169/2568 5223/170/2569
f 4854/161/2439 4853/160/2436 5224/171/2567
f 4854/161/2439 5224/171/2567 5222/169/2568
f 5222/169/2568 5224/171/2567 5225/130/1570
f 5222/169/2568 5225/130/1570 5226/131/1567
f 5223/170/2569 5222/169/2568 5226/131/1567
f 5223/170/2569 5226/131/1567 5227/132/1566
f 4861/162/2444 4860/161/2443 5228/169/2570
f 4861/162/2444 5228/169/2570 5229/170/2533
f 4860/161/2443 4859/160/2440 5230/171/2569
f 4860/161/2443 5230/171/2569 5228/169/2570
f 5228/169/2570 5230/171/2569 5231/130/1566
f 5228/169/2570 5231/130/1566 5232/131/1683
f 5229/170/2533 5228/169/2570 5232/131/1683
f 5229/170/2533 5232/131/1683 5233/132/1679
f 1637/138/811 1636/137/810 5234/172/2571
f 1637/138/811 5234/172/2571 5235/173/2572
f 1636/137/810 1635/136/809 5236/174/2573
f 1636/137/810 5236/174/2573 5234/172/2571
f 5234/172/2571 5236/174/2573 5237/130/886
f 5234/172/2571 5237/130/886 5238/131/889
f 5235/173/2572 5234/172/2571 5238/131/889
f 5235/173/2572 5238/131/889 5239/132/894
f 1808/138/882 1807/137/885 5240/172/2574
f 1808/138/882 5240/172/2574 5241/173/2575
f 1807/137/885 1806/136/811 5242/174/2572
f 1807/137/885 5242/174/2572 5240/172/2574
f 5240/172/2574 5242/174/2572 5243/130/894
f 5240/172/2574 5243/130/894 5244/131/1004
f 5241/173/2575 5240/172/2574 5244/131/1004
f 5241/173/2575 5244/131/1004 5245/132/997
f 1799/138/878 1798/137/883 5246/172/2576
f 1799/138/878 5246/172/2576 5247/173/2577
f 1798/137/883 1797/136/882 5248/174/2575
f 1798/137/883 5248/174/2575 5246/172/2576
f 5246/172/2576 5248/174/2575 5249/130/997
f 5246/172/2576 5249/130/997 5250/131/1000
f 5247/173/2577 5246/172/2576 5250/131/1000
f 5247/173/2577 5250/131/1000 5251/132/991
f 1790/138/874 1789/137/879 5252/172/2578
f 1790/138/874 5252/172/2578 5253/173/2579
f 1789/137/879 1788/136/878 5254/174/2577
f 1789/137/879 5254/174/2577 5252/172/2578
f 5252/172/2578 5254/174/2577 5255/130/991
f 5252/172/2578 5255/130/991 5256/131/994
f 5253/173/2579 5252/172/2578 5256/131/994
f 5253/173/2579 5256/131/994 5257/132/985
f 1781/138/870 1780/137/875 5258/172/2580
f 1781/138/870 5258/172/2580 5259/173/2581
f 1780/137/875 1779/136/874 5260/174/2579
f 1780/137/875 5260/174/2579 5258/172/2580
f 5258/172/2580 5260/174/2579 5261/130/985
f 5258/172/2580 5261/130/985 5262/131/988
f 5259/173/2581 5258/172/2580 5262/131/988
f 5259/173/2581 5262/131/988 5263/132/979
f 1772/138/866 1771/137/871 5264/172/2582
f 1772/138/866 5264/172/2582 5265/173/2583
f 1771/137/871 1770/136/870 5266/174/2581
f 1771/137/871 5266/174/2581 5264/172/2582
f 5264/172/2582 5266/174/2581 5267/130/979
f 5264/172/2582 5267/130/979 5268/131/982
f 5265/173/2583 5264/172/2582 5268/131/982
f 5265/173/2583 5268/131/982 5269/132/973
f 1763/138/862 1762/137/867 5270/172/2584
f 1763/138/862 5270/172/2584 5271/173/2585
f 1762/137/867 1761/136/866 5272/174/2583
f 1762/137/867 5272/174/2583 5270/172/2584
f 5270/172/2584 5272/174/2583 5273/130/973
f 5270/172/2584 5273/130/973 5274/131/976
f 5271/173/2585 5270/172/2584 5274/131/976
f 5271/173/2585 5274/131/976 5275/132/967
f 1754/138/858 1753/137/863 5276/172/2586
f 1754/138/858 5276/172/2586 5277/173/2587
f 1753/137/863 1752/136/862 5278/174/2585
f 1753/137/863 5278/174/2585 5276/172/2586
f 5276/172/2586 5278/174/2585 5279/130/967
f 5276/172/2586 5279/130/967 5280/131/970
f 5277/173/2587 5276/172/2586 5280/131/970
f 5277/173/2587 5280/131/970 5281/132/961
f 1745/138/854 1744/137/859 5282/172/2588
f 1745/138/854 5282/172/2588 5283/173/2589
f 1744/137/859 1743/136/858 5284/174/2587
f 1744/137/859 5284/174/2587 5282/172/2588
f 5282/172/2588 5284/174/2587 5285/130/961
f 5282/172/2588 5285/130/961 5286/131/964
f 5283/173/2589 5282/172/2588 5286/131/964
f 5283/173/2589 5286/131/964 5287/132/955
f 1736/138/850 1735/137/855 5288/172/2590
f 1736/138/850 5288/172/2590 5289/173/2591
f 1735/137/855 1734/136/854 5290/174/2589
f 1735/137/855 5290/174/2589 5288/172/2590
f 5288/172/2590 5290/174/2589 5291/130/955
f 5288/172/2590 5291/130/955 5292/131/958
f 5289/173/2591 5288/172/2590 5292/131/958
f 5289/173/2591 5292/131/958 5293/132/949
f 1727/138/846 1726/137/851 5294/172/2592
f 1727/138/846 5294/172/2592 5295/173/2593
f 1726/137/851 1725/136/850 5296/174/2591
f 1726/137/851 5296/174/2591 5294/172/2592
f 5294/172/2592 5296/174/2591 5297/130/949
f 5294/172/2592 5297/130/949 5298/131/952
f 5295/173/2593 5294/172/2592 5298/131/952
f 5295/173/2593 5298/131/952 5299/132/943
f 1718/138/842 1717/137/847 5300/172/2594
f 1718/138/842 5300/172/2594 5301/173/2595
f 1717/137/847 1716/136/846 5302/174/2593
f 1717/137/847 5302/174/2593 5300/172/2594
f 5300/172/2594 5302/174/2593 5303/130/943
f 5300/172/2594 5303/130/943 5304/131/946
f 5301/173/2595 5300/172/2594 5304/131/946
f 5301/173/2595 5304/131/946 5305/132/937
f 1709/138/838 1708/137/843 5306/172/2596
f 1709/138/838 5306/172/2596 5307/173/2597
f 1708/137/843 1707/136/842 5308/174/2595
f 1708/137/843 5308/174/2595 5306/172/2596
f 5306/172/2596 5308/174/2595 5309/130/937
f 5306/172/2596 5309/130/937 5310/131/940
f 5307/173/2597 5306/172/2596 5310/131/940
f 5307/173/2597 5310/131/940 5311/132/931
f 1700/138/834 1699/137/839 5312/172/2598
f 1700/138/834 5312/172/2598 5313/173/2599
f 1699/137/839 1698/136/838 5314/174/2597
f 1699/137/839 5314/174/2597 5312/172/2598
f 5312/172/2598 5314/174/2597 5315/130/931
f 5312/172/2598 5315/130/931 5316/131/934
f 5313/173/2599 5312/172/2598 5316/131/934
f 5313/173/2599 5316/131/934 5317/132/925
f 1691/138/830 1690/137/835 5318/172/2600
f 1691/138/830 5318/172/2600 5319/173/2601
f 1690/137/835 1689/136/834 5320/174/2599
f 1690/137/835 5320/174/2599 5318/172/2600
f 5318/172/2600 5320/174/2599 5321/130/925
f 5318/172/2600 5321/130/925 5322/131/928
f 5319/173/2601 5318/172/2600 5322/131/928
f 5319/173/2601 5322/131/928 5323/132/919
f 1682/138/826 1681/137/831 5324/172/2602
f 1682/138/826 5324/172/2602 5325/173/2603
f 1681/137/831 1680/136/830 5326/174/2601
f 1681/137/831 5326/174/2601 5324/172/2602
f 5324/172/2602 5326/174/2601 5327/130/919
f 5324/172/2602 5327/130/919 5328/131/922
f 5325/173/2603 5324/172/2602 5328/131/922
f 5325/173/2603 5328/131/922 5329/132/913
f 1673/138/822 1672/137/827 5330/172/2604
f 1673/138/822 5330/172/2604 5331/173/2605
f 1672/137/827 1671/136/826 5332/174/2603
f 1672/137/827 5332/174/2603 5330/172/2604
f 5330/172/2604 5332/174/2603 5333/130/913
f 5330/172/2604 5333/130/913 5334/131/916
f 5331/173/2605 5330/172/2604 5334/131/916
f 5331/173/2605 5334/131/916 5335/132/907
f 1664/138/818 1663/137/823 5336/172/2606
f 1664/138/818 5336/172/2606 5337/173/2607
f 1663/137/823 1662/136/822 5338/174/2605
f 1663/137/823 5338/174/2605 5336/172/2606
f 5336/172/2606 5338/174/2605 5339/130/907
f 5336/172/2606 5339/130/907 5340/131/910
f 5337/173/2607 5336/172/2606 5340/131/910
f 5337/173/2607 5340/131/910 5341/132/901
f 1655/138/814 1654/137/819 5342/172/2608
f 1655/138/814 5342/172/2608 5343/173/2609
f 1654/137/819 1653/136/818 5344/174/2607
f 1654/137/819 5344/174/2607 5342/172/2608
f 5342/172/2608 5344/174/2607 5345/130/901
f 5342/172/2608 5345/130/901 5346/131/904
f 5343/173/2609 5342/172/2608 5346/131/904
f 5343/173/2609 5346/131/904 5347/132/895
f 1646/138/809 1645/137/815 5348/172/2610
f 1646/138/809 5348/172/2610 5349/173/2573
f 1645/137/815 1644/136/814 5350/174/2609
f 1645/137/815 5350/174/2609 5348/172/2610
f 5348/172/2610 5350/174/2609 5351/130/895
f 5348/172/2610 5351/130/895 5352/131/898
f 5349/173/2573 5348/172/2610 5352/131/898
f 5349/173/2573 5352/131/898 5353/132/886
# Vertices: 5353, normals: 2610, texture coordinates: 174, faces: 5216

