# File generated by ImageToStl.com - Free Image and 3D model conversion tools

mtllib potion_flask.mtl

o obj1
v -0 0.00023401 1.6E-07
v 0.46158525 0.00023401 0.22617209
v 0.28665859 0.00023401 0.4266634
v 0.51283056 0.00023401 -0.03492177
v 0.42666328 0.00023401 -0.28665838
v 0.22617197 0.00023401 -0.46158496
v -0.03492193 0.00023401 -0.51283026
v -0.2866585 0.00023401 -0.4266631
v -0.4615851 0.00023401 -0.22617179
v -0.51283038 0.00023401 0.03492193
v -0.42666328 0.00023401 0.28665856
v -0.22617212 0.00023401 0.46158528
v 0.03492159 0.00023401 0.51283067
v -0.0336961 0.27407026 -0.49482894
v -0.05798039 1.00146723 -0.8514446
v 0.37550998 1.00146723 -0.76636291
v 0.2182329 0.27407026 -0.44538254
v 0.27659637 0.27407026 0.41168678
v 0.47593495 1.00146723 0.70838273
v 0.05797985 1.00146723 0.85144502
v 0.03369583 0.27407026 0.49482939
v 0.49482924 0.27407026 -0.03369595
v 0.85144502 1.00146723 -0.05798024
v 0.76636302 1.00146723 0.37550998
v 0.44538271 0.27407026 0.21823305
v -0.41168666 0.27407026 0.27659634
v -0.70838273 1.00146723 0.47593483
v -0.85144466 1.00146723 0.05798036
v -0.49482912 0.27407026 0.03369619
v -0.27659622 0.27407026 -0.41168642
v -0.4759348 1.00146723 -0.70838255
v 0.41168654 0.27407026 -0.2765961
v 0.70838261 1.00146723 -0.47593471
v -0.21823305 0.27407026 0.44538283
v -0.37551022 1.00146723 0.76636302
v -0.44538262 0.27407026 -0.21823275
v -0.76636291 1.00146723 -0.3755098
v 0.03369583 0.27407026 0.49482939
v 0.05797985 1.00146723 0.85144502
v 0.35833728 1.92575371 -0.24075276
v 0.4307057 1.92575371 -0.02932937
v -0.18995282 1.92575371 0.38766688
v -0.35833722 1.92575371 0.24075297
v -0.3876667 1.92575371 -0.18995255
v -0.24075288 1.92575371 -0.35833707
v 0.1899527 1.92575371 -0.38766658
v 0.02932927 1.92575371 0.43070582
v 0.38766679 1.92575371 0.18995285
v 0.240753 1.92575371 0.35833743
v -0.43070555 1.92575371 0.0293296
v -0.02932951 1.92575371 -0.43070537
v 0.02932927 1.92575371 0.43070582
v 0.35833728 1.92575371 -0.24075276
v 0.43279773 1.98320389 -0.29077986
v 0.52020383 1.98320389 -0.03542385
v 0.4307057 1.92575371 -0.02932937
v -0.18995282 1.92575371 0.38766688
v -0.22942391 1.98320389 0.46822181
v -0.43279767 1.98320389 0.29078004
v -0.35833722 1.92575371 0.24075297
v -0.3876667 1.92575371 -0.18995255
v -0.46822158 1.98320389 -0.22942361
v -0.29077998 1.98320389 -0.43279749
v -0.24075288 1.92575371 -0.35833707
v 0.1899527 1.92575371 -0.38766658
v 0.22942379 1.98320389 -0.46822155
v 0.02932927 1.92575371 0.43070582
v 0.03542371 1.98320389 0.52020395
v 0.38766679 1.92575371 0.18995285
v 0.46822172 1.98320389 0.22942394
v 0.29078007 1.98320389 0.43279785
v 0.240753 1.92575371 0.35833743
v -0.43070555 1.92575371 0.0293296
v -0.52020371 1.98320389 0.03542411
v -0.02932951 1.92575371 -0.43070537
v -0.03542401 1.98320389 -0.52020359
v 0.03542371 1.98320389 0.52020395
v 0.02932927 1.92575371 0.43070582
v -0.31458405 2.04122925 -0.46822757
v -0.03832392 2.04122925 -0.56278896
v 0.46822774 2.04122925 -0.31458393
v 0.5627892 2.04122925 -0.03832379
v -0.24820518 2.04122925 0.50655174
v -0.46822774 2.04122925 0.31458408
v -0.50655162 2.04122925 -0.24820489
v 0.24820507 2.04122925 -0.5065515
v 0.0383236 2.04122925 0.56278932
v 0.50655168 2.04122925 0.24820521
v 0.31458414 2.04122925 0.46822786
v -0.56278902 2.04122925 0.03832401
v 0.0383236 2.04122925 0.56278932
v -0.30775526 2.11771727 -0.45806354
v -0.03749202 2.11771727 -0.55057228
v 0.45806372 2.11771727 -0.30775514
v 0.55057251 2.11771727 -0.03749189
v -0.24281737 2.11771727 0.49555591
v -0.45806372 2.11771727 0.30775529
v -0.49555567 2.11771727 -0.24281707
v 0.24281725 2.11771727 -0.49555564
v 0.03749169 2.11771727 0.55057275
v 0.49555582 2.11771727 0.24281734
v 0.30775535 2.11771727 0.45806384
v -0.5505724 2.11771727 0.03749213
v 0.03749169 2.11771727 0.55057275
v -0.43409771 2.17046762 0.29165348
v -0.5217663 2.17046762 0.03553052
v -0.29165342 2.17046762 -0.43409759
v -0.03553043 2.17046762 -0.52176619
v 0.43409777 2.17046762 -0.29165331
v 0.52176654 2.17046762 -0.0355303
v -0.23011309 2.17046762 0.46962827
v -0.4696281 2.17046762 -0.23011282
v 0.230113 2.17046762 -0.46962801
v 0.03553012 2.17046762 0.52176666
v 0.46962824 2.17046762 0.23011315
v 0.29165351 2.17046762 0.43409789
v 0.03553012 2.17046762 0.52176666
v 0.46677488 2.239043 -0.03178553
v 0.42013168 2.239043 0.20586035
v -0.38834596 2.239043 0.26091462
v -0.46677467 2.239043 0.03178582
v -0.26091456 2.239043 -0.38834578
v -0.0317857 2.239043 -0.46677461
v 0.38834599 2.239043 -0.26091444
v -0.20586029 2.239043 0.42013174
v -0.42013156 2.239043 -0.20586005
v 0.2058602 2.239043 -0.42013144
v 0.03178546 2.239043 0.466775
v 0.26091468 2.239043 0.38834614
v 0.03178546 2.239043 0.466775
v 0.2182329 0.27407026 -0.44538254
v 0.25809216 0.22342992 -0.52672976
v -0.03985059 0.22342992 -0.5852074
v -0.0336961 0.27407026 -0.49482894
v 0.03369583 0.27407026 0.49482939
v 0.03985021 0.22342992 0.58520764
v 0.32711542 0.22342992 0.48687941
v 0.27659637 0.27407026 0.41168678
v 0.44538271 0.27407026 0.21823305
v 0.52672988 0.22342992 0.25809228
v 0.58520764 0.22342992 -0.03985044
v 0.49482924 0.27407026 -0.03369595
v -0.49482912 0.27407026 0.03369619
v -0.58520752 0.22342992 0.03985062
v -0.48687935 0.22342992 0.32711536
v -0.41168666 0.27407026 0.27659634
v -0.32711536 0.22342992 -0.48687917
v -0.27659622 0.27407026 -0.41168642
v 0.48687929 0.22342992 -0.32711521
v 0.41168654 0.27407026 -0.2765961
v -0.25809234 0.22342992 0.52672994
v -0.21823305 0.27407026 0.44538283
v -0.52672982 0.22342992 -0.25809205
v -0.44538262 0.27407026 -0.21823275
v 0.03985021 0.22342992 0.58520764
v 0.03369583 0.27407026 0.49482939
v 0.27956879 0.17278969 -0.5705604
v -0.04316664 0.17278969 -0.63390416
v 0.04316625 0.17278969 0.63390452
v 0.35433564 0.17278969 0.52739406
v 0.57056057 0.17278969 0.27956891
v 0.6339044 0.17278969 -0.04316649
v -0.63390416 0.17278969 0.04316667
v -0.527394 0.17278969 0.35433558
v -0.35433555 0.17278969 -0.52739394
v 0.52739406 0.17278969 -0.35433543
v -0.27956897 0.17278969 0.57056069
v -0.57056046 0.17278969 -0.27956867
v 0.04316625 0.17278969 0.63390452
v 0.29593372 0.12214935 -0.60395902
v -0.04569349 0.12214935 -0.67101067
v 0.04569301 0.12214935 0.67101103
v 0.37507722 0.12214935 0.55826586
v 0.6039592 0.12214935 0.29593384
v 0.67101091 0.12214935 -0.04569328
v -0.67101079 0.12214935 0.04569346
v -0.55826586 0.12214935 0.37507713
v -0.3750771 0.12214935 -0.55826569
v 0.55826575 0.12214935 -0.37507701
v -0.29593396 0.12214935 0.60395932
v -0.60395908 0.12214935 -0.2959336
v 0.04569301 0.12214935 0.67101103
v -0.59763527 0.07783914 -0.29283506
v -0.66398489 0.07783914 0.04521504
v 0.29283512 0.07783914 -0.59763521
v -0.04521504 0.07783914 -0.66398478
v 0.04521459 0.07783914 0.66398525
v 0.37114993 0.07783914 0.55242056
v 0.59763539 0.07783914 0.29283524
v 0.66398513 0.07783914 -0.04521489
v -0.55242032 0.07783914 0.37114984
v -0.37114981 0.07783914 -0.55242026
v 0.55242044 0.07783914 -0.37114972
v -0.29283535 0.07783914 0.59763545
v 0.04521459 0.07783914 0.66398525
v 0.34719139 0.03352892 0.51676059
v 0.55905676 0.03352892 0.2739321
v -0.55905664 0.03352892 -0.27393186
v -0.62112325 0.03352892 0.04229629
v 0.27393198 0.03352892 -0.55905652
v -0.04229629 0.03352892 -0.62112314
v 0.04229587 0.03352892 0.62112361
v 0.62112349 0.03352892 -0.04229611
v -0.51676047 0.03352892 0.34719133
v -0.3471913 0.03352892 -0.51676041
v 0.51676047 0.03352892 -0.34719118
v -0.27393216 0.03352892 0.55905682
v 0.04229587 0.03352892 0.62112361
v -0.25406247 0.00023401 0.51850545
v 0.03922793 0.00023401 0.57607025
v 0.32200778 0.00023401 0.47927725
v 0.51850545 0.00023401 0.25406241
v -0.51850533 0.00023401 -0.25406212
v -0.57606989 0.00023401 0.03922832
v 0.25406229 0.00023401 -0.51850522
v -0.03922834 0.00023401 -0.57606989
v 0.03922793 0.00023401 0.57607025
v 0.57607013 0.00023401 -0.03922814
v -0.47927713 0.00023401 0.32200772
v -0.32200769 0.00023401 -0.47927696
v 0.47927713 0.00023401 -0.32200757
v 0.51850545 0.00023401 0.25406241
v 0.32200778 0.00023401 0.47927725
v 0.57607013 0.00023401 -0.03922814
v 0.47927713 0.00023401 -0.32200757
v 0.25406229 0.00023401 -0.51850522
v -0.03922834 0.00023401 -0.57606989
v -0.32200769 0.00023401 -0.47927696
v -0.51850533 0.00023401 -0.25406212
v -0.57606989 0.00023401 0.03922832
v -0.47927713 0.00023401 0.32200772
v -0.25406247 0.00023401 0.51850545
v 0.03922793 0.00023401 0.57607025
v -0.34511137 2.239043 -0.16910091
v -0.21432474 2.239043 -0.31900135
v 0.16910106 2.239043 -0.34511131
v 0.3190015 2.239043 -0.21432459
v 0.02610973 2.239043 0.38342604
v -0.16910118 2.239043 0.34511161
v 0.34511152 2.239043 0.16910121
v 0.21432485 2.239043 0.31900167
v -0.38342577 2.239043 0.02611005
v -0.02610993 2.239043 -0.38342565
v 0.02610973 2.239043 0.38342604
v 0.38342589 2.239043 -0.02610977
v -0.3190015 2.239043 0.21432482
v -0.34511137 2.239043 -0.16910091
v -0.34511137 2.09176445 -0.16910091
v -0.21432474 2.09176445 -0.31900135
v -0.21432474 2.239043 -0.31900135
v 0.16910106 2.239043 -0.34511131
v 0.16910106 2.09176445 -0.34511131
v 0.3190015 2.09176445 -0.21432459
v 0.3190015 2.239043 -0.21432459
v 0.02610973 2.239043 0.38342604
v 0.02610973 2.09176445 0.38342604
v -0.16910118 2.09176445 0.34511161
v -0.16910118 2.239043 0.34511161
v 0.34511152 2.239043 0.16910121
v 0.34511152 2.09176445 0.16910121
v 0.21432485 2.09176445 0.31900167
v 0.21432485 2.239043 0.31900167
v -0.38342577 2.239043 0.02611005
v -0.38342577 2.09176445 0.02611005
v -0.02610993 2.239043 -0.38342565
v -0.02610993 2.09176445 -0.38342565
v 0.02610973 2.09176445 0.38342604
v 0.02610973 2.239043 0.38342604
v 0.38342589 2.239043 -0.02610977
v 0.38342589 2.09176445 -0.02610977
v -0.3190015 2.239043 0.21432482
v -0.3190015 2.09176445 0.21432482
v 0.12437131 2.06291437 0.18511467
v 0.21432485 2.09176445 0.31900167
v 0.34511152 2.09176445 0.16910121
v 0.20026594 2.06291437 0.09812839
v 0.38342589 2.09176445 -0.02610977
v 0.22249955 2.06291437 -0.01515125
v 0.3190015 2.09176445 -0.21432459
v 0.18511452 2.06291437 -0.12437107
v 0.16910106 2.09176445 -0.34511131
v 0.09812824 2.06291437 -0.20026574
v -0.02610993 2.09176445 -0.38342565
v -0.01515142 2.06291437 -0.2224993
v -0.21432474 2.09176445 -0.31900135
v -0.12437122 2.06291437 -0.18511434
v -0.34511137 2.09176445 -0.16910091
v -0.20026582 2.06291437 -0.09812807
v -0.38342577 2.09176445 0.02611005
v -0.22249943 2.06291437 0.01515156
v -0.3190015 2.09176445 0.21432482
v -0.18511446 2.06291437 0.12437136
v -0.16910118 2.09176445 0.34511161
v -0.09812826 2.06291437 0.20026608
v 0.02610973 2.09176445 0.38342604
v 0.01515128 2.06291437 0.22249968
v 0.11290064 2.09142971 0.16804169
v 0.18179557 2.09142971 0.0890781
v 0.31328213 2.11761904 0.15350515
v 0.19455782 2.11761904 0.28958046
v 0.20197858 2.09142971 -0.01375385
v 0.34806284 2.11761904 -0.02370167
v 0.16804153 2.09142971 -0.11290042
v 0.28958029 2.11761904 -0.19455759
v 0.08907795 2.09142971 -0.18179537
v 0.15350503 2.11761904 -0.31328195
v -0.01375402 2.09142971 -0.20197833
v -0.02370183 2.11761904 -0.34806255
v -0.11290056 2.09142971 -0.16804135
v -0.19455773 2.11761904 -0.28958014
v -0.18179545 2.09142971 -0.08907777
v -0.31328201 2.11761904 -0.15350485
v -0.20197847 2.09142971 0.01375416
v -0.34806272 2.11761904 0.02370195
v -0.16804147 2.09142971 0.11290069
v -0.28958023 2.11761904 0.1945578
v -0.08907796 2.09142971 0.18179572
v -0.15350509 2.11761904 0.31328222
v 0.01375389 2.09142971 0.20197873
v 0.02370164 2.11761904 0.34806293
v 0.06449532 2.6307807 0.09599511
v 0.26168707 2.55791712 0.38949576
v 0.42137539 2.55791712 0.20646971
v 0.10385206 2.6307807 0.05088659
v 0.46815664 2.55791712 -0.03187963
v 0.11538173 2.6307807 -0.00785691
v 0.38949555 2.55791712 -0.26168683
v 0.09599495 2.6307807 -0.06449512
v 0.2064696 2.55791712 -0.42137516
v 0.05088642 2.6307807 -0.10385185
v -0.03187977 2.55791712 -0.46815634
v -0.00785707 2.6307807 -0.11538155
v -0.26168692 2.55791712 -0.38949537
v -0.06449527 2.6307807 -0.09599479
v -0.42137527 2.55791712 -0.20646942
v -0.10385199 2.6307807 -0.05088627
v -0.46815649 2.55791712 0.03187989
v -0.1153817 2.6307807 0.00785723
v -0.38949555 2.55791712 0.26168698
v -0.09599495 2.6307807 0.06449543
v -0.20646968 2.55791712 0.42137545
v -0.05088645 2.6307807 0.10385221
v 0.03187956 2.55791712 0.46815678
v 0.00785702 2.6307807 0.1153819
v -0.21932024 2.39523959 -0.3264367
v -0.26168692 2.55791712 -0.38949537
v -0.03187977 2.55791712 -0.46815634
v -0.0267185 2.39523959 -0.39236256
v 0.32643682 2.39523959 -0.2193201
v 0.38949555 2.55791712 -0.26168683
v 0.46815664 2.55791712 -0.03187963
v 0.39236283 2.39523959 -0.02671836
v -0.1730426 2.39523959 0.35315549
v -0.20646968 2.55791712 0.42137545
v -0.38949555 2.55791712 0.26168698
v -0.32643679 2.39523959 0.21932028
v -0.35315526 2.39523959 -0.17304227
v -0.42137527 2.55791712 -0.20646942
v 0.17304254 2.39523959 -0.3531552
v 0.2064696 2.55791712 -0.42137516
v 0.02671826 2.39523959 0.39236295
v 0.03187956 2.55791712 0.46815678
v 0.35315537 2.39523959 0.17304263
v 0.42137539 2.55791712 0.20646971
v 0.26168707 2.55791712 0.38949576
v 0.21932036 2.39523959 0.32643709
v -0.39236262 2.39523959 0.02671863
v -0.46815649 2.55791712 0.03187989
v 0.03187956 2.55791712 0.46815678
v 0.02671826 2.39523959 0.39236295
v -0.28958023 2.11761904 0.1945578
v -0.30797222 2.23256207 0.20691468
v -0.3701691 2.23256207 0.02520731
v -0.34806272 2.11761904 0.02370195
v 0.34806284 2.11761904 -0.02370167
v 0.37016928 2.23256207 -0.02520709
v 0.33317953 2.23256207 0.16325468
v 0.31328213 2.11761904 0.15350515
v 0.19455782 2.11761904 0.28958046
v 0.20691472 2.23256207 0.30797249
v 0.02520698 2.23256207 0.37016937
v 0.02370164 2.11761904 0.34806293
v -0.02370183 2.11761904 -0.34806255
v -0.02520719 2.23256207 -0.37016892
v 0.16325459 2.23256207 -0.33317935
v 0.15350503 2.11761904 -0.31328195
v -0.33317935 2.23256207 -0.16325432
v -0.31328201 2.11761904 -0.15350485
v 0.02370164 2.11761904 0.34806293
v 0.02520698 2.23256207 0.37016937
v -0.16325462 2.23256207 0.33317959
v -0.15350509 2.11761904 0.31328222
v 0.30797231 2.23256207 -0.20691447
v 0.28958029 2.11761904 -0.19455759
v -0.2069146 2.23256207 -0.30797207
v -0.19455773 2.11761904 -0.28958014
vn -0 -1 -0
vn 0 -1 -0
vn 0 -1 -0
vn 0 -1 -0
vn 0 -1 -0
vn 0 -1 -0
vn 0 -1 -0
vn 0 -1 -0
vn -0 -1 -0
vn 0 -1 -0
vn 0 -1 -0
vn -0 -1 -0
vn -0 -1 -0
vn -0.06097 -0.44103 -0.89542
vn -0.06793 -0.01343 -0.9976
vn 0.43997 -0.01343 -0.89791
vn 0.3949 -0.44103 -0.80594
vn 0.50052 -0.44103 0.74497
vn 0.55763 -0.01343 0.82998
vn 0.06793 -0.01343 0.9976
vn 0.06097 -0.44103 0.89542
vn 0.89542 -0.44103 -0.06098
vn 0.9976 -0.01343 -0.06793
vn 0.89791 -0.01343 0.43997
vn 0.80594 -0.44103 0.3949
vn -0.74497 -0.44103 0.50052
vn -0.82998 -0.01343 0.55763
vn -0.9976 -0.01343 0.06793
vn -0.89542 -0.44103 0.06097
vn -0.50052 -0.44103 -0.74497
vn -0.55763 -0.01343 -0.82998
vn 0.74497 -0.44103 -0.50052
vn 0.82998 -0.01343 -0.55763
vn -0.3949 -0.44103 0.80594
vn -0.43997 -0.01343 0.89791
vn -0.80594 -0.44103 -0.3949
vn -0.89791 -0.01343 -0.43997
vn 0.75517 0.41509 -0.50737
vn 0.90768 0.41509 -0.06181
vn -0.40031 0.41509 0.81698
vn -0.75517 0.41509 0.50737
vn -0.81698 0.41509 -0.40031
vn -0.50737 0.41509 -0.75517
vn 0.40031 0.41509 -0.81698
vn 0.06181 0.41509 0.90768
vn 0.81698 0.41509 0.40031
vn 0.50737 0.41509 0.75517
vn -0.90768 0.41509 0.06181
vn -0.06181 0.41509 -0.90768
vn 0.44766 -0.84211 -0.30076
vn 0.5805 -0.71477 -0.39002
vn 0.69774 -0.71477 -0.04751
vn 0.53807 -0.84211 -0.03664
vn -0.2373 -0.84211 0.4843
vn -0.30772 -0.71477 0.62802
vn -0.58051 -0.71477 0.39002
vn -0.44766 -0.84211 0.30076
vn -0.4843 -0.84211 -0.2373
vn -0.62802 -0.71477 -0.30772
vn -0.39002 -0.71477 -0.5805
vn -0.30076 -0.84211 -0.44766
vn 0.2373 -0.84211 -0.4843
vn 0.30772 -0.71477 -0.62802
vn 0.03664 -0.84211 0.53807
vn 0.04751 -0.71477 0.69774
vn 0.4843 -0.84211 0.2373
vn 0.62802 -0.71477 0.30772
vn 0.39002 -0.71477 0.58051
vn 0.30076 -0.84211 0.44766
vn -0.53807 -0.84211 0.03664
vn -0.69774 -0.71477 0.04751
vn -0.03664 -0.84211 -0.53807
vn -0.04751 -0.71477 -0.69774
vn -0.54375 -0.22213 -0.80932
vn -0.06624 -0.22213 -0.97277
vn 0.80932 -0.22213 -0.54375
vn 0.97277 -0.22213 -0.06624
vn -0.42902 -0.22213 0.87556
vn -0.80932 -0.22213 0.54375
vn -0.87556 -0.22213 -0.42902
vn 0.42902 -0.22213 -0.87556
vn 0.06624 -0.22213 0.97277
vn 0.87556 -0.22213 0.42902
vn 0.54375 -0.22213 0.80932
vn -0.97277 -0.22213 0.06624
vn -0.52919 0.31554 -0.78765
vn -0.06447 0.31554 -0.94672
vn 0.78765 0.31554 -0.52919
vn 0.94672 0.31554 -0.06447
vn -0.41753 0.31554 0.85212
vn -0.78765 0.31554 0.52919
vn -0.85212 0.31554 -0.41753
vn 0.41753 0.31554 -0.85212
vn 0.06447 0.31554 0.94672
vn 0.85212 0.31554 0.41753
vn 0.52919 0.31554 0.78765
vn -0.94672 0.31554 0.06447
vn -0.69386 0.54884 0.46618
vn -0.83399 0.54884 0.05679
vn -0.46618 0.54884 -0.69386
vn -0.05679 0.54884 -0.83399
vn 0.69386 0.54884 -0.46618
vn 0.83399 0.54884 -0.05679
vn -0.36781 0.54884 0.75066
vn -0.75066 0.54884 -0.36781
vn 0.36781 0.54884 -0.75066
vn 0.05679 0.54884 0.83399
vn 0.75066 0.54884 0.36781
vn 0.46618 0.54884 0.69386
vn 0.48588 0.8734 -0.03309
vn 0.43733 0.8734 0.21429
vn -0.40425 0.8734 0.2716
vn -0.48588 0.8734 0.03309
vn -0.2716 0.8734 -0.40424
vn -0.03309 0.8734 -0.48588
vn 0.40424 0.8734 -0.2716
vn -0.21429 0.8734 0.43733
vn -0.43733 0.8734 -0.21429
vn 0.21429 0.8734 -0.43733
vn 0.03309 0.8734 0.48588
vn 0.2716 0.8734 0.40424
vn 0.2147 0.87287 -0.43818
vn 0.27517 0.78033 -0.56158
vn -0.04249 0.78033 -0.62393
vn -0.03315 0.87287 -0.48682
vn 0.03315 0.87287 0.48683
vn 0.04249 0.78033 0.62393
vn 0.34876 0.78033 0.51909
vn 0.27212 0.87287 0.40503
vn 0.43818 0.87287 0.2147
vn 0.56158 0.78033 0.27517
vn 0.62393 0.78033 -0.04249
vn 0.48682 0.87287 -0.03315
vn -0.48682 0.87287 0.03315
vn -0.62393 0.78033 0.04249
vn -0.51909 0.78033 0.34876
vn -0.40503 0.87287 0.27212
vn -0.34876 0.78033 -0.51909
vn -0.27212 0.87287 -0.40503
vn 0.51909 0.78033 -0.34876
vn 0.40503 0.87287 -0.27212
vn -0.27517 0.78033 0.56158
vn -0.2147 0.87287 0.43818
vn -0.56158 0.78033 -0.27517
vn -0.43818 0.87287 -0.2147
vn 0.33846 0.639 -0.69074
vn -0.05226 0.639 -0.76743
vn 0.05226 0.639 0.76743
vn 0.42897 0.639 0.63848
vn 0.69074 0.639 0.33846
vn 0.76743 0.639 -0.05226
vn -0.76743 0.639 0.05226
vn -0.63848 0.639 0.42897
vn -0.42897 0.639 -0.63848
vn 0.63848 0.639 -0.42897
vn -0.33846 0.639 0.69074
vn -0.69074 0.639 -0.33846
vn 0.429 0.22233 -0.87552
vn -0.06624 0.22233 -0.97272
vn 0.06624 0.22233 0.97272
vn 0.54372 0.22233 0.80928
vn 0.87552 0.22233 0.429
vn 0.97272 0.22233 -0.06624
vn -0.97272 0.22233 0.06624
vn -0.80928 0.22233 0.54372
vn -0.54372 0.22233 -0.80928
vn 0.80928 0.22233 -0.54372
vn -0.429 0.22233 0.87552
vn -0.87552 0.22233 -0.429
vn -0.81136 -0.42854 -0.39756
vn -0.90143 -0.42855 0.06138
vn 0.39756 -0.42855 -0.81136
vn -0.06138 -0.42855 -0.90143
vn 0.06138 -0.42854 0.90143
vn 0.50388 -0.42854 0.74997
vn 0.81136 -0.42854 0.39756
vn 0.90143 -0.42854 -0.06138
vn -0.74997 -0.42855 0.50388
vn -0.50388 -0.42855 -0.74997
vn 0.74997 -0.42854 -0.50388
vn -0.39756 -0.42854 0.81136
vn 0.37119 -0.74632 0.55247
vn 0.59769 -0.74632 0.29286
vn -0.59769 -0.74632 -0.29286
vn -0.66405 -0.74632 0.04522
vn 0.29286 -0.74632 -0.59769
vn -0.04522 -0.74632 -0.66405
vn 0.04522 -0.74632 0.66405
vn 0.66405 -0.74632 -0.04522
vn -0.55247 -0.74632 0.37119
vn -0.37119 -0.74632 -0.55247
vn 0.55247 -0.74632 -0.37119
vn -0.29286 -0.74632 0.59769
vn -0.15739 -0.93383 0.32122
vn 0.0243 -0.93383 0.35688
vn 0.19949 -0.93383 0.29692
vn 0.32122 -0.93383 0.15739
vn -0.32122 -0.93383 -0.15739
vn -0.35688 -0.93383 0.0243
vn 0.15739 -0.93383 -0.32122
vn -0.0243 -0.93383 -0.35688
vn 0.35688 -0.93383 -0.0243
vn -0.29692 -0.93383 0.19949
vn -0.19949 -0.93383 -0.29692
vn 0.29692 -0.93383 -0.19949
vn -0 1 -0
vn -0 1 -0
vn 0 1 -0
vn -0 1 -0
vn 0 1 -0
vn -0 1 -0
vn -0 1 -0
vn -0 1 -0
vn -0 1 -0
vn -0 1 -0
vn -0 1 -0
vn -0 1 -0
vn 0.89799 0 0.44001
vn 0.55768 0 0.83005
vn -0.44001 0 0.89799
vn -0.83005 0 0.55768
vn -0.06794 0 -0.99769
vn 0.44001 0 -0.89799
vn -0.89799 0 -0.44001
vn -0.55768 0 -0.83006
vn 0.99769 0 -0.06794
vn 0.06794 0 0.99769
vn -0.99769 0 0.06794
vn 0.83006 0 -0.55768
vn -0.05741 0.99469 -0.08546
vn -0.09819 0.98438 -0.14615
vn -0.15811 0.98438 -0.07747
vn -0.09245 0.99469 -0.0453
vn -0.17566 0.98438 0.01196
vn -0.10271 0.99469 0.00699
vn -0.14614 0.98438 0.09819
vn -0.08546 0.99469 0.05741
vn -0.07747 0.98438 0.15811
vn -0.0453 0.99469 0.09245
vn 0.01196 0.98438 0.17566
vn 0.00699 0.99469 0.10271
vn 0.09819 0.98438 0.14615
vn 0.05741 0.99469 0.08546
vn 0.15811 0.98438 0.07747
vn 0.09245 0.99469 0.0453
vn 0.17566 0.98438 -0.01196
vn 0.10271 0.99469 -0.00699
vn 0.14615 0.98438 -0.09819
vn 0.08546 0.99469 -0.05741
vn 0.07747 0.98438 -0.15811
vn 0.0453 0.99469 -0.09245
vn -0.01196 0.98438 -0.17566
vn -0.00699 0.99469 -0.10271
vn 0.05741 -0.99469 0.08546
vn 0.09245 -0.99469 0.0453
vn 0.15811 -0.98438 0.07747
vn 0.09819 -0.98438 0.14615
vn 0.10271 -0.99469 -0.00699
vn 0.17566 -0.98438 -0.01196
vn 0.08546 -0.99469 -0.05741
vn 0.14615 -0.98438 -0.09819
vn 0.0453 -0.99469 -0.09245
vn 0.07747 -0.98438 -0.15811
vn -0.00699 -0.99469 -0.10271
vn -0.01196 -0.98438 -0.17566
vn -0.05741 -0.99469 -0.08546
vn -0.09819 -0.98438 -0.14615
vn -0.09245 -0.99469 -0.0453
vn -0.15811 -0.98438 -0.07747
vn -0.10271 -0.99469 0.00699
vn -0.17566 -0.98438 0.01196
vn -0.08546 -0.99469 0.05741
vn -0.14615 -0.98438 0.09819
vn -0.0453 -0.99469 0.09245
vn -0.07747 -0.98438 0.15811
vn 0.00699 -0.99469 0.10271
vn 0.01196 -0.98438 0.17566
vn 0.06587 0.993 0.09803
vn 0.11256 0.97942 0.16753
vn 0.18124 0.97942 0.08881
vn 0.10606 0.993 0.05197
vn 0.20136 0.97942 -0.01371
vn 0.11783 0.993 -0.00802
vn 0.16753 0.97942 -0.11255
vn 0.09803 0.993 -0.06587
vn 0.08881 0.97942 -0.18124
vn 0.05197 0.993 -0.10606
vn -0.01371 0.97942 -0.20136
vn -0.00802 0.993 -0.11783
vn -0.11256 0.97942 -0.16753
vn -0.06587 0.993 -0.09803
vn -0.18124 0.97942 -0.08881
vn -0.10606 0.993 -0.05197
vn -0.20136 0.97942 0.01371
vn -0.11783 0.993 0.00802
vn -0.16753 0.97942 0.11255
vn -0.09803 0.993 0.06587
vn -0.08881 0.97942 0.18124
vn -0.05197 0.993 0.10606
vn 0.01371 0.97942 0.20136
vn 0.00802 0.993 0.11783
vn -0.53381 -0.28943 -0.79453
vn -0.5053 -0.42313 -0.75209
vn -0.06156 -0.42313 -0.90398
vn -0.06503 -0.28943 -0.95499
vn 0.79453 -0.28943 -0.53381
vn 0.75209 -0.42313 -0.5053
vn 0.90398 -0.42313 -0.06156
vn 0.95499 -0.28943 -0.06503
vn -0.42118 -0.28943 0.85956
vn -0.39868 -0.42313 0.81365
vn -0.75209 -0.42313 0.5053
vn -0.79453 -0.28943 0.53381
vn -0.85956 -0.28943 -0.42117
vn -0.81365 -0.42313 -0.39868
vn 0.42117 -0.28943 -0.85956
vn 0.39868 -0.42313 -0.81365
vn 0.06503 -0.28943 0.95499
vn 0.06156 -0.42313 0.90398
vn 0.85956 -0.28943 0.42117
vn 0.81365 -0.42313 0.39868
vn 0.5053 -0.42313 0.75209
vn 0.53381 -0.28943 0.79453
vn -0.95499 -0.28943 0.06503
vn -0.90398 -0.42313 0.06156
vn -0.81505 -0.18929 0.5476
vn -0.81913 -0.16173 0.55034
vn -0.98456 -0.16173 0.06704
vn -0.97965 -0.18929 0.06671
vn 0.97965 -0.18929 -0.06671
vn 0.98456 -0.16173 -0.06704
vn 0.88617 -0.16173 0.43422
vn 0.88176 -0.18929 0.43205
vn 0.5476 -0.18929 0.81505
vn 0.55034 -0.16173 0.81913
vn 0.06704 -0.16173 0.98456
vn 0.06671 -0.18929 0.97965
vn -0.06671 -0.18929 -0.97965
vn -0.06704 -0.16173 -0.98456
vn 0.43422 -0.16173 -0.88617
vn 0.43205 -0.18929 -0.88176
vn -0.88617 -0.16173 -0.43422
vn -0.88176 -0.18928 -0.43205
vn -0.43422 -0.16173 0.88617
vn -0.43205 -0.18929 0.88176
vn 0.81913 -0.16173 -0.55034
vn 0.81505 -0.18929 -0.5476
vn -0.55034 -0.16173 -0.81913
vn -0.5476 -0.18928 -0.81505
vt 0.68068 0.2655
vt 0.75348 0.3383
vt 0.70733 0.36494
vt 0.78013 0.29214
vt 0.78013 0.23885
vt 0.75348 0.1927
vt 0.70733 0.16605
vt 0.65404 0.16605
vt 0.60788 0.1927
vt 0.58124 0.23885
vt 0.58124 0.29214
vt 0.60788 0.3383
vt 0.65404 0.36494
vt 0.42321 0.50631
vt 0.26075 0.50876
vt 0.25872 0.43917
vt 0.42434 0.43272
vt 0.42156 0.12303
vt 0.22174 0.12272
vt 0.19959 0.00465
vt 0.42694 0.03983
vt 0.42289 0.28147
vt 0.24731 0.29406
vt 0.23684 0.21421
vt 0.42143 0.20336
vt 0.41272 0.79111
vt 0.25191 0.79745
vt 0.25613 0.72011
vt 0.41443 0.72072
vt 0.42083 0.57873
vt 0.26081 0.57797
vt 0.42413 0.35782
vt 0.25439 0.36812
vt 0.4152 0.86234
vt 0.24672 0.8858
vt 0.41762 0.65011
vt 0.25917 0.6479
vt 0.42694 0.9324
vt 0.24016 1
vt 0.06353 0.3973
vt 0.05633 0.33955
vt 0.0299 0.8099
vt 0.04458 0.74975
vt 0.06205 0.63076
vt 0.0664 0.57193
vt 0.0673 0.45526
vt 0.00884 0.87012
vt 0.04471 0.28196
vt 0.02678 0.22445
vt 0.05494 0.69002
vt 0.06817 0.51345
vt 0 0.17032
vt 0.57504 0.78931
vt 0.59787 0.78557
vt 0.60622 0.83692
vt 0.58358 0.84221
vt 0.61469 0.42685
vt 0.63622 0.43219
vt 0.6216 0.48137
vt 0.59982 0.47614
vt 0.5775 0.57804
vt 0.60007 0.5806
vt 0.59424 0.63132
vt 0.57144 0.6303
vt 0.57017 0.7362
vt 0.5931 0.73405
vt 0.62639 0.37721
vt 0.6507 0.37749
vt 0.59564 0.89466
vt 0.6181 0.88803
vt 0.63333 0.93961
vt 0.61043 0.94671
vt 0.58706 0.52657
vt 0.60928 0.5306
vt 0.56897 0.68311
vt 0.59189 0.68255
vt 0.65125 0.99813
vt 0.62452 1
vt 0.60758 0.63231
vt 0.60533 0.68262
vt 0.61132 0.78378
vt 0.6196 0.83419
vt 0.64921 0.43601
vt 0.63444 0.48487
vt 0.61326 0.5825
vt 0.60657 0.73318
vt 0.66693 0.37933
vt 0.63146 0.88441
vt 0.64726 0.93527
vt 0.62228 0.53336
vt 0.66887 0.99468
vt 0.62134 0.63354
vt 0.6192 0.6829
vt 0.62522 0.78213
vt 0.63344 0.83157
vt 0.6629 0.44072
vt 0.64767 0.48878
vt 0.62684 0.58466
vt 0.62049 0.7325
vt 0.68407 0.38566
vt 0.64528 0.88077
vt 0.66135 0.93052
vt 0.63565 0.53642
vt 0.68577 0.9866
vt 0.658 0.49178
vt 0.64607 0.5387
vt 0.63203 0.63437
vt 0.62997 0.68298
vt 0.636 0.78071
vt 0.64416 0.82938
vt 0.67357 0.44466
vt 0.63741 0.58622
vt 0.63128 0.73184
vt 0.69612 0.39217
vt 0.65596 0.87774
vt 0.67225 0.92629
vt 0.69761 0.97905
vt 0.66076 0.82587
vt 0.67237 0.8729
vt 0.67397 0.49645
vt 0.66226 0.54214
vt 0.64864 0.63554
vt 0.6467 0.683
vt 0.65272 0.7784
vt 0.68954 0.45106
vt 0.65384 0.58852
vt 0.64805 0.7307
vt 0.71342 0.40334
vt 0.68862 0.91936
vt 0.71449 0.9661
vt 0.50762 0.68607
vt 0.48565 0.68796
vt 0.48367 0.62772
vt 0.50582 0.62707
vt 0.56897 0.96719
vt 0.55037 0.98041
vt 0.5274 0.92214
vt 0.54751 0.91497
vt 0.53261 0.85934
vt 0.51168 0.86484
vt 0.49968 0.8067
vt 0.52107 0.80239
vt 0.52052 0.44901
vt 0.49826 0.44587
vt 0.51008 0.3855
vt 0.53219 0.38998
vt 0.48509 0.56717
vt 0.50735 0.56777
vt 0.49101 0.74768
vt 0.51272 0.74457
vt 0.52574 0.32534
vt 0.54751 0.33179
vt 0.48994 0.50648
vt 0.51225 0.50835
vt 0.54831 0.26244
vt 0.56897 0.27577
vt 0.47223 0.68889
vt 0.47014 0.6279
vt 0.5373 0.98843
vt 0.51463 0.92635
vt 0.49879 0.868
vt 0.48658 0.80911
vt 0.48469 0.44373
vt 0.49658 0.38255
vt 0.4715 0.56658
vt 0.47772 0.74936
vt 0.51223 0.32129
vt 0.47635 0.50512
vt 0.53414 0.25477
vt 0.46063 0.68964
vt 0.45846 0.628
vt 0.52545 0.99491
vt 0.50368 0.92971
vt 0.48763 0.87069
vt 0.47525 0.81115
vt 0.47298 0.44183
vt 0.48492 0.37996
vt 0.45978 0.56601
vt 0.46624 0.75076
vt 0.50035 0.31791
vt 0.46461 0.50389
vt 0.52071 0.2485
vt 0.45614 0.50295
vt 0.46454 0.4404
vt 0.45225 0.69013
vt 0.45003 0.62801
vt 0.51593 0.99764
vt 0.49556 0.93203
vt 0.47956 0.87258
vt 0.46706 0.81257
vt 0.4765 0.37807
vt 0.45131 0.56555
vt 0.45795 0.75171
vt 0.49189 0.31562
vt 0.51071 0.24624
vt 0.48424 0.93528
vt 0.46834 0.87535
vt 0.44431 0.50183
vt 0.45273 0.43861
vt 0.44058 0.69101
vt 0.43826 0.62823
vt 0.50239 0.99922
vt 0.45568 0.81473
vt 0.46473 0.37562
vt 0.43949 0.5651
vt 0.4464 0.75324
vt 0.48014 0.31271
vt 0.4968 0.24538
vt 0.4687 0.31009
vt 0.48426 0.24507
vt 0.4734 0.93834
vt 0.45755 0.87806
vt 0.43292 0.50082
vt 0.44135 0.43695
vt 0.42934 0.69192
vt 0.42694 0.6285
vt 0.49034 1
vt 0.44473 0.81687
vt 0.45339 0.37335
vt 0.42812 0.56473
vt 0.43529 0.75477
vt 0.76246 0.34727
vt 0.71061 0.37721
vt 0.79239 0.29543
vt 0.79239 0.23557
vt 0.76246 0.18372
vt 0.71061 0.15379
vt 0.65075 0.15379
vt 0.59891 0.18372
vt 0.56897 0.23557
vt 0.56897 0.29543
vt 0.59891 0.34727
vt 0.65075 0.37721
vt 0.67146 0.59048
vt 0.66643 0.63627
vt 0.66593 0.72895
vt 0.67051 0.7754
vt 0.72841 0.41675
vt 0.70631 0.45789
vt 0.68958 0.86723
vt 0.70494 0.91156
vt 0.67965 0.54534
vt 0.66458 0.6825
vt 0.72841 0.95216
vt 0.67835 0.8216
vt 0.69106 0.50105
vt 0.89911 0.68124
vt 0.92861 0.68124
vt 0.92861 0.72108
vt 0.89911 0.72108
vt 0.89911 0.80077
vt 0.92861 0.80077
vt 0.92861 0.84062
vt 0.89911 0.84062
vt 0.89911 0.52185
vt 0.92861 0.52185
vt 0.92861 0.5617
vt 0.89911 0.5617
vt 0.89911 0.92031
vt 0.92861 0.92031
vt 0.92861 0.96015
vt 0.89911 0.96015
vt 0.89911 0.64139
vt 0.92861 0.64139
vt 0.89911 0.76093
vt 0.92861 0.76093
vt 0.92861 1
vt 0.89911 1
vt 0.89911 0.88046
vt 0.92861 0.88046
vt 0.89911 0.60155
vt 0.92861 0.60155
vt 0.91019 0.10736
vt 0.94194 0.0989
vt 0.94194 0.13897
vt 0.91021 0.13042
vt 0.9219 0.17367
vt 0.89869 0.15041
vt 0.8872 0.19372
vt 0.87873 0.16198
vt 0.84713 0.19373
vt 0.85567 0.16201
vt 0.81243 0.17369
vt 0.8357 0.1505
vt 0.7924 0.139
vt 0.82415 0.13053
vt 0.79239 0.09892
vt 0.82412 0.10746
vt 0.81242 0.06422
vt 0.83562 0.08748
vt 0.84712 0.04418
vt 0.85558 0.07593
vt 0.88718 0.04418
vt 0.87864 0.07592
vt 0.92189 0.06421
vt 0.89864 0.08741
vt 0.4843 0.13813
vt 0.50523 0.13811
vt 0.51299 0.10931
vt 0.47662 0.10931
vt 0.52337 0.14856
vt 0.54449 0.1275
vt 0.53386 0.16668
vt 0.56268 0.15901
vt 0.53387 0.18762
vt 0.56268 0.19538
vt 0.52343 0.20576
vt 0.54449 0.22688
vt 0.50531 0.21625
vt 0.51299 0.24507
vt 0.48437 0.21627
vt 0.47661 0.24507
vt 0.46623 0.20583
vt 0.44511 0.22688
vt 0.45575 0.18771
vt 0.42694 0.19537
vt 0.45575 0.16677
vt 0.42695 0.15901
vt 0.46619 0.14862
vt 0.44512 0.12751
vt 0.89016 0.26331
vt 0.90871 0.19373
vt 0.85955 0.19373
vt 0.87827 0.26326
vt 0.81697 0.21832
vt 0.86794 0.26916
vt 0.79239 0.2609
vt 0.86196 0.27943
vt 0.79239 0.31004
vt 0.86192 0.29132
vt 0.81697 0.35262
vt 0.86781 0.30165
vt 0.85955 0.37721
vt 0.87809 0.30764
vt 0.90871 0.37721
vt 0.88998 0.30768
vt 0.95128 0.35263
vt 0.9003 0.30177
vt 0.97587 0.31005
vt 0.9063 0.2915
vt 0.97586 0.26088
vt 0.90635 0.27961
vt 0.95128 0.2183
vt 0.90044 0.26929
vt 0.76739 0.70352
vt 0.73153 0.69833
vt 0.72841 0.74559
vt 0.76464 0.74602
vt 0.77587 0.83022
vt 0.7408 0.83924
vt 0.75612 0.88403
vt 0.78968 0.87042
vt 0.8314 0.54819
vt 0.8038 0.52594
vt 0.77726 0.56479
vt 0.80812 0.5833
vt 0.77569 0.66174
vt 0.74084 0.65189
vt 0.76747 0.7885
vt 0.73152 0.79283
vt 0.85815 0.51756
vt 0.83549 0.49189
vt 0.80869 0.90832
vt 0.77731 0.92641
vt 0.80428 0.96555
vt 0.83257 0.94294
vt 0.78937 0.62142
vt 0.75616 0.6071
vt 0.83755 1
vt 0.86017 0.97276
vt 0.85718 0.61142
vt 0.83708 0.60002
vt 0.82028 0.63431
vt 0.84165 0.64308
vt 0.84171 0.84877
vt 0.82051 0.85764
vt 0.83743 0.89166
vt 0.85722 0.88016
vt 0.87655 0.9092
vt 0.85847 0.92298
vt 0.88276 0.95108
vt 0.89911 0.93557
vt 0.82117 0.74604
vt 0.79811 0.7461
vt 0.80065 0.78419
vt 0.82349 0.78111
vt 0.80802 0.6705
vt 0.83033 0.67643
vt 0.89911 0.55457
vt 0.88216 0.53908
vt 0.85797 0.56821
vt 0.87653 0.58187
vt 0.80817 0.82159
vt 0.83038 0.81556
vt 0.80058 0.70798
vt 0.82346 0.71094
usemtl mat0
f 1/1/1 2/2/2 3/3/3
f 1/1/1 4/4/4 2/2/2
f 1/1/1 5/5/5 4/4/4
f 1/1/1 6/6/6 5/5/5
f 1/1/1 7/7/7 6/6/6
f 1/1/1 8/8/8 7/7/7
f 1/1/1 9/9/9 8/8/8
f 1/1/1 10/10/10 9/9/9
f 1/1/1 11/11/11 10/10/10
f 1/1/1 12/12/12 11/11/11
f 1/1/1 13/13/13 12/12/12
f 1/1/1 3/3/3 13/13/13
f 14/14/14 15/15/15 16/16/16
f 14/14/14 16/16/16 17/17/17
f 18/18/18 19/19/19 20/20/20
f 18/18/18 20/20/20 21/21/21
f 22/22/22 23/23/23 24/24/24
f 22/22/22 24/24/24 25/25/25
f 26/26/26 27/27/27 28/28/28
f 26/26/26 28/28/28 29/29/29
f 30/30/30 31/31/31 15/15/15
f 30/30/30 15/15/15 14/14/14
f 32/32/32 33/33/33 23/23/23
f 32/32/32 23/23/23 22/22/22
f 34/34/34 35/35/35 27/27/27
f 34/34/34 27/27/27 26/26/26
f 36/36/36 37/37/37 31/31/31
f 36/36/36 31/31/31 30/30/30
f 17/17/17 16/16/16 33/33/33
f 17/17/17 33/33/33 32/32/32
f 38/38/21 39/39/20 35/35/35
f 38/38/21 35/35/35 34/34/34
f 25/25/25 24/24/24 19/19/19
f 25/25/25 19/19/19 18/18/18
f 29/29/29 28/28/28 37/37/37
f 29/29/29 37/37/37 36/36/36
f 33/33/33 40/40/38 41/41/39
f 33/33/33 41/41/39 23/23/23
f 35/35/35 42/42/40 43/43/41
f 35/35/35 43/43/41 27/27/27
f 37/37/37 44/44/42 45/45/43
f 37/37/37 45/45/43 31/31/31
f 16/16/16 46/46/44 40/40/38
f 16/16/16 40/40/38 33/33/33
f 39/39/20 47/47/45 42/42/40
f 39/39/20 42/42/40 35/35/35
f 24/24/24 48/48/46 49/49/47
f 24/24/24 49/49/47 19/19/19
f 28/28/28 50/50/48 44/44/42
f 28/28/28 44/44/42 37/37/37
f 15/15/15 51/51/49 46/46/44
f 15/15/15 46/46/44 16/16/16
f 19/19/19 49/49/47 52/52/45
f 19/19/19 52/52/45 20/20/20
f 23/23/23 41/41/39 48/48/46
f 23/23/23 48/48/46 24/24/24
f 27/27/27 43/43/41 50/50/48
f 27/27/27 50/50/48 28/28/28
f 31/31/31 45/45/43 51/51/49
f 31/31/31 51/51/49 15/15/15
f 53/53/50 54/54/51 55/55/52
f 53/53/50 55/55/52 56/56/53
f 57/57/54 58/58/55 59/59/56
f 57/57/54 59/59/56 60/60/57
f 61/61/58 62/62/59 63/63/60
f 61/61/58 63/63/60 64/64/61
f 65/65/62 66/66/63 54/54/51
f 65/65/62 54/54/51 53/53/50
f 67/67/64 68/68/65 58/58/55
f 67/67/64 58/58/55 57/57/54
f 69/69/66 70/70/67 71/71/68
f 69/69/66 71/71/68 72/72/69
f 73/73/70 74/74/71 62/62/59
f 73/73/70 62/62/59 61/61/58
f 75/75/72 76/76/73 66/66/63
f 75/75/72 66/66/63 65/65/62
f 72/72/69 71/71/68 77/77/65
f 72/72/69 77/77/65 78/78/64
f 56/56/53 55/55/52 70/70/67
f 56/56/53 70/70/67 69/69/66
f 60/60/57 59/59/56 74/74/71
f 60/60/57 74/74/71 73/73/70
f 64/64/61 63/63/60 76/76/73
f 64/64/61 76/76/73 75/75/72
f 63/63/60 79/79/74 80/80/75
f 63/63/60 80/80/75 76/76/73
f 54/54/51 81/81/76 82/82/77
f 54/54/51 82/82/77 55/55/52
f 58/58/55 83/83/78 84/84/79
f 58/58/55 84/84/79 59/59/56
f 62/62/59 85/85/80 79/79/74
f 62/62/59 79/79/74 63/63/60
f 66/66/63 86/86/81 81/81/76
f 66/66/63 81/81/76 54/54/51
f 68/68/65 87/87/82 83/83/78
f 68/68/65 83/83/78 58/58/55
f 70/70/67 88/88/83 89/89/84
f 70/70/67 89/89/84 71/71/68
f 74/74/71 90/90/85 85/85/80
f 74/74/71 85/85/80 62/62/59
f 76/76/73 80/80/75 86/86/81
f 76/76/73 86/86/81 66/66/63
f 71/71/68 89/89/84 91/91/82
f 71/71/68 91/91/82 77/77/65
f 55/55/52 82/82/77 88/88/83
f 55/55/52 88/88/83 70/70/67
f 59/59/56 84/84/79 90/90/85
f 59/59/56 90/90/85 74/74/71
f 79/79/74 92/92/86 93/93/87
f 79/79/74 93/93/87 80/80/75
f 81/81/76 94/94/88 95/95/89
f 81/81/76 95/95/89 82/82/77
f 83/83/78 96/96/90 97/97/91
f 83/83/78 97/97/91 84/84/79
f 85/85/80 98/98/92 92/92/86
f 85/85/80 92/92/86 79/79/74
f 86/86/81 99/99/93 94/94/88
f 86/86/81 94/94/88 81/81/76
f 87/87/82 100/100/94 96/96/90
f 87/87/82 96/96/90 83/83/78
f 88/88/83 101/101/95 102/102/96
f 88/88/83 102/102/96 89/89/84
f 90/90/85 103/103/97 98/98/92
f 90/90/85 98/98/92 85/85/80
f 80/80/75 93/93/87 99/99/93
f 80/80/75 99/99/93 86/86/81
f 89/89/84 102/102/96 104/104/94
f 89/89/84 104/104/94 91/91/82
f 82/82/77 95/95/89 101/101/95
f 82/82/77 101/101/95 88/88/83
f 84/84/79 97/97/91 103/103/97
f 84/84/79 103/103/97 90/90/85
f 97/97/91 105/105/98 106/106/99
f 97/97/91 106/106/99 103/103/97
f 92/92/86 107/107/100 108/108/101
f 92/92/86 108/108/101 93/93/87
f 94/94/88 109/109/102 110/110/103
f 94/94/88 110/110/103 95/95/89
f 96/96/90 111/111/104 105/105/98
f 96/96/90 105/105/98 97/97/91
f 98/98/92 112/112/105 107/107/100
f 98/98/92 107/107/100 92/92/86
f 99/99/93 113/113/106 109/109/102
f 99/99/93 109/109/102 94/94/88
f 100/100/94 114/114/107 111/111/104
f 100/100/94 111/111/104 96/96/90
f 101/101/95 115/115/108 116/116/109
f 101/101/95 116/116/109 102/102/96
f 103/103/97 106/106/99 112/112/105
f 103/103/97 112/112/105 98/98/92
f 93/93/87 108/108/101 113/113/106
f 93/93/87 113/113/106 99/99/93
f 102/102/96 116/116/109 117/117/107
f 102/102/96 117/117/107 104/104/94
f 95/95/89 110/110/103 115/115/108
f 95/95/89 115/115/108 101/101/95
f 110/110/103 118/118/110 119/119/111
f 110/110/103 119/119/111 115/115/108
f 105/105/98 120/120/112 121/121/113
f 105/105/98 121/121/113 106/106/99
f 107/107/100 122/122/114 123/123/115
f 107/107/100 123/123/115 108/108/101
f 109/109/102 124/124/116 118/118/110
f 109/109/102 118/118/110 110/110/103
f 111/111/104 125/125/117 120/120/112
f 111/111/104 120/120/112 105/105/98
f 112/112/105 126/126/118 122/122/114
f 112/112/105 122/122/114 107/107/100
f 113/113/106 127/127/119 124/124/116
f 113/113/106 124/124/116 109/109/102
f 114/114/107 128/128/120 125/125/117
f 114/114/107 125/125/117 111/111/104
f 115/115/108 119/119/111 129/129/121
f 115/115/108 129/129/121 116/116/109
f 106/106/99 121/121/113 126/126/118
f 106/106/99 126/126/118 112/112/105
f 108/108/101 123/123/115 127/127/119
f 108/108/101 127/127/119 113/113/106
f 116/116/109 129/129/121 130/130/120
f 116/116/109 130/130/120 117/117/107
f 131/131/122 132/132/123 133/133/124
f 131/131/122 133/133/124 134/134/125
f 135/135/126 136/136/127 137/137/128
f 135/135/126 137/137/128 138/138/129
f 139/139/130 140/140/131 141/141/132
f 139/139/130 141/141/132 142/142/133
f 143/143/134 144/144/135 145/145/136
f 143/143/134 145/145/136 146/146/137
f 134/134/125 133/133/124 147/147/138
f 134/134/125 147/147/138 148/148/139
f 142/142/133 141/141/132 149/149/140
f 142/142/133 149/149/140 150/150/141
f 146/146/137 145/145/136 151/151/142
f 146/146/137 151/151/142 152/152/143
f 148/148/139 147/147/138 153/153/144
f 148/148/139 153/153/144 154/154/145
f 150/150/141 149/149/140 132/132/123
f 150/150/141 132/132/123 131/131/122
f 152/152/143 151/151/142 155/155/127
f 152/152/143 155/155/127 156/156/126
f 138/138/129 137/137/128 140/140/131
f 138/138/129 140/140/131 139/139/130
f 154/154/145 153/153/144 144/144/135
f 154/154/145 144/144/135 143/143/134
f 132/132/123 157/157/146 158/158/147
f 132/132/123 158/158/147 133/133/124
f 136/136/127 159/159/148 160/160/149
f 136/136/127 160/160/149 137/137/128
f 140/140/131 161/161/150 162/162/151
f 140/140/131 162/162/151 141/141/132
f 144/144/135 163/163/152 164/164/153
f 144/144/135 164/164/153 145/145/136
f 133/133/124 158/158/147 165/165/154
f 133/133/124 165/165/154 147/147/138
f 141/141/132 162/162/151 166/166/155
f 141/141/132 166/166/155 149/149/140
f 145/145/136 164/164/153 167/167/156
f 145/145/136 167/167/156 151/151/142
f 147/147/138 165/165/154 168/168/157
f 147/147/138 168/168/157 153/153/144
f 149/149/140 166/166/155 157/157/146
f 149/149/140 157/157/146 132/132/123
f 151/151/142 167/167/156 169/169/148
f 151/151/142 169/169/148 155/155/127
f 137/137/128 160/160/149 161/161/150
f 137/137/128 161/161/150 140/140/131
f 153/153/144 168/168/157 163/163/152
f 153/153/144 163/163/152 144/144/135
f 157/157/146 170/170/158 171/171/159
f 157/157/146 171/171/159 158/158/147
f 159/159/148 172/172/160 173/173/161
f 159/159/148 173/173/161 160/160/149
f 161/161/150 174/174/162 175/175/163
f 161/161/150 175/175/163 162/162/151
f 163/163/152 176/176/164 177/177/165
f 163/163/152 177/177/165 164/164/153
f 158/158/147 171/171/159 178/178/166
f 158/158/147 178/178/166 165/165/154
f 162/162/151 175/175/163 179/179/167
f 162/162/151 179/179/167 166/166/155
f 164/164/153 177/177/165 180/180/168
f 164/164/153 180/180/168 167/167/156
f 165/165/154 178/178/166 181/181/169
f 165/165/154 181/181/169 168/168/157
f 166/166/155 179/179/167 170/170/158
f 166/166/155 170/170/158 157/157/146
f 167/167/156 180/180/168 182/182/160
f 167/167/156 182/182/160 169/169/148
f 160/160/149 173/173/161 174/174/162
f 160/160/149 174/174/162 161/161/150
f 168/168/157 181/181/169 176/176/164
f 168/168/157 176/176/164 163/163/152
f 181/181/169 183/183/170 184/184/171
f 181/181/169 184/184/171 176/176/164
f 170/170/158 185/185/172 186/186/173
f 170/170/158 186/186/173 171/171/159
f 172/172/160 187/187/174 188/188/175
f 172/172/160 188/188/175 173/173/161
f 174/174/162 189/189/176 190/190/177
f 174/174/162 190/190/177 175/175/163
f 176/176/164 184/184/171 191/191/178
f 176/176/164 191/191/178 177/177/165
f 171/171/159 186/186/173 192/192/179
f 171/171/159 192/192/179 178/178/166
f 175/175/163 190/190/177 193/193/180
f 175/175/163 193/193/180 179/179/167
f 177/177/165 191/191/178 194/194/181
f 177/177/165 194/194/181 180/180/168
f 178/178/166 192/192/179 183/183/170
f 178/178/166 183/183/170 181/181/169
f 179/179/167 193/193/180 185/185/172
f 179/179/167 185/185/172 170/170/158
f 180/180/168 194/194/181 195/195/174
f 180/180/168 195/195/174 182/182/160
f 173/173/161 188/188/175 189/189/176
f 173/173/161 189/189/176 174/174/162
f 188/188/175 196/196/182 197/197/183
f 188/188/175 197/197/183 189/189/176
f 183/183/170 198/198/184 199/199/185
f 183/183/170 199/199/185 184/184/171
f 185/185/172 200/200/186 201/201/187
f 185/185/172 201/201/187 186/186/173
f 187/187/174 202/202/188 196/196/182
f 187/187/174 196/196/182 188/188/175
f 189/189/176 197/197/183 203/203/189
f 189/189/176 203/203/189 190/190/177
f 184/184/171 199/199/185 204/204/190
f 184/184/171 204/204/190 191/191/178
f 186/186/173 201/201/187 205/205/191
f 186/186/173 205/205/191 192/192/179
f 190/190/177 203/203/189 206/206/192
f 190/190/177 206/206/192 193/193/180
f 191/191/178 204/204/190 207/207/193
f 191/191/178 207/207/193 194/194/181
f 192/192/179 205/205/191 198/198/184
f 192/192/179 198/198/184 183/183/170
f 193/193/180 206/206/192 200/200/186
f 193/193/180 200/200/186 185/185/172
f 194/194/181 207/207/193 208/208/188
f 194/194/181 208/208/188 195/195/174
f 207/207/193 209/209/194 210/210/195
f 207/207/193 210/210/195 208/208/188
f 196/196/182 211/211/196 212/212/197
f 196/196/182 212/212/197 197/197/183
f 198/198/184 213/213/198 214/214/199
f 198/198/184 214/214/199 199/199/185
f 200/200/186 215/215/200 216/216/201
f 200/200/186 216/216/201 201/201/187
f 202/202/188 217/217/195 211/211/196
f 202/202/188 211/211/196 196/196/182
f 197/197/183 212/212/197 218/218/202
f 197/197/183 218/218/202 203/203/189
f 199/199/185 214/214/199 219/219/203
f 199/199/185 219/219/203 204/204/190
f 201/201/187 216/216/201 220/220/204
f 201/201/187 220/220/204 205/205/191
f 203/203/189 218/218/202 221/221/205
f 203/203/189 221/221/205 206/206/192
f 204/204/190 219/219/203 209/209/194
f 204/204/190 209/209/194 207/207/193
f 205/205/191 220/220/204 213/213/198
f 205/205/191 213/213/198 198/198/184
f 206/206/192 221/221/205 215/215/200
f 206/206/192 215/215/200 200/200/186
f 2/2/2 222/222/197 223/223/196
f 2/2/2 223/223/196 3/3/3
f 4/4/4 224/224/202 222/222/197
f 4/4/4 222/222/197 2/2/2
f 5/5/5 225/225/205 224/224/202
f 5/5/5 224/224/202 4/4/4
f 6/6/6 226/226/200 225/225/205
f 6/6/6 225/225/205 5/5/5
f 7/7/7 227/227/201 226/226/200
f 7/7/7 226/226/200 6/6/6
f 8/8/8 228/228/204 227/227/201
f 8/8/8 227/227/201 7/7/7
f 9/9/9 229/229/198 228/228/204
f 9/9/9 228/228/204 8/8/8
f 10/10/10 230/230/199 229/229/198
f 10/10/10 229/229/198 9/9/9
f 11/11/11 231/231/203 230/230/199
f 11/11/11 230/230/199 10/10/10
f 12/12/12 232/232/194 231/231/203
f 12/12/12 231/231/203 11/11/11
f 13/13/13 233/233/195 232/232/194
f 13/13/13 232/232/194 12/12/12
f 3/3/3 223/223/196 233/233/195
f 3/3/3 233/233/195 13/13/13
f 126/126/118 234/234/206 235/235/207
f 126/126/118 235/235/207 122/122/114
f 127/127/119 236/236/208 237/237/209
f 127/127/119 237/237/209 124/124/116
f 128/128/120 238/238/210 239/239/211
f 128/128/120 239/239/211 125/125/117
f 119/119/111 240/240/212 241/241/213
f 119/119/111 241/241/213 129/129/121
f 121/121/113 242/242/214 234/234/206
f 121/121/113 234/234/206 126/126/118
f 123/123/115 243/243/215 236/236/208
f 123/123/115 236/236/208 127/127/119
f 129/129/121 241/241/213 244/244/210
f 129/129/121 244/244/210 130/130/120
f 118/118/110 245/245/216 240/240/212
f 118/118/110 240/240/212 119/119/111
f 120/120/112 246/246/217 242/242/214
f 120/120/112 242/242/214 121/121/113
f 122/122/114 235/235/207 243/243/215
f 122/122/114 243/243/215 123/123/115
f 124/124/116 237/237/209 245/245/216
f 124/124/116 245/245/216 118/118/110
f 125/125/117 239/239/211 246/246/217
f 125/125/117 246/246/217 120/120/112
f 247/247/218 248/248/218 249/249/219
f 247/247/218 249/249/219 250/250/219
f 251/251/220 252/252/220 253/253/221
f 251/251/220 253/253/221 254/254/221
f 255/255/222 256/256/222 257/257/223
f 255/255/222 257/257/223 258/258/223
f 259/259/224 260/260/224 261/261/225
f 259/259/224 261/261/225 262/262/225
f 263/263/226 264/264/226 248/248/218
f 263/263/226 248/248/218 247/247/218
f 265/265/227 266/266/227 252/252/220
f 265/265/227 252/252/220 251/251/220
f 262/262/225 261/261/225 267/267/222
f 262/262/225 267/267/222 268/268/222
f 269/269/228 270/270/228 260/260/224
f 269/269/228 260/260/224 259/259/224
f 271/271/229 272/272/229 264/264/226
f 271/271/229 264/264/226 263/263/226
f 250/250/219 249/249/219 266/266/227
f 250/250/219 266/266/227 265/265/227
f 254/254/221 253/253/221 270/270/228
f 254/254/221 270/270/228 269/269/228
f 258/258/223 257/257/223 272/272/229
f 258/258/223 272/272/229 271/271/229
f 273/273/230 274/274/231 275/275/232
f 273/273/230 275/275/232 276/276/233
f 276/276/233 275/275/232 277/277/234
f 276/276/233 277/277/234 278/278/235
f 278/278/235 277/277/234 279/279/236
f 278/278/235 279/279/236 280/280/237
f 280/280/237 279/279/236 281/281/238
f 280/280/237 281/281/238 282/282/239
f 282/282/239 281/281/238 283/283/240
f 282/282/239 283/283/240 284/284/241
f 284/284/241 283/283/240 285/285/242
f 284/284/241 285/285/242 286/286/243
f 286/286/243 285/285/242 287/287/244
f 286/286/243 287/287/244 288/288/245
f 288/288/245 287/287/244 289/289/246
f 288/288/245 289/289/246 290/290/247
f 290/290/247 289/289/246 291/291/248
f 290/290/247 291/291/248 292/292/249
f 292/292/249 291/291/248 293/293/250
f 292/292/249 293/293/250 294/294/251
f 294/294/251 293/293/250 295/295/252
f 294/294/251 295/295/252 296/296/253
f 296/296/253 295/295/252 274/274/231
f 296/296/253 274/274/231 273/273/230
f 297/297/254 298/298/255 299/299/256
f 297/297/254 299/299/256 300/300/257
f 298/298/255 301/301/258 302/302/259
f 298/298/255 302/302/259 299/299/256
f 301/301/258 303/303/260 304/304/261
f 301/301/258 304/304/261 302/302/259
f 303/303/260 305/305/262 306/306/263
f 303/303/260 306/306/263 304/304/261
f 305/305/262 307/307/264 308/308/265
f 305/305/262 308/308/265 306/306/263
f 307/307/264 309/309/266 310/310/267
f 307/307/264 310/310/267 308/308/265
f 309/309/266 311/311/268 312/312/269
f 309/309/266 312/312/269 310/310/267
f 311/311/268 313/313/270 314/314/271
f 311/311/268 314/314/271 312/312/269
f 313/313/270 315/315/272 316/316/273
f 313/313/270 316/316/273 314/314/271
f 315/315/272 317/317/274 318/318/275
f 315/315/272 318/318/275 316/316/273
f 317/317/274 319/319/276 320/320/277
f 317/317/274 320/320/277 318/318/275
f 319/319/276 297/297/254 300/300/257
f 319/319/276 300/300/257 320/320/277
f 321/321/278 322/322/279 323/323/280
f 321/321/278 323/323/280 324/324/281
f 324/324/281 323/323/280 325/325/282
f 324/324/281 325/325/282 326/326/283
f 326/326/283 325/325/282 327/327/284
f 326/326/283 327/327/284 328/328/285
f 328/328/285 327/327/284 329/329/286
f 328/328/285 329/329/286 330/330/287
f 330/330/287 329/329/286 331/331/288
f 330/330/287 331/331/288 332/332/289
f 332/332/289 331/331/288 333/333/290
f 332/332/289 333/333/290 334/334/291
f 334/334/291 333/333/290 335/335/292
f 334/334/291 335/335/292 336/336/293
f 336/336/293 335/335/292 337/337/294
f 336/336/293 337/337/294 338/338/295
f 338/338/295 337/337/294 339/339/296
f 338/338/295 339/339/296 340/340/297
f 340/340/297 339/339/296 341/341/298
f 340/340/297 341/341/298 342/342/299
f 342/342/299 341/341/298 343/343/300
f 342/342/299 343/343/300 344/344/301
f 344/344/301 343/343/300 322/322/279
f 344/344/301 322/322/279 321/321/278
f 345/345/302 346/346/303 347/347/304
f 345/345/302 347/347/304 348/348/305
f 349/349/306 350/350/307 351/351/308
f 349/349/306 351/351/308 352/352/309
f 353/353/310 354/354/311 355/355/312
f 353/353/310 355/355/312 356/356/313
f 357/357/314 358/358/315 346/346/303
f 357/357/314 346/346/303 345/345/302
f 359/359/316 360/360/317 350/350/307
f 359/359/316 350/350/307 349/349/306
f 361/361/318 362/362/319 354/354/311
f 361/361/318 354/354/311 353/353/310
f 363/363/320 364/364/321 365/365/322
f 363/363/320 365/365/322 366/366/323
f 367/367/324 368/368/325 358/358/315
f 367/367/324 358/358/315 357/357/314
f 348/348/305 347/347/304 360/360/317
f 348/348/305 360/360/317 359/359/316
f 366/366/323 365/365/322 369/369/319
f 366/366/323 369/369/319 370/370/318
f 352/352/309 351/351/308 364/364/321
f 352/352/309 364/364/321 363/363/320
f 356/356/313 355/355/312 368/368/325
f 356/356/313 368/368/325 367/367/324
f 371/371/326 372/372/327 373/373/328
f 371/371/326 373/373/328 374/374/329
f 375/375/330 376/376/331 377/377/332
f 375/375/330 377/377/332 378/378/333
f 379/379/334 380/380/335 381/381/336
f 379/379/334 381/381/336 382/382/337
f 383/383/338 384/384/339 385/385/340
f 383/383/338 385/385/340 386/386/341
f 374/374/329 373/373/328 387/387/342
f 374/374/329 387/387/342 388/388/343
f 378/378/333 377/377/332 380/380/335
f 378/378/333 380/380/335 379/379/334
f 389/389/337 390/390/336 391/391/344
f 389/389/337 391/391/344 392/392/345
f 386/386/341 385/385/340 393/393/346
f 386/386/341 393/393/346 394/394/347
f 388/388/343 387/387/342 395/395/348
f 388/388/343 395/395/348 396/396/349
f 392/392/345 391/391/344 372/372/327
f 392/392/345 372/372/327 371/371/326
f 394/394/347 393/393/346 376/376/331
f 394/394/347 376/376/331 375/375/330
f 396/396/349 395/395/348 384/384/339
f 396/396/349 384/384/339 383/383/338
f 372/372/327 356/356/313 367/367/324
f 372/372/327 367/367/324 373/373/328
f 376/376/331 352/352/309 363/363/320
f 376/376/331 363/363/320 377/377/332
f 380/380/335 366/366/323 370/370/318
f 380/380/335 370/370/318 381/381/336
f 384/384/339 348/348/305 359/359/316
f 384/384/339 359/359/316 385/385/340
f 373/373/328 367/367/324 357/357/314
f 373/373/328 357/357/314 387/387/342
f 377/377/332 363/363/320 366/366/323
f 377/377/332 366/366/323 380/380/335
f 390/390/336 361/361/318 353/353/310
f 390/390/336 353/353/310 391/391/344
f 385/385/340 359/359/316 349/349/306
f 385/385/340 349/349/306 393/393/346
f 387/387/342 357/357/314 345/345/302
f 387/387/342 345/345/302 395/395/348
f 391/391/344 353/353/310 356/356/313
f 391/391/344 356/356/313 372/372/327
f 393/393/346 349/349/306 352/352/309
f 393/393/346 352/352/309 376/376/331
f 395/395/348 345/345/302 348/348/305
f 395/395/348 348/348/305 384/384/339
f 286/286/243 282/282/239 284/284/241
f 282/282/239 286/286/243 280/280/237
f 280/280/237 286/286/243 288/288/245
f 280/280/237 288/288/245 278/278/235
f 278/278/235 288/288/245 290/290/247
f 278/278/235 290/290/247 276/276/233
f 276/276/233 290/290/247 292/292/249
f 276/276/233 292/292/249 273/273/230
f 273/273/230 292/292/249 294/294/251
f 273/273/230 294/294/251 296/296/253
f 305/305/262 309/309/266 307/307/264
f 309/309/266 305/305/262 303/303/260
f 309/309/266 303/303/260 311/311/268
f 311/311/268 303/303/260 301/301/258
f 311/311/268 301/301/258 313/313/270
f 313/313/270 301/301/258 298/298/255
f 313/313/270 298/298/255 315/315/272
f 315/315/272 298/298/255 297/297/254
f 315/315/272 297/297/254 317/317/274
f 317/317/274 297/297/254 319/319/276
f 334/334/291 330/330/287 332/332/289
f 330/330/287 334/334/291 328/328/285
f 328/328/285 334/334/291 336/336/293
f 328/328/285 336/336/293 326/326/283
f 326/326/283 336/336/293 338/338/295
f 326/326/283 338/338/295 324/324/281
f 324/324/281 338/338/295 340/340/297
f 324/324/281 340/340/297 321/321/278
f 321/321/278 340/340/297 342/342/299
f 321/321/278 342/342/299 344/344/301
# Vertices: 396, normals: 349, texture coordinates: 396, faces: 570

o obj2
v -0.79410172 0.76545537 -0.76139276
v -0.84102201 0.73279607 -0.73738198
v -0.84527683 0.73445678 -0.74364065
v -0.79824662 0.76720452 -0.76770096
v -0.79247594 0.76720452 -0.75402187
v -0.83908868 0.73479259 -0.73014943
v -0.84102201 0.73279607 -0.73738198
v -0.79410172 0.76545537 -0.76139276
v -0.79465711 0.77010524 -0.75335936
v -0.84111273 0.73781979 -0.72955768
v -0.79471183 0.77132118 -0.75104408
v -0.8410393 0.73913872 -0.72730003
v -0.79832637 0.77612162 -0.74995975
v -0.84439421 0.74414814 -0.72633259
v -0.79678202 0.77727389 -0.74398188
v -0.8426131 0.74549091 -0.72046129
v -0.799986 0.77842617 -0.74925964
v -0.84592366 0.74655747 -0.72569107
v -0.80328512 0.78322661 -0.74742733
v -0.84894025 0.75158513 -0.72398596
v -0.80498159 0.78444254 -0.74900381
v -0.85062742 0.75280857 -0.72556661
v -0.80697823 0.78734326 -0.74790387
v -0.85245347 0.7558465 -0.72454344
v -0.81112313 0.78909242 -0.75421207
v -0.85670829 0.75750721 -0.7308021
v -0.81274891 0.78734326 -0.76158296
v -0.85864162 0.75551069 -0.73803465
v -0.81056774 0.78444254 -0.76224546
v -0.85661757 0.75248349 -0.73862641
v -0.81051302 0.78322661 -0.76456074
v -0.856691 0.75116456 -0.74088405
v -0.80689847 0.77842617 -0.76564507
v -0.8533361 0.74615514 -0.74185149
v -0.80844283 0.77727389 -0.77162294
v -0.8551172 0.74481237 -0.74772279
v -0.80523884 0.77612162 -0.76634519
v -0.85180664 0.7437458 -0.74249302
v -0.80193973 0.77132118 -0.76817749
v -0.84879005 0.73871815 -0.74419813
v -0.80024326 0.77010524 -0.76660101
v -0.84710288 0.73749471 -0.74261747
v -0.87279844 0.70636809 -0.72334813
v -0.87689161 0.70816517 -0.72967659
v -0.87138999 0.70792174 -0.71588926
v -0.87279844 0.70636809 -0.72334813
v -0.87370396 0.71070421 -0.71517234
v -0.87385452 0.71183431 -0.71281819
v -0.87768877 0.71643901 -0.71164392
v -0.87630963 0.71744263 -0.70559923
v -0.87945747 0.71864653 -0.71089916
v -0.88299096 0.72323799 -0.70897101
v -0.88470674 0.72443736 -0.71053939
v -0.88684487 0.72721195 -0.70938157
v -0.89093804 0.72900903 -0.71571003
v -0.8923465 0.72745538 -0.72316889
v -0.89003253 0.72467291 -0.72388582
v -0.88988197 0.72354281 -0.72623996
v -0.88604772 0.71893811 -0.72741424
v -0.88742685 0.71793449 -0.73345892
v -0.88427901 0.71673059 -0.728159
v -0.88074553 0.71213913 -0.73008715
v -0.87902975 0.71093976 -0.72851877
v -0.89285398 0.68563521 -0.71690045
v -0.89666533 0.68773055 -0.7233126
v -0.89220357 0.68638659 -0.7092164
v -0.89285398 0.68563521 -0.71690045
v -0.89489579 0.68876874 -0.70838706
v -0.89535975 0.68956709 -0.70593981
v -0.89981914 0.69351041 -0.70457982
v -0.89902461 0.69389522 -0.69836144
v -0.90190148 0.69538581 -0.70374189
v -0.90611684 0.6992557 -0.70161121
v -0.90785027 0.70043635 -0.70317428
v -0.91039991 0.70277548 -0.70189427
v -0.91421127 0.70487082 -0.70830642
v -0.91486168 0.70411944 -0.71599047
v -0.91216946 0.70173728 -0.71681981
v -0.91170549 0.70093894 -0.71926706
v -0.90724611 0.69699562 -0.72062705
v -0.90804064 0.69661081 -0.72684543
v -0.90516376 0.69512022 -0.72146498
v -0.90094841 0.69125032 -0.72359566
v -0.89921498 0.69006968 -0.72203259
v -0.90296876 0.67167485 -0.71609347
v -0.90626681 0.67451501 -0.72250347
v -0.90345967 0.67077017 -0.708414
v -0.90296876 0.67167485 -0.71609347
v -0.90664637 0.67243481 -0.70758675
v -0.90756392 0.67257476 -0.70514135
v -0.91284001 0.6753329 -0.70378469
v -0.91293323 0.67442977 -0.69756995
v -0.91533625 0.67660797 -0.70294844
v -0.92045879 0.67916131 -0.70082144
v -0.92217517 0.68036675 -0.70238446
v -0.92527211 0.68191171 -0.70110671
v -0.92857015 0.68475187 -0.70751671
v -0.92807925 0.68565655 -0.71519618
v -0.92489254 0.68399191 -0.71602343
v -0.92397499 0.68385196 -0.71846883
v -0.91869891 0.68109381 -0.71982549
v -0.91860569 0.68199694 -0.72604023
v -0.91620266 0.67981875 -0.72066174
v -0.91108012 0.67726541 -0.72278874
v -0.90936375 0.67605996 -0.72122572
v -0.90566909 0.66572011 -0.71758942
v -0.90827847 0.67037416 -0.72320752
v -0.9074465 0.66142654 -0.71138953
v -0.90566909 0.66572011 -0.71758942
v -0.91109741 0.66186845 -0.71109609
v -0.91250384 0.66072094 -0.70921277
v -0.91854644 0.66146016 -0.7087376
v -0.91964912 0.65789759 -0.70368384
v -0.92143655 0.66169763 -0.70835434
v -0.92743361 0.66194761 -0.70723294
v -0.92907679 0.66334569 -0.70871185
v -0.93270111 0.6635015 -0.70804052
v -0.93531048 0.66815555 -0.71365862
v -0.93353307 0.67244911 -0.71985851
v -0.92988217 0.6720072 -0.72015195
v -0.92847574 0.67315471 -0.72203527
v -0.92243314 0.67241549 -0.72251044
v -0.92133045 0.67597806 -0.7275642
v -0.91954303 0.67217803 -0.7228937
v -0.91354597 0.67192805 -0.7240151
v -0.91190279 0.67052996 -0.72253619
v -0.90545845 0.66472828 -0.7185152
v -0.90838528 0.67133534 -0.72131042
v -0.90671897 0.65725291 -0.71691434
v -0.90545845 0.66472828 -0.7185152
v -0.91021764 0.65675807 -0.71797501
v -0.91143596 0.65445304 -0.71776478
v -0.91722739 0.65364647 -0.71952383
v -0.91792107 0.64756668 -0.71810864
v -0.91998589 0.65307438 -0.72031067
v -0.92568612 0.65149796 -0.72182934
v -0.92737854 0.65319932 -0.7228698
v -0.93082404 0.65225422 -0.72378986
v -0.93375087 0.65886128 -0.72658508
v -0.93249035 0.66633666 -0.72818594
v -0.92899168 0.66683149 -0.72712527
v -0.92777336 0.66913652 -0.7273355
v -0.92198193 0.66994309 -0.72557645
v -0.92128825 0.67602289 -0.72699164
v -0.91922343 0.67051518 -0.7247896
v -0.9135232 0.6720916 -0.72327094
v -0.91183078 0.67039025 -0.72223048
v -0.90307701 0.66570497 -0.72237115
v -0.90750372 0.67205203 -0.72198157
v -0.90218687 0.65860248 -0.7253366
v -0.90307701 0.66570497 -0.72237115
v -0.90520442 0.65819097 -0.72741888
v -0.90567732 0.65601516 -0.72879146
v -0.91067564 0.65534616 -0.73223434
v -0.90965319 0.64956391 -0.73446314
v -0.91300559 0.65484846 -0.73393129
v -0.91771317 0.65344393 -0.73755769
v -0.91969872 0.65509462 -0.73797576
v -0.92254627 0.65425313 -0.74016528
v -0.92697299 0.66060019 -0.7397757
v -0.92786312 0.66770267 -0.73681025
v -0.92484558 0.66811419 -0.73472796
v -0.92437267 0.67028999 -0.73335539
v -0.91937435 0.670959 -0.7299125
v -0.9203968 0.67674124 -0.72768371
v -0.9170444 0.67145669 -0.72821556
v -0.91233683 0.67286122 -0.72458915
v -0.91035128 0.67121053 -0.72417109
v -0.89779139 0.67258036 -0.72941785
v -0.90348744 0.67733514 -0.72718631
v -0.89531314 0.6674701 -0.73468815
v -0.89779139 0.67258036 -0.72941785
v -0.89811182 0.66733313 -0.73708789
v -0.89806747 0.66580629 -0.73921119
v -0.90270627 0.66558826 -0.74317591
v -0.90040314 0.66141248 -0.74726324
v -0.90482605 0.66535401 -0.74517773
v -0.90901792 0.66459656 -0.74955265
v -0.91129911 0.66587639 -0.74954168
v -0.91383648 0.66542399 -0.75218128
v -0.91953254 0.67017877 -0.74994974
v -0.92201078 0.67528903 -0.74467944
v -0.9192121 0.67542601 -0.74227969
v -0.91925645 0.67695284 -0.7401564
v -0.91461766 0.67717087 -0.73619168
v -0.91692078 0.68134665 -0.73210435
v -0.91249788 0.67740512 -0.73418985
v -0.908306 0.67816257 -0.72981493
v -0.90602481 0.67688274 -0.7298259
v -0.89189672 0.6872077 -0.73619454
v -0.89836907 0.69005525 -0.73302715
v -0.8885411 0.6842525 -0.74252228
v -0.89189672 0.6872077 -0.73619454
v -0.89128268 0.68425608 -0.74499093
v -0.89096797 0.68339312 -0.74744008
v -0.89551365 0.68340409 -0.7515171
v -0.89249682 0.68098128 -0.75646453
v -0.89756691 0.68333316 -0.75359903
v -0.90157521 0.68302679 -0.75819527
v -0.90405655 0.68381476 -0.75794302
v -0.90648389 0.68363273 -0.76071529
v -0.91295624 0.68648028 -0.7575479
v -0.91631186 0.68943548 -0.75122015
v -0.91357028 0.68943191 -0.74875151
v -0.913885 0.69029486 -0.74630235
v -0.90933931 0.69028389 -0.74222533
v -0.91235614 0.6927067 -0.73727791
v -0.90728605 0.69035482 -0.7401434
v -0.90327775 0.69066119 -0.73554717
v -0.90079641 0.68987322 -0.73579942
v -0.88777411 0.7098788 -0.74037026
v -0.89459956 0.71082747 -0.73682813
v -0.88404357 0.70894051 -0.74709599
v -0.88777411 0.7098788 -0.74037026
v -0.88677859 0.70897937 -0.74957167
v -0.88635266 0.7087146 -0.75213878
v -0.89088809 0.70878065 -0.7562267
v -0.88756466 0.70800769 -0.76149975
v -0.89292693 0.70878756 -0.75832401
v -0.89688516 0.70875025 -0.76297335
v -0.89946246 0.7090224 -0.76261924
v -0.90185988 0.70900095 -0.76542322
v -0.90868533 0.70994961 -0.7618811
v -0.91241586 0.71088791 -0.75515537
v -0.90968084 0.71084905 -0.75267969
v -0.91010678 0.71111381 -0.75011258
v -0.90557134 0.71104777 -0.74602465
v -0.90889478 0.71182072 -0.74075161
v -0.90353251 0.71104085 -0.74392734
v -0.89957428 0.71107817 -0.739278
v -0.89699697 0.71080601 -0.73963211
v -0.88752878 0.74079084 -0.74018119
v -0.89437687 0.74005115 -0.73663293
v -0.883775 0.74158013 -0.74691312
v -0.88752878 0.74079084 -0.74018119
v -0.88651037 0.74159682 -0.74938874
v -0.88607776 0.74183166 -0.7519577
v -0.89061368 0.74185789 -0.75604545
v -0.88727117 0.74250329 -0.76132356
v -0.89265215 0.74189067 -0.75814281
v -0.89660847 0.74200058 -0.76279269
v -0.89919209 0.74180031 -0.76243691
v -0.90158832 0.74186599 -0.76524125
v -0.90843642 0.7411263 -0.76169299
v -0.9121902 0.74033701 -0.75496106
v -0.90945482 0.74032032 -0.75248544
v -0.90988743 0.74008548 -0.74991648
v -0.90535152 0.74005926 -0.74582873
v -0.90869403 0.73941386 -0.74055062
v -0.90331304 0.74002647 -0.74373136
v -0.89935672 0.73991656 -0.73908149
v -0.8967731 0.74011683 -0.73943727
v -0.89299238 0.77846813 -0.73435329
v -0.89975429 0.77674532 -0.73098557
v -0.88936913 0.7807467 -0.74081193
v -0.89299238 0.77846813 -0.73435329
v -0.89213777 0.78114355 -0.74321775
v -0.89175141 0.78190589 -0.74568985
v -0.89634228 0.78255892 -0.74966256
v -0.8931036 0.78438818 -0.75472341
v -0.89841008 0.78292501 -0.75169878
v -0.90243316 0.78379691 -0.75620876
v -0.90500128 0.7834208 -0.75588529
v -0.9074378 0.78394556 -0.75860529
v -0.91419971 0.78222275 -0.75523756
v -0.91782296 0.77994418 -0.74877892
v -0.91505432 0.77954733 -0.7463731
v -0.91544068 0.77878499 -0.743901
v -0.91084981 0.77813196 -0.73992829
v -0.91408849 0.7763027 -0.73486744
v -0.90878201 0.77776587 -0.73789208
v -0.90475893 0.77689397 -0.73338209
v -0.9021908 0.77727008 -0.73370557
v -0.89650917 0.82456577 -0.71421067
v -0.90326619 0.82275057 -0.71088187
v -0.89294279 0.82792628 -0.72021239
v -0.89650917 0.82456577 -0.71421067
v -0.89575362 0.82912505 -0.72227965
v -0.89539409 0.83039844 -0.72453593
v -0.90005469 0.83237755 -0.72794877
v -0.89685845 0.83501589 -0.73266797
v -0.90215671 0.8333956 -0.72970967
v -0.90625274 0.83565772 -0.73363267
v -0.90883029 0.83545864 -0.73323445
v -0.91131091 0.83682275 -0.73560004
v -0.91806793 0.83500755 -0.73227124
v -0.92163432 0.83164704 -0.72626953
v -0.91882348 0.83044827 -0.72420226
v -0.91918302 0.82917488 -0.72194599
v -0.91452241 0.82719576 -0.71853314
v -0.91771865 0.82455742 -0.71381395
v -0.91242039 0.82617772 -0.71677224
v -0.90832436 0.8239156 -0.71284924
v -0.90574682 0.82411468 -0.71324746
v -0.89038992 0.88181961 -0.67331682
v -0.89713264 0.88018179 -0.66986905
v -0.88678169 0.8856982 -0.67897104
v -0.89038992 0.88181961 -0.67331682
v -0.88954616 0.88746798 -0.68065505
v -0.88916314 0.88903153 -0.68271671
v -0.89374721 0.89195561 -0.68549554
v -0.89052105 0.89496315 -0.68996702
v -0.89581203 0.89343178 -0.68694906
v -0.8998301 0.89665735 -0.69022559
v -0.90239203 0.89665151 -0.68969773
v -0.90482545 0.89859772 -0.69167279
v -0.91156816 0.8969599 -0.68822502
v -0.91517639 0.89308131 -0.6825708
v -0.91241193 0.89131153 -0.68088679
v -0.91279495 0.88974798 -0.67882513
v -0.90821087 0.88682389 -0.6760463
v -0.91143703 0.88381636 -0.67157482
v -0.90614605 0.88534772 -0.67459278
v -0.90212798 0.88212216 -0.67131625
v -0.89956605 0.882128 -0.67184411
v -0.87576389 0.94846815 -0.61527227
v -0.88248217 0.94694841 -0.61172424
v -0.87211406 0.95254791 -0.6207556
v -0.87576389 0.94846815 -0.61527227
v -0.87482405 0.95458108 -0.62221597
v -0.87441564 0.95626742 -0.62417333
v -0.87890959 0.95962715 -0.62658207
v -0.8756547 0.9627741 -0.63093524
v -0.8809309 0.96131361 -0.62785707
v -0.88485789 0.96497947 -0.63075964
v -0.88739932 0.96507269 -0.63014762
v -0.88977778 0.96728492 -0.63189672
v -0.89649606 0.96576518 -0.62834869
v -0.90014589 0.96168542 -0.62286536
v -0.8974359 0.95965225 -0.62140499
v -0.89784431 0.95796591 -0.61944763
v -0.89335036 0.95460618 -0.61703889
v -0.89660525 0.95145923 -0.61268573
v -0.89132905 0.95291972 -0.61576389
v -0.88740206 0.94925386 -0.61286132
v -0.88486063 0.94916064 -0.61347334
v -0.85400438 1.02170658 -0.5447921
v -0.86069334 1.02028757 -0.54114829
v -0.85033453 1.02585542 -0.55020975
v -0.85400438 1.02170658 -0.5447921
v -0.85300338 1.02803004 -0.55153583
v -0.85257924 1.02977091 -0.55344139
v -0.85700512 1.03336471 -0.55562781
v -0.85373783 1.03655457 -0.55994014
v -0.85899401 1.0351631 -0.55679642
v -0.86285365 1.03906137 -0.55947833
v -0.86537647 1.03921819 -0.55880593
v -0.86771429 1.04157084 -0.56042169
v -0.87440324 1.04015183 -0.55677788
v -0.8780731 1.03600299 -0.55136023
v -0.87540424 1.03382838 -0.55003415
v -0.87582839 1.0320875 -0.54812859
v -0.8714025 1.0284937 -0.54594217
v -0.87466979 1.02530384 -0.54162984
v -0.86941361 1.02669531 -0.54477356
v -0.86555398 1.02279705 -0.54209165
v -0.86303115 1.02264023 -0.54276405
v -0.82657778 1.09924006 -0.46645384
v -0.83323109 1.09792328 -0.46270768
v -0.82290983 1.10338336 -0.47187708
v -0.82657778 1.09924006 -0.46645384
v -0.82555008 1.10563987 -0.47312109
v -0.8251195 1.10739899 -0.47500835
v -0.82949805 1.11112839 -0.47705899
v -0.82623506 1.11430579 -0.48138385
v -0.83146465 1.1129905 -0.47816382
v -0.83527887 1.1170184 -0.48071586
v -0.83778465 1.11722416 -0.4799944
v -0.84009492 1.11965525 -0.48153166
v -0.84674823 1.11833847 -0.47778551
v -0.85041618 1.11419517 -0.47236226
v -0.84777594 1.11193866 -0.47111826
v -0.84820652 1.11017954 -0.46923099
v -0.84382796 1.10645014 -0.46718036
v -0.84709096 1.10327274 -0.4628555
v -0.84186137 1.10458803 -0.46607552
v -0.83804715 1.10056013 -0.46352349
v -0.83554137 1.10035437 -0.46424495
v -0.79495478 1.17893219 -0.3847544
v -0.80156195 1.17773217 -0.38088946
v -0.7913121 1.18301129 -0.39024304
v -0.79495478 1.17893219 -0.3847544
v -0.79393411 1.18531418 -0.39143984
v -0.7935065 1.18706584 -0.39333473
v -0.79785466 1.19087219 -0.39530705
v -0.7946142 1.19399244 -0.39969008
v -0.79980767 1.19276881 -0.39637671
v -0.80359542 1.19686383 -0.3988605
v -0.8060838 1.19711357 -0.39809428
v -0.8083781 1.19958526 -0.39959018
v -0.81498528 1.19838524 -0.39572524
v -0.81862795 1.19430614 -0.3902366
v -0.81600595 1.19200325 -0.3890398
v -0.81643355 1.19025159 -0.38714491
v -0.81208539 1.18644524 -0.38517259
v -0.81532586 1.18332499 -0.38078956
v -0.81013238 1.18454862 -0.38410293
v -0.80634463 1.1804536 -0.38161914
v -0.80385625 1.18020386 -0.38238536
v -0.76059949 1.2587086 -0.30414973
v -0.76714373 1.2576552 -0.3001378
v -0.75701165 1.26266009 -0.30976628
v -0.76059949 1.2587086 -0.30414973
v -0.75962496 1.26498312 -0.31094287
v -0.75921118 1.26670235 -0.31287031
v -0.76354504 1.27054232 -0.31480889
v -0.76035023 1.27355599 -0.31929879
v -0.76549256 1.27245152 -0.31586598
v -0.76927233 1.27656507 -0.31833111
v -0.77174127 1.27686048 -0.31751917
v -0.77403069 1.27934355 -0.31900363
v -0.78057492 1.27829015 -0.3149917
v -0.78416276 1.27433866 -0.30937515
v -0.78154945 1.27201563 -0.30819856
v -0.78196323 1.27029639 -0.30627112
v -0.77762938 1.26645643 -0.30433254
v -0.78082418 1.26344275 -0.29984264
v -0.77568185 1.26454723 -0.30327545
v -0.77190208 1.26043367 -0.30081032
v -0.76943314 1.26013827 -0.30162226
v -0.72509253 1.33663857 -0.22898351
v -0.73154068 1.33578336 -0.22478186
v -0.72160172 1.34037274 -0.23480736
v -0.72509253 1.33663857 -0.22898351
v -0.72421324 1.34268677 -0.23599203
v -0.72382736 1.34434021 -0.23798193
v -0.72815788 1.34816563 -0.2399336
v -0.7250427 1.35100186 -0.24459274
v -0.73010647 1.35006237 -0.2410021
v -0.73389363 1.35413879 -0.24350183
v -0.73633564 1.35448682 -0.24263938
v -0.73862958 1.35694772 -0.24414451
v -0.74507833 1.35609293 -0.23994254
v -0.74856889 1.35235864 -0.23411883
v -0.74595726 1.35004443 -0.23293428
v -0.7463429 1.34839076 -0.23094447
v -0.74201214 1.34456521 -0.22899295
v -0.74512672 1.34172851 -0.22433423
v -0.74006355 1.34266847 -0.22792445
v -0.73627639 1.33859205 -0.22542475
v -0.73383451 1.3382442 -0.22628708
v -0.69039404 1.41117293 -0.16330205
v -0.69669342 1.41062164 -0.15883683
v -0.68707073 1.41453379 -0.1694489
v -0.69039404 1.41117293 -0.16330205
v -0.68969262 1.41680157 -0.17067324
v -0.689358 1.4183346 -0.1727673
v -0.69370544 1.4220838 -0.17478423
v -0.69072592 1.4246183 -0.17970462
v -0.69566607 1.42393506 -0.17589186
v -0.69948697 1.42789787 -0.17848928
v -0.70189035 1.42831817 -0.17756401
v -0.70420432 1.43071064 -0.17912798
v -0.71050394 1.43015966 -0.17466258
v -0.71382678 1.42679828 -0.16851608
v -0.71120536 1.42453098 -0.16729142
v -0.71153951 1.42299759 -0.16519757
v -0.70719254 1.41924876 -0.16318034
v -0.71017027 1.41671282 -0.15826119
v -0.7052319 1.41739756 -0.16207267
v -0.70141077 1.41343451 -0.15947546
v -0.69900763 1.41301447 -0.16040052
v -0.65758812 1.48013449 -0.11170088
v -0.6636318 1.48011529 -0.10685138
v -0.65458012 1.48281029 -0.11834325
v -0.65758812 1.48013449 -0.11170088
v -0.65724301 1.48497081 -0.11964555
v -0.65701056 1.48627755 -0.1219034
v -0.66142511 1.48985028 -0.12404869
v -0.65870011 1.49183339 -0.12936781
v -0.66342545 1.49160078 -0.12522955
v -0.66734433 1.49532035 -0.12800358
v -0.66968751 1.49586058 -0.12699185
v -0.67206013 1.49810666 -0.12866209
v -0.67810369 1.49808732 -0.12381272
v -0.68111062 1.49541056 -0.11717109
v -0.67844856 1.49325091 -0.11586811
v -0.67868066 1.49194375 -0.11361055
v -0.67426717 1.48837188 -0.1114646
v -0.67698956 1.4863866 -0.10614724
v -0.67226696 1.48662153 -0.11028363
v -0.66834784 1.48290175 -0.10750978
v -0.66600502 1.48236185 -0.10852124
v -0.62756383 1.54152101 -0.07884617
v -0.63308609 1.54257211 -0.0734749
v -0.62523508 1.54278189 -0.08618028
v -0.62756383 1.54152101 -0.07884617
v -0.62800992 1.54469654 -0.08760397
v -0.62800324 1.54553011 -0.09009345
v -0.63260186 1.54869819 -0.09243847
v -0.63042343 1.54954576 -0.09831242
v -0.63470638 1.55022177 -0.09373115
v -0.63887513 1.5534009 -0.09677126
v -0.64110196 1.55417475 -0.0956461
v -0.64362514 1.55609548 -0.0974765
v -0.6491462 1.55714545 -0.09210615
v -0.65147257 1.5558826 -0.08477362
v -0.64869905 1.55396909 -0.08334903
v -0.64870512 1.55313504 -0.08085991
v -0.6441083 1.54996845 -0.07851373
v -0.64628422 1.54911873 -0.07264148
v -0.64200425 1.54844528 -0.07722069
v -0.6378361 1.54526657 -0.07418026
v -0.63560951 1.54449302 -0.07530521
v -0.60148776 1.59301245 -0.06980874
v -0.6063208 1.59545928 -0.06418343
v -0.60010386 1.59234977 -0.0774949
v -0.60148776 1.59301245 -0.06980874
v -0.6030643 1.59387976 -0.07899027
v -0.60337913 1.59405783 -0.08159988
v -0.60828364 1.59659249 -0.08406277
v -0.60686284 1.59590158 -0.09021764
v -0.6105566 1.59776849 -0.08541997
v -0.61512113 1.60013294 -0.08861081
v -0.61720401 1.60119516 -0.08743374
v -0.61996537 1.60262546 -0.08935492
v -0.62479544 1.60506976 -0.08373167
v -0.6261754 1.6057291 -0.07604815
v -0.62321645 1.60420042 -0.07455178
v -0.62290108 1.60402188 -0.07194252
v -0.61799902 1.60148931 -0.06947796
v -0.61941832 1.6021789 -0.06332414
v -0.61572701 1.60031411 -0.06812014
v -0.61116421 1.59795111 -0.0649281
v -0.60908151 1.59688905 -0.06610505
v -0.58016068 1.63636497 -0.07563634
v -0.58464801 1.63953465 -0.07006375
v -0.5793162 1.63457033 -0.083241
v -0.58016068 1.63636497 -0.07563634
v -0.58242309 1.6357908 -0.08471455
v -0.58293134 1.63556296 -0.08729495
v -0.58807766 1.63758713 -0.08972184
v -0.58708543 1.6359989 -0.0958115
v -0.59047836 1.63849375 -0.09105994
v -0.59533328 1.64024654 -0.09420727
v -0.59735751 1.64143029 -0.09303938
v -0.60029393 1.642492 -0.09493433
v -0.60477746 1.64565843 -0.08936436
v -0.60561717 1.64744902 -0.08176298
v -0.60251182 1.64622986 -0.08028837
v -0.60200304 1.64645723 -0.07770835
v -0.59685946 1.64443541 -0.07527955
v -0.59785068 1.6460228 -0.06919055
v -0.59445995 1.64352983 -0.07394065
v -0.58960742 1.64177907 -0.07079165
v -0.5875833 1.64059541 -0.07195948
v -0.56251204 1.67564261 -0.08381717
v -0.56691098 1.67901996 -0.07828416
v -0.5618633 1.67340159 -0.09133165
v -0.56251204 1.67564261 -0.08381717
v -0.56505531 1.67443457 -0.09276472
v -0.56564134 1.67403078 -0.09530891
v -0.57092685 1.67574549 -0.09767027
v -0.57008761 1.67380962 -0.10368924
v -0.5733974 1.676495 -0.09897576
v -0.5784049 1.67790285 -0.10205232
v -0.58042455 1.67909682 -0.10088654
v -0.58345288 1.67995043 -0.10273884
v -0.58784449 1.68332466 -0.09721152
v -0.58848709 1.68556145 -0.08970158
v -0.58529902 1.68452951 -0.08826523
v -0.58471262 1.6849328 -0.08572121
v -0.57943261 1.6832203 -0.08335559
v -0.58027041 1.68515544 -0.07733767
v -0.57696378 1.6824718 -0.08204876
v -0.57195902 1.6810662 -0.07897033
v -0.56993902 1.67987236 -0.08013643
v -0.54738802 1.71125944 -0.09440516
v -0.55164772 1.71498229 -0.08896802
v -0.54696989 1.70847191 -0.10175835
v -0.54738802 1.71125944 -0.09440516
v -0.55023164 1.70935246 -0.10314144
v -0.55090213 1.70875192 -0.10562633
v -0.55630261 1.71021518 -0.10790528
v -0.55564588 1.70784619 -0.1137967
v -0.55883324 1.71083228 -0.1091678
v -0.56397551 1.71193998 -0.11214827
v -0.5659737 1.71319102 -0.11099698
v -0.56908208 1.71386386 -0.11279245
v -0.57333064 1.71758384 -0.1073644
v -0.57374173 1.72036706 -0.10001649
v -0.5704869 1.71948728 -0.09862752
v -0.56981659 1.72008725 -0.09614237
v -0.56442446 1.71862593 -0.0938565
v -0.56507981 1.72099426 -0.08796613
v -0.56189632 1.71800983 -0.09259199
v -0.55675662 1.71690448 -0.08960976
v -0.55475742 1.71565366 -0.09076206
v -0.53392273 1.74311313 -0.1074055
v -0.53797638 1.74733074 -0.10216661
v -0.53377771 1.7396881 -0.11449631
v -0.53392273 1.74311313 -0.1074055
v -0.53708726 1.74046843 -0.11583386
v -0.53784919 1.73965722 -0.11823104
v -0.54332805 1.74095562 -0.12043516
v -0.54289061 1.7380738 -0.12611593
v -0.54590261 1.74147874 -0.12165575
v -0.55114949 1.74235968 -0.12453626
v -0.55310255 1.74372219 -0.12342842
v -0.55627388 1.74425864 -0.12516378
v -0.56031638 1.74847336 -0.11993398
v -0.56045508 1.751894 -0.1128477
v -0.55715257 1.75111443 -0.11150424
v -0.556391 1.75192505 -0.10910662
v -0.55092037 1.75062862 -0.1068957
v -0.55135703 1.75350975 -0.10121547
v -0.54834819 1.75010651 -0.10567327
v -0.54310364 1.74922797 -0.10279126
v -0.54114926 1.74786569 -0.10390027
v -0.5212602 1.77111433 -0.12279309
v -0.52502733 1.77596226 -0.11789982
v -0.52143914 1.76699141 -0.12949531
v -0.5212602 1.77111433 -0.12279309
v -0.52476972 1.767737 -0.13080917
v -0.52563137 1.76671337 -0.13308705
v -0.53114456 1.76795547 -0.1352527
v -0.53097039 1.76450484 -0.1406175
v -0.53374356 1.76843409 -0.13644524
v -0.53905803 1.76918608 -0.13924719
v -0.54093719 1.77071407 -0.13822891
v -0.54414904 1.77117331 -0.13991718
v -0.54790568 1.77601847 -0.13503255
v -0.54772139 1.78013702 -0.12833397
v -0.54439765 1.77939218 -0.12701435
v -0.54353654 1.78041521 -0.12473579
v -0.53803116 1.77917506 -0.12256379
v -0.53820485 1.78262481 -0.1171992
v -0.53543425 1.77869742 -0.12136959
v -0.53012168 1.77794778 -0.11856656
v -0.52824104 1.77642003 -0.11958615
v -0.50854731 1.79521109 -0.14052851
v -0.51193178 1.80077447 -0.13616277
v -0.50910866 1.79038645 -0.14670719
v -0.50854731 1.79521109 -0.14052851
v -0.51242638 1.79116611 -0.14804144
v -0.51339656 1.78994565 -0.15017135
v -0.51888782 1.79124539 -0.1523716
v -0.51902789 1.78721604 -0.15730558
v -0.52148646 1.7917331 -0.15356691
v -0.52682078 1.79246522 -0.15634607
v -0.52859122 1.79419969 -0.15547849
v -0.53181475 1.79464771 -0.1571535
v -0.53518969 1.80020861 -0.15279551
v -0.53462434 1.80502894 -0.14661945
v -0.53131294 1.80424995 -0.14527981
v -0.53034335 1.80546974 -0.14314918
v -0.52485913 1.80417186 -0.14094318
v -0.52471876 1.80820002 -0.13600917
v -0.52226239 1.80368506 -0.13974644
v -0.51692921 1.80295517 -0.13696678
v -0.51515734 1.80122105 -0.13783561
v -0.4949314 1.81541336 -0.16058467
v -0.49782819 1.8216899 -0.15692736
v -0.49593163 1.80995813 -0.16612999
v -0.4949314 1.81541336 -0.16058467
v -0.49919385 1.81082787 -0.16754811
v -0.50027883 1.80944492 -0.1695133
v -0.50567758 1.81089491 -0.17185356
v -0.50618219 1.8063397 -0.17626067
v -0.50824392 1.81143713 -0.17309843
v -0.51353663 1.81224604 -0.17594405
v -0.51515865 1.81420051 -0.17529325
v -0.51835656 1.81469565 -0.17700897
v -0.52124548 1.82097016 -0.17335816
v -0.52024239 1.82642116 -0.16781442
v -0.51698565 1.82555198 -0.16639154
v -0.51590145 1.82693414 -0.16442554
v -0.5105086 1.82548584 -0.16208042
v -0.51000369 1.8300395 -0.15767325
v -0.50794375 1.82494448 -0.16083445
v -0.50265157 1.82413768 -0.15798883
v -0.50102836 1.82218365 -0.15864082
v -0.47954267 1.83179405 -0.18299104
v -0.4818601 1.83868221 -0.18016748
v -0.48101801 1.82584708 -0.18785806
v -0.47954267 1.83179405 -0.18299104
v -0.48417652 1.82683413 -0.18942912
v -0.48537499 1.82533596 -0.19123317
v -0.49060124 1.8269811 -0.19382764
v -0.49150461 1.82201127 -0.19766419
v -0.49309874 1.82760253 -0.19517462
v -0.49827683 1.82854633 -0.19819151
v -0.49971294 1.83069967 -0.19780932
v -0.50284129 1.83127695 -0.19962923
v -0.50515264 1.83816369 -0.1968105
v -0.50367576 1.84410639 -0.19194429
v -0.50052178 1.84311968 -0.19036929
v -0.49932396 1.84461697 -0.18856449
v -0.49410236 1.84297325 -0.18596624
v -0.49319851 1.84794116 -0.1821297
v -0.491606 1.84235261 -0.18461849
v -0.48642784 1.8414108 -0.18160202
v -0.48499072 1.83925804 -0.18198521
v -0.46146876 1.84445023 -0.2078592
v -0.46315628 1.85178031 -0.20589615
v -0.46341825 1.83817843 -0.2120889
v -0.46146876 1.84445023 -0.2078592
v -0.46642894 1.83927564 -0.21386801
v -0.46772933 1.83770985 -0.21553566
v -0.47270852 1.83953957 -0.21847342
v -0.47401285 1.83429386 -0.22176595
v -0.47510195 1.84023959 -0.21996547
v -0.4800936 1.84132622 -0.22324334
v -0.48131853 1.84363005 -0.22315066
v -0.48433393 1.8442941 -0.22512887
v -0.48601675 1.85162369 -0.22316854
v -0.48406869 1.85788962 -0.21894126
v -0.48106253 1.85679157 -0.21716042
v -0.47976273 1.85835625 -0.21549238
v -0.47478694 1.85652764 -0.21255191
v -0.47348189 1.86177113 -0.20925952
v -0.47239411 1.85582831 -0.21105947
v -0.46740156 1.85474404 -0.20778166
v -0.46617562 1.85244125 -0.2078747
v -0.43975097 1.85344161 -0.23536502
v -0.44081402 1.86103438 -0.23419015
v -0.44213009 1.84699473 -0.23906343
v -0.43975097 1.85344161 -0.23536502
v -0.44496232 1.84817164 -0.24107681
v -0.44634479 1.84657402 -0.24264611
v -0.45102674 1.84853718 -0.24597095
v -0.45269835 1.84314148 -0.24880357
v -0.45329028 1.84929638 -0.24763016
v -0.45804012 1.85049482 -0.25121944
v -0.45904714 1.85289212 -0.25140251
v -0.46191609 1.85362405 -0.25356932
v -0.46297616 1.86121703 -0.25239544
v -0.46060181 1.86765596 -0.24870194
v -0.45777524 1.86647597 -0.24669059
v -0.45639449 1.86807129 -0.24512257
v -0.45171672 1.86610722 -0.24179856
v -0.45004338 1.87150119 -0.23896517
v -0.44945258 1.86534936 -0.2401381
v -0.4446975 1.86415655 -0.23654442
v -0.44368893 1.86176101 -0.23636056
v -0.41340357 1.85876343 -0.26569276
v -0.41389626 1.86647608 -0.26517399
v -0.41613907 1.85224518 -0.26899262
v -0.41340357 1.85876343 -0.26569276
v -0.41877902 1.85346537 -0.27123646
v -0.42021894 1.85185742 -0.27274521
v -0.42458236 1.85389238 -0.27645211
v -0.42656451 1.848434 -0.27893572
v -0.42670536 1.85468356 -0.27828081
v -0.43118632 1.85594477 -0.28219225
v -0.43198729 1.85838661 -0.28261401
v -0.43469185 1.85915801 -0.2849739
v -0.43518329 1.86687132 -0.28445481
v -0.43245608 1.8733792 -0.28116314
v -0.42982209 1.87215441 -0.27892397
v -0.42838418 1.87375962 -0.27741723
v -0.42402357 1.8717235 -0.27371193
v -0.42203969 1.8771802 -0.27122752
v -0.42189956 1.87093367 -0.27188213
v -0.41741168 1.86967948 -0.26796429
v -0.41660893 1.86723988 -0.26754101
v -0.38141501 1.86034402 -0.29902659
v -0.38162309 1.86808086 -0.29880272
v -0.38422865 1.85382102 -0.30225687
v -0.38141501 1.86034402 -0.29902659
v -0.38669151 1.85505778 -0.30469333
v -0.38811129 1.85345247 -0.30622856
v -0.39218169 1.85551486 -0.31025444
v -0.39424539 1.85005102 -0.31266211
v -0.39416909 1.85631885 -0.31223141
v -0.39837766 1.85760595 -0.3164417
v -0.3990556 1.86005867 -0.31699346
v -0.40159571 1.86084578 -0.31953399
v -0.40180343 1.86858331 -0.31930934
v -0.39899802 1.87509589 -0.31608747
v -0.39653993 1.87385449 -0.31365608
v -0.39512193 1.87545707 -0.31212293
v -0.39105326 1.87339347 -0.30809902
v -0.38898844 1.87885571 -0.30569015
v -0.38906485 1.87259082 -0.30612098
v -0.38484979 1.87131077 -0.30190413
v -0.38417029 1.8688603 -0.30135064
v -0.34377491 1.8619485 -0.33341132
v -0.3441453 1.86967532 -0.33304106
v -0.34623301 1.85544981 -0.33697496
v -0.34377491 1.8619485 -0.33341132
v -0.34854347 1.85669783 -0.33955877
v -0.34982276 1.85510237 -0.34122698
v -0.35364205 1.85718341 -0.34549604
v -0.35542995 1.85173845 -0.3481624
v -0.35550225 1.8579968 -0.34759621
v -0.35943228 1.85930446 -0.35207556
v -0.36011672 1.86175725 -0.35262398
v -0.36248893 1.86255677 -0.35532676
v -0.36285853 1.87028425 -0.3549559
v -0.36040759 1.87677252 -0.35140096
v -0.35810101 1.87551981 -0.34882264
v -0.35682362 1.87711255 -0.34715639
v -0.35300571 1.87503029 -0.34288941
v -0.35121775 1.88047376 -0.34022151
v -0.35114455 1.87421823 -0.34078829
v -0.34720927 1.87291768 -0.33630185
v -0.3465234 1.87046712 -0.3357517
v -0.30159396 1.86676439 -0.3661363
v -0.30227005 1.87445807 -0.36552928
v -0.30353719 1.86032411 -0.37010865
v -0.30159396 1.86676439 -0.3661363
v -0.30568767 1.86159158 -0.37282495
v -0.3067776 1.86001793 -0.37464486
v -0.31033307 1.86213112 -0.37913255
v -0.31171602 1.8567322 -0.38212059
v -0.31205606 1.86296114 -0.38134591
v -0.31567818 1.86430597 -0.38607888
v -0.31640661 1.86675449 -0.38659535
v -0.31859356 1.86757643 -0.38945101
v -0.31926811 1.87527074 -0.38884364
v -0.31733042 1.8817006 -0.38488041
v -0.31518334 1.88042841 -0.38216971
v -0.31409514 1.88199935 -0.38035189
v -0.31054097 1.87988494 -0.3758664
v -0.30915964 1.88528246 -0.37287615
v -0.30881739 1.87905626 -0.37365179
v -0.30519152 1.87771857 -0.36891137
v -0.30446154 1.87527225 -0.36839323
v -0.25553793 1.87383404 -0.39624886
v -0.25641626 1.88149724 -0.39551066
v -0.25703198 1.86746445 -0.40052216
v -0.25553793 1.87383404 -0.39624886
v -0.25898772 1.86876362 -0.40337245
v -0.25989944 1.86721835 -0.40531282
v -0.26313406 1.86938391 -0.41002147
v -0.26416874 1.86403989 -0.41324292
v -0.26469463 1.87024041 -0.41234665
v -0.2679612 1.87164316 -0.41732411
v -0.26869643 1.87409126 -0.41783808
v -0.2706691 1.87494815 -0.42084102
v -0.27154523 1.88261196 -0.42010258
v -0.27005559 1.88897113 -0.41583864
v -0.26810217 1.88766723 -0.41299431
v -0.26719213 1.88920981 -0.41105609
v -0.26395851 1.887043 -0.40634964
v -0.26292682 1.8923857 -0.40312551
v -0.26239771 1.88618784 -0.40402333
v -0.25912869 1.88479225 -0.399038
v -0.25839198 1.88234634 -0.39852242
v -0.20623708 1.88221924 -0.42283933
v -0.20722002 1.88986443 -0.42204551
v -0.20732957 1.87592064 -0.42733471
v -0.20623708 1.88221924 -0.42283933
v -0.20904714 1.87726231 -0.43031846
v -0.20978385 1.87574811 -0.43235599
v -0.21262538 1.87798393 -0.43728529
v -0.21335512 1.872694 -0.44067542
v -0.21399087 1.87887533 -0.4397199
v -0.21683753 1.88035322 -0.44493274
v -0.21754169 1.88280706 -0.44546507
v -0.21926129 1.88370931 -0.44861005
v -0.22024202 1.89135509 -0.447816
v -0.21915275 1.89764327 -0.44333027
v -0.21743637 1.89629686 -0.44035272
v -0.21670115 1.89780838 -0.43831722
v -0.21386015 1.89557131 -0.43339054
v -0.21313471 1.90085997 -0.42999725
v -0.21249461 1.89468125 -0.43095468
v -0.20964682 1.89321054 -0.42573361
v -0.2089411 1.89075888 -0.42519961
v -0.15432727 1.89098245 -0.44500957
v -0.15531725 1.89862573 -0.44421308
v -0.15505189 1.88474873 -0.44966577
v -0.15432727 1.89098245 -0.44500957
v -0.15647602 1.88614155 -0.45277826
v -0.15703422 1.88465874 -0.45489399
v -0.15939128 1.88697913 -0.46003596
v -0.15984905 1.88173744 -0.46354519
v -0.16051948 1.88791201 -0.46257465
v -0.16286236 1.88947812 -0.46800886
v -0.16349459 1.89194434 -0.4685729
v -0.16491044 1.89289985 -0.47185145
v -0.16589814 1.9005437 -0.47105478
v -0.16517556 1.90676701 -0.46640842
v -0.16375136 1.90536947 -0.46330248
v -0.16319448 1.90684961 -0.46118878
v -0.16083717 1.90452798 -0.45604961
v -0.16038501 1.90976842 -0.45253681
v -0.15970898 1.90359644 -0.45350955
v -0.15736651 1.90203751 -0.44806682
v -0.15673292 1.89957346 -0.44750117
v -0.10044113 1.89919186 -0.46188127
v -0.10133463 1.9068487 -0.46111481
v -0.1008217 1.89301265 -0.46664749
v -0.10044113 1.89919186 -0.46188127
v -0.10188437 1.89446126 -0.4698749
v -0.10225436 1.89300793 -0.47205077
v -0.10401425 1.89542059 -0.47738265
v -0.10422608 1.89021814 -0.48097073
v -0.10485277 1.8963983 -0.48001353
v -0.10658607 1.89805888 -0.48564182
v -0.10710073 1.90054292 -0.48624317
v -0.10814881 1.90155548 -0.48963897
v -0.10904041 1.90921285 -0.48887216
v -0.10866061 1.91538167 -0.48411588
v -0.10759634 1.9139284 -0.48089539
v -0.10722741 1.91537905 -0.4787216
v -0.1054664 1.9129652 -0.47339259
v -0.10526142 1.91816636 -0.46980064
v -0.10462806 1.91198885 -0.47076039
v -0.10289654 1.91033541 -0.46512334
v -0.10238072 1.90785354 -0.46452044
v -0.04519311 1.90592816 -0.47260348
v -0.04587764 1.91360893 -0.47187649
v -0.04524845 1.89978934 -0.47743414
v -0.04519311 1.90592816 -0.47260348
v -0.04586992 1.90129105 -0.48074745
v -0.04603797 1.8998624 -0.48296295
v -0.04706874 1.90236286 -0.48843686
v -0.04705778 1.8971883 -0.49206929
v -0.04755598 1.90338291 -0.4911363
v -0.04855517 1.90513209 -0.49690776
v -0.04890111 1.90763612 -0.49754159
v -0.04950616 1.90870217 -0.50102393
v -0.05018941 1.91638341 -0.50029658
v -0.05013359 1.92251189 -0.49547587
v -0.04950872 1.92100565 -0.49216972
v -0.04934144 1.92243163 -0.4899563
v -0.04830846 1.91993008 -0.48448561
v -0.04832742 1.92510325 -0.48084895
v -0.04782146 1.91891139 -0.48178481
v -0.04682556 1.91716926 -0.47600435
v -0.04647872 1.91466738 -0.4753689
v 0.01084524 1.91029111 -0.47635393
v 0.01048806 1.91799551 -0.47564708
v 0.0110954 1.90417492 -0.48120587
v 0.01084524 1.91029111 -0.47635393
v 0.01099905 1.905715 -0.48455356
v 0.01104766 1.90430226 -0.48678361
v 0.01088506 1.90686611 -0.49231432
v 0.01109436 1.90170624 -0.49596064
v 0.01081392 1.90791654 -0.495041
v 0.01068023 1.90972888 -0.50086926
v 0.01055682 1.91224907 -0.50151734
v 0.01047423 1.91335322 -0.50503384
v 0.01011747 1.92105797 -0.50432669
v 0.00986913 1.92716396 -0.4994847
v 0.00997078 1.92561958 -0.49614434
v 0.00992179 1.9270297 -0.49391638
v 0.01008794 1.92446492 -0.48838894
v 0.00986946 1.92962323 -0.48473792
v 0.01015875 1.92341585 -0.48566084
v 0.01028761 1.92161037 -0.47982357
v 0.0104115 1.91909231 -0.47917388
v 0.06717777 1.91139978 -0.47232257
v 0.06725952 1.91911092 -0.4715821
v 0.06770623 1.90528558 -0.47715537
v 0.06717777 1.91139978 -0.47232257
v 0.0682072 1.90683301 -0.48045932
v 0.06848198 1.90542259 -0.48267315
v 0.06930697 1.90799841 -0.48813145
v 0.06968543 1.90283925 -0.49176644
v 0.06970751 1.90905445 -0.49082361
v 0.07055125 1.91087821 -0.49658029
v 0.07069936 1.91340201 -0.49720816
v 0.07120684 1.91451294 -0.50068139
v 0.07128802 1.92222427 -0.4999408
v 0.07076269 1.92832852 -0.49511765
v 0.07026908 1.9267772 -0.49182104
v 0.06999433 1.92818507 -0.48960905
v 0.06917417 1.92560859 -0.48415403
v 0.06878546 1.93076594 -0.48051427
v 0.06877327 1.92455389 -0.48146062
v 0.06792313 1.92273668 -0.47569494
v 0.06777516 1.92021493 -0.47506563
v 0.123404 1.90837705 -0.45966558
v 0.12400658 1.91605905 -0.45880632
v 0.12417123 1.90224392 -0.46444617
v 0.123404 1.90837705 -0.45966558
v 0.12530668 1.90375133 -0.4676073
v 0.12580517 1.90232558 -0.46977107
v 0.12767938 1.90483486 -0.47499315
v 0.12819107 1.89966376 -0.47859924
v 0.12857966 1.90585899 -0.47757284
v 0.13045579 1.90761634 -0.48309706
v 0.13090755 1.91012181 -0.48365621
v 0.13203849 1.91119243 -0.48698901
v 0.13263959 1.91887435 -0.48612975
v 0.13187677 1.92499796 -0.48135839
v 0.13075061 1.92348725 -0.4782043
v 0.13025248 1.92491057 -0.47604232
v 0.12838441 1.92240101 -0.47082333
v 0.12786138 1.92756997 -0.4672123
v 0.12748374 1.92137819 -0.46824245
v 0.12559971 1.91962692 -0.46270947
v 0.12514772 1.91712339 -0.46214895
v 0.1791884 1.90031839 -0.43744276
v 0.18034099 1.90792173 -0.43636458
v 0.18014313 1.89414915 -0.44215123
v 0.1791884 1.90031839 -0.43744276
v 0.18189602 1.89556072 -0.44506882
v 0.18259908 1.89410104 -0.44715254
v 0.18549466 1.89645131 -0.45197169
v 0.18609922 1.89125951 -0.45554243
v 0.18688017 1.89739952 -0.45435993
v 0.18975659 1.89899963 -0.45948975
v 0.19051588 1.90145894 -0.45992707
v 0.19225092 1.90243429 -0.4630215
v 0.19340138 1.91003723 -0.46194367
v 0.19245209 1.91619751 -0.4572439
v 0.19071016 1.9147834 -0.45433287
v 0.19000772 1.91624081 -0.45225082
v 0.18711944 1.91389075 -0.44743441
v 0.18650235 1.91908 -0.44385861
v 0.18573345 1.91294381 -0.44504492
v 0.1828478 1.91134915 -0.43990688
v 0.18208803 1.90889163 -0.43946843
v 0.23457901 1.88610985 -0.40431021
v 0.23597158 1.89366224 -0.40309463
v 0.23582099 1.87986277 -0.40885518
v 0.23457901 1.88610985 -0.40431021
v 0.2380105 1.88116806 -0.41152392
v 0.23890339 1.8796597 -0.41349934
v 0.24252087 1.88183371 -0.41790687
v 0.24331754 1.87658793 -0.42136799
v 0.24425335 1.88269682 -0.42009722
v 0.24785332 1.88411863 -0.42481427
v 0.24878894 1.88653687 -0.42515092
v 0.25096083 1.88740428 -0.42799614
v 0.25235107 1.89495611 -0.42678122
v 0.25111527 1.90119479 -0.42224424
v 0.24893793 1.89988769 -0.4195817
v 0.24804579 1.9013939 -0.41760771
v 0.24443634 1.89922052 -0.41320281
v 0.24362573 1.90446316 -0.40973656
v 0.2427033 1.89835864 -0.4110112
v 0.23909301 1.89694159 -0.40628634
v 0.23815681 1.89452505 -0.40594874
v 0.28761608 1.87187129 -0.36412881
v 0.28871388 1.87949854 -0.36313502
v 0.28939283 1.86548322 -0.36827962
v 0.28761608 1.87187129 -0.36412881
v 0.29176847 1.86673728 -0.3708149
v 0.29286267 1.86517514 -0.37264292
v 0.29678696 1.8672643 -0.37683062
v 0.29800305 1.86190732 -0.37998168
v 0.2986775 1.86808375 -0.37890725
v 0.3026289 1.86940848 -0.38337086
v 0.30353003 1.87183449 -0.38373511
v 0.30591358 1.87264322 -0.38642757
v 0.30700923 1.88027016 -0.38543396
v 0.30523901 1.88665025 -0.3812909
v 0.30287644 1.88539482 -0.37876157
v 0.30178289 1.88695479 -0.37693493
v 0.29786718 1.88486645 -0.37275009
v 0.29663555 1.8902194 -0.36959408
v 0.29597604 1.88404814 -0.37067233
v 0.29201341 1.88272757 -0.36620121
v 0.29111186 1.88030331 -0.36583595
v 0.33557035 1.86386771 -0.32213955
v 0.33617916 1.87158005 -0.32157837
v 0.33798667 1.8573615 -0.3257293
v 0.33557035 1.86386771 -0.32213955
v 0.34046951 1.85859155 -0.32817404
v 0.34177649 1.85698893 -0.32981603
v 0.3458768 1.85903834 -0.3338546
v 0.34760587 1.8535862 -0.33655499
v 0.34786649 1.85983595 -0.33584677
v 0.35205498 1.86110948 -0.34010707
v 0.352848 1.86355302 -0.34056781
v 0.355374 1.8643308 -0.34313808
v 0.35598087 1.87204329 -0.34257649
v 0.35357133 1.87854195 -0.33899407
v 0.35110232 1.8773108 -0.33655547
v 0.34979588 1.8789112 -0.33491491
v 0.34570465 1.87686267 -0.33087926
v 0.34395839 1.88230982 -0.32817434
v 0.34371429 1.87606607 -0.3288862
v 0.3395138 1.87479612 -0.32461874
v 0.33872048 1.87235443 -0.32415687
v 0.37760854 1.86091622 -0.27866502
v 0.37782615 1.86865816 -0.27851249
v 0.3806092 1.85435947 -0.28164889
v 0.37760854 1.86091622 -0.27866502
v 0.38323693 1.8555736 -0.28394644
v 0.38474973 1.85395221 -0.2853757
v 0.3890886 1.85597509 -0.28917168
v 0.39128184 1.85048247 -0.29139011
v 0.39120548 1.85675883 -0.29103403
v 0.39568524 1.85800107 -0.29499649
v 0.3964067 1.86044882 -0.29553305
v 0.39910796 1.86120762 -0.29792373
v 0.39932378 1.8689501 -0.29777043
v 0.39633014 1.87549976 -0.29479329
v 0.39371698 1.87428489 -0.29250179
v 0.39220464 1.87590402 -0.29107396
v 0.38787534 1.87388211 -0.28728102
v 0.38566349 1.8793689 -0.28505842
v 0.38575774 1.87309927 -0.2854179
v 0.38126526 1.87186 -0.28144874
v 0.38054362 1.86941418 -0.2809111
v 0.41338424 1.86174658 -0.23369084
v 0.41332573 1.86948322 -0.23388894
v 0.41688616 1.85519298 -0.23604353
v 0.41338424 1.86174658 -0.23369084
v 0.41968841 1.8564053 -0.23812406
v 0.42138998 1.85478429 -0.23931618
v 0.42601666 1.85680393 -0.24275403
v 0.42860329 1.85131349 -0.24447657
v 0.42828179 1.85758614 -0.24443169
v 0.43309138 1.85882519 -0.24798258
v 0.43378053 1.86127102 -0.24856122
v 0.4366805 1.86202773 -0.25070386
v 0.43662022 1.8697652 -0.25090076
v 0.4331255 1.87631223 -0.24855424
v 0.43033848 1.87509957 -0.24647965
v 0.42863731 1.87671835 -0.24528889
v 0.42402064 1.87469983 -0.24185421
v 0.42141431 1.88018368 -0.24012788
v 0.42175476 1.87391843 -0.24017586
v 0.41693188 1.87268171 -0.23661877
v 0.41624261 1.87023783 -0.23603903
v 0.44258796 1.86510635 -0.18720238
v 0.44237076 1.87282493 -0.18765451
v 0.44648747 1.85859042 -0.18892331
v 0.44258796 1.86510635 -0.18720238
v 0.44947893 1.85981817 -0.19070457
v 0.45134266 1.85821179 -0.19163956
v 0.45628197 1.86025662 -0.19458346
v 0.45917615 1.85479502 -0.19581808
v 0.45870449 1.86105154 -0.19601251
v 0.46385712 1.86231838 -0.1990218
v 0.46455017 1.86476307 -0.19959511
v 0.46765713 1.86553641 -0.20141123
v 0.46743814 1.87325596 -0.20186199
v 0.46354579 1.87976589 -0.20014657
v 0.46056955 1.87853827 -0.19837032
v 0.45870622 1.88014246 -0.19743668
v 0.45377692 1.87809895 -0.19449548
v 0.45086306 1.88355332 -0.19325842
v 0.45135366 1.87730473 -0.19306587
v 0.44618778 1.87603958 -0.19005139
v 0.44549461 1.87359683 -0.18947692
v 0.46496347 1.8697689 -0.13919131
v 0.4646907 1.87747512 -0.13976227
v 0.46914572 1.86330373 -0.14031084
v 0.46496347 1.8697689 -0.13919131
v 0.47232012 1.86456237 -0.14170326
v 0.47431099 1.86297822 -0.14236824
v 0.47955285 1.86507378 -0.14466985
v 0.48266124 1.85965027 -0.14545013
v 0.4821251 1.86589377 -0.14578126
v 0.48759894 1.86721429 -0.14810966
v 0.48832283 1.86966326 -0.14861785
v 0.49162377 1.87046882 -0.1500233
v 0.49134915 1.87817603 -0.15059297
v 0.48717386 1.88463579 -0.14947824
v 0.48401449 1.88337786 -0.14808975
v 0.48202401 1.88495991 -0.14742608
v 0.47679208 1.88286598 -0.14512645
v 0.47366425 1.88828164 -0.14434521
v 0.47421914 1.88204659 -0.14401458
v 0.46873228 1.8807271 -0.14168201
v 0.46800827 1.87828001 -0.14117272
v 0.48026727 1.87453452 -0.0896097
v 0.48000892 1.8822434 -0.09013136
v 0.48461916 1.86811358 -0.09019439
v 0.48026727 1.87453452 -0.0896097
v 0.48794367 1.86941049 -0.09110992
v 0.49002066 1.86784843 -0.09150289
v 0.495511 1.8700069 -0.09301634
v 0.49874415 1.8646154 -0.09340547
v 0.49820464 1.87085749 -0.09374322
v 0.50393574 1.87224262 -0.09525792
v 0.50470158 1.87470184 -0.09563224
v 0.50815801 1.87554618 -0.09654655
v 0.50789778 1.88325591 -0.09706701
v 0.50355247 1.88967206 -0.09648652
v 0.50024264 1.88837658 -0.09557365
v 0.49816599 1.88993665 -0.0951819
v 0.49268542 1.88778023 -0.0936697
v 0.48943309 1.89316327 -0.09328108
v 0.48999113 1.88693019 -0.0929424
v 0.48424743 1.88554539 -0.09142469
v 0.4834815 1.88308796 -0.09104927
v 0.48823518 1.87822612 -0.03834172
v 0.48801236 1.88594865 -0.03862973
v 0.49266071 1.87182964 -0.03849493
v 0.48823518 1.87822612 -0.03834172
v 0.49607519 1.87315804 -0.03886165
v 0.49819563 1.87161066 -0.0389954
v 0.5038351 1.87382081 -0.03960161
v 0.50712022 1.86844577 -0.03969117
v 0.50660093 1.8746962 -0.03989057
v 0.51248367 1.87613294 -0.04048823
v 0.51328219 1.87860366 -0.04065965
v 0.5168304 1.87947894 -0.04102032
v 0.51660585 1.88720202 -0.04130752
v 0.51218629 1.89359428 -0.04115789
v 0.50878599 1.89226819 -0.04079242
v 0.50666572 1.89381371 -0.04065983
v 0.50103574 1.89160618 -0.04005389
v 0.49773169 1.89697209 -0.03996636
v 0.4982693 1.89073129 -0.03976457
v 0.49237452 1.88929415 -0.03916501
v 0.49157605 1.88682509 -0.03899254
v 0.48854349 1.87967149 0.01479904
v 0.48832303 1.88740144 0.01491673
v 0.49297892 1.873277 0.01494612
v 0.48854349 1.87967149 0.01479904
v 0.49640353 1.8746134 0.01516664
v 0.4985294 1.87306843 0.01526308
v 0.50418603 1.87529134 0.01562816
v 0.50747864 1.86991666 0.01572679
v 0.50696035 1.87617262 0.01580381
v 0.51286122 1.87762113 0.01617059
v 0.5136632 1.88009568 0.01625925
v 0.51722257 1.88097776 0.01648094
v 0.51700079 1.88870785 0.01659891
v 0.51257063 1.89509865 0.01644892
v 0.50915946 1.89376554 0.01622863
v 0.50703353 1.8953088 0.01613115
v 0.50138593 1.89308917 0.01576684
v 0.49807459 1.89845403 0.01566471
v 0.49861109 1.89220838 0.01559155
v 0.4926988 1.89075874 0.01522557
v 0.49189705 1.88828572 0.01513781
v 0.48076905 1.87767213 0.07003786
v 0.48047495 1.8853798 0.07068866
v 0.48519102 1.87126561 0.07034485
v 0.48076905 1.87767213 0.07003786
v 0.4885425 1.87257349 0.07114631
v 0.49064673 1.87101796 0.07143039
v 0.49618275 1.8731932 0.07275648
v 0.49947172 1.8678109 0.07292888
v 0.49890009 1.87405156 0.07338835
v 0.50468424 1.87545222 0.07469456
v 0.50544775 1.87791315 0.07507692
v 0.50893682 1.87876604 0.07586604
v 0.508642 1.88647335 0.07651652
v 0.50422464 1.89287665 0.07620712
v 0.50088568 1.89157308 0.07540749
v 0.49878113 1.89312704 0.07512248
v 0.49325353 1.89095582 0.07379834
v 0.48994598 1.89632755 0.07362084
v 0.49053565 1.89009795 0.07316686
v 0.48474073 1.88869542 0.07186033
v 0.48397774 1.88623589 0.07147875
v 0.46437413 1.87097177 0.12757166
v 0.463913 1.87860873 0.1288177
v 0.46879562 1.86455401 0.12791277
v 0.46437413 1.87097177 0.12757166
v 0.47200559 1.86579316 0.1292454
v 0.4740754 1.86421752 0.12966829
v 0.47937756 1.8662785 0.13187317
v 0.4826801 1.86089316 0.13202104
v 0.48198498 1.8670826 0.13291929
v 0.48754507 1.86837155 0.13507244
v 0.48822702 1.87079532 0.13575312
v 0.49158088 1.87158036 0.13705382
v 0.49111982 1.87921647 0.13829883
v 0.48670238 1.88563137 0.13795573
v 0.48350392 1.88439756 0.13662661
v 0.48143355 1.88597174 0.13620288
v 0.47613909 1.88391553 0.13400123
v 0.47281807 1.88928951 0.13384653
v 0.4735311 1.88311194 0.13295552
v 0.46796085 1.88182047 0.13080096
v 0.46727967 1.87939797 0.13012099
v 0.43854246 1.85811862 0.18789224
v 0.43796942 1.8657055 0.18941362
v 0.44291465 1.85166484 0.18837292
v 0.43854246 1.85811862 0.18789224
v 0.44598991 1.85283256 0.19005218
v 0.44801269 1.85122892 0.19059986
v 0.4530923 1.85317131 0.19337789
v 0.4563679 1.84776291 0.19360562
v 0.45559385 1.85391854 0.19469715
v 0.46093538 1.85508914 0.19741506
v 0.46155263 1.85748087 0.19825915
v 0.4647746 1.85819416 0.19990078
v 0.46420199 1.8657799 0.2014207
v 0.45983332 1.87223103 0.20093828
v 0.45676877 1.87106942 0.19926391
v 0.45474527 1.87267162 0.19871537
v 0.44967283 1.87073458 0.19594161
v 0.44637923 1.87613079 0.19570535
v 0.44717074 1.86998788 0.19462279
v 0.44181968 1.86881422 0.19190255
v 0.44120336 1.86642372 0.19105916
v 0.40740839 1.84518979 0.24754648
v 0.40701297 1.85284447 0.24872462
v 0.41153761 1.8386322 0.24851382
v 0.40740839 1.84518979 0.24754648
v 0.41456494 1.83977276 0.25029879
v 0.4165053 1.83813217 0.25101429
v 0.42150644 1.84002975 0.25396635
v 0.4245887 1.83453877 0.25458229
v 0.42396498 1.84075321 0.25537998
v 0.42920588 1.84186959 0.25831706
v 0.4298601 1.84427326 0.25909301
v 0.43302181 1.8449539 0.26086659
v 0.43262646 1.85260773 0.26204371
v 0.42850035 1.85916292 0.26107512
v 0.42548277 1.8580284 0.25929517
v 0.42354183 1.85966757 0.2585788
v 0.41854727 1.85777517 0.25563097
v 0.41544909 1.8632539 0.25500593
v 0.41608829 1.85705215 0.25421763
v 0.41083889 1.85593256 0.25127774
v 0.41018542 1.85353014 0.25050253
v 0.3757843 1.83865002 0.30208158
v 0.37574468 1.84637884 0.30265197
v 0.37951883 1.8320016 0.30373331
v 0.3757843 1.83865002 0.30208158
v 0.38252538 1.83313092 0.30556125
v 0.38434563 1.83146103 0.30648714
v 0.38931355 1.83334023 0.30950908
v 0.39207572 1.82777578 0.31068145
v 0.3917465 1.83405272 0.3109732
v 0.39691402 1.83514179 0.31405074
v 0.39766121 1.83756325 0.31466971
v 0.40077925 1.83822755 0.3165275
v 0.40073887 1.84595595 0.31709757
v 0.39700684 1.85260222 0.31544507
v 0.39400918 1.85147866 0.31362204
v 0.39218854 1.8531471 0.31269524
v 0.38722682 1.85127276 0.30967719
v 0.38445113 1.85682499 0.30849528
v 0.38479362 1.85056062 0.30821321
v 0.37961886 1.84946825 0.30513244
v 0.37887215 1.8470481 0.30451432
v 0.34354823 1.83733592 0.35076478
v 0.34386002 1.84507962 0.35080883
v 0.34683198 1.83066243 0.3530986
v 0.34354823 1.83733592 0.35076478
v 0.3497685 1.83178386 0.35503638
v 0.35144029 1.83010472 0.35618822
v 0.35629359 1.83197093 0.35939078
v 0.35869448 1.82638661 0.36111118
v 0.3586612 1.83267667 0.36095744
v 0.36367117 1.83375064 0.36428152
v 0.36449772 1.83617429 0.36478287
v 0.36752129 1.83682951 0.36678894
v 0.36783159 1.84457314 0.36683333
v 0.36454954 1.85124478 0.3644993
v 0.36162098 1.8501289 0.3625664
v 0.35994894 1.8518066 0.36141364
v 0.35510142 1.84994499 0.35821474
v 0.35268931 1.85551719 0.3564844
v 0.35273377 1.8492395 0.35664804
v 0.34771791 1.84816212 0.35332026
v 0.34689162 1.8457398 0.35281985
v 0.31029841 1.83997756 0.39333954
v 0.31093214 1.8476958 0.39297386
v 0.31307638 1.83333938 0.39632079
v 0.31029841 1.83997756 0.39333954
v 0.31587327 1.83446787 0.39843871
v 0.31736362 1.83280076 0.39982341
v 0.32198723 1.83467862 0.40332301
v 0.32398854 1.82912249 0.40555613
v 0.32423395 1.83539077 0.40504609
v 0.32896998 1.83647973 0.40872473
v 0.32985023 1.83889816 0.40915833
v 0.33270906 1.83956243 0.41137809
v 0.3333406 1.8472808 0.4110132
v 0.33056334 1.85391745 0.40803249
v 0.32777335 1.85279438 0.40591952
v 0.32628281 1.85446013 0.40453394
v 0.32166453 1.85258666 0.40103787
v 0.31965423 1.85813083 0.3987944
v 0.31941802 1.85187469 0.39931458
v 0.31467757 1.85078219 0.39563166
v 0.31379743 1.84836505 0.39519899
v 0.27560183 1.84529895 0.42958429
v 0.27649152 1.85297713 0.4289517
v 0.27782654 1.83874204 0.43314241
v 0.27560183 1.84529895 0.42958429
v 0.28038952 1.83990267 0.43550378
v 0.28166166 1.83826713 0.43711616
v 0.28589962 1.84019803 0.44101767
v 0.28747166 1.8347054 0.44369955
v 0.28795083 1.84093724 0.44294471
v 0.29225811 1.84208586 0.44707111
v 0.2931501 1.84450132 0.44749241
v 0.29575067 1.84520158 0.44998214
v 0.29663756 1.85287994 0.44935068
v 0.29441227 1.85943559 0.4457939
v 0.29185497 1.85828036 0.44343776
v 0.29058262 1.85991461 0.44182462
v 0.28634946 1.85798801 0.43792655
v 0.28477056 1.86346889 0.435234
v 0.28429872 1.85724895 0.43599916
v 0.27998868 1.85609666 0.43186782
v 0.27909674 1.85368246 0.43144742
v 0.23898953 1.85203925 0.45933191
v 0.24001984 1.85968938 0.45858373
v 0.24063447 1.84558663 0.46335994
v 0.23898953 1.85203925 0.45933191
v 0.24284461 1.84680827 0.4660057
v 0.24386191 1.84521803 0.46782441
v 0.24751742 1.84724975 0.47219567
v 0.24865006 1.84183673 0.47523473
v 0.24927987 1.84803909 0.47435586
v 0.25296664 1.84929573 0.4789836
v 0.25380856 1.85171878 0.47944467
v 0.25603503 1.85248423 0.48223691
v 0.25706214 1.86013444 0.48149
v 0.25541499 1.86658597 0.47746412
v 0.25320911 1.86536979 0.47482403
v 0.25219144 1.8669588 0.47300471
v 0.24854006 1.86493139 0.46863697
v 0.24740255 1.87033289 0.46558702
v 0.24677837 1.86414219 0.46647634
v 0.2430907 1.86288184 0.46184294
v 0.24224888 1.86045996 0.46138267
v 0.19991881 1.85897526 0.4824786
v 0.20091948 1.86662691 0.48174553
v 0.20099872 1.85262182 0.48684101
v 0.19991881 1.85897526 0.4824786
v 0.2027242 1.85392535 0.48977135
v 0.20345895 1.85238401 0.49175684
v 0.20631388 1.85455114 0.49659853
v 0.20703194 1.84921156 0.49988367
v 0.20768531 1.85540677 0.49898858
v 0.21054375 1.85680413 0.50410374
v 0.21125537 1.85924821 0.50464065
v 0.21298216 1.86009862 0.50772704
v 0.21397957 1.86775015 0.50699519
v 0.21289557 1.87410251 0.50263573
v 0.21117261 1.8728045 0.49971156
v 0.21043718 1.87434467 0.49772565
v 0.20758554 1.87218195 0.49288775
v 0.20686433 1.87751017 0.48959155
v 0.20621513 1.87132649 0.4904971
v 0.20335785 1.86992546 0.48537569
v 0.20264649 1.86748248 0.48483939
v 0.15771218 1.86492727 0.49895169
v 0.15847477 1.87260764 0.49830951
v 0.1583014 1.85864359 0.50350632
v 0.15771218 1.86492727 0.49895169
v 0.15942656 1.86002818 0.50666974
v 0.15987241 1.85852692 0.50876798
v 0.16173522 1.86082812 0.51399489
v 0.16211075 1.855538 0.51741473
v 0.16262741 1.86174865 0.51657121
v 0.16448154 1.86328236 0.52207677
v 0.16497628 1.86575479 0.52269752
v 0.16609697 1.86668758 0.52601959
v 0.16685668 1.87436763 0.52537839
v 0.16626145 1.88065002 0.52082731
v 0.16513677 1.87927102 0.51767062
v 0.16468985 1.88077109 0.51557218
v 0.16282919 1.87847439 0.51034929
v 0.16245204 1.88375325 0.50691827
v 0.16193822 1.87755408 0.50777231
v 0.16008732 1.87601684 0.50225998
v 0.15959319 1.87354549 0.50163971
v 0.11153233 1.86872415 0.50862186
v 0.1118561 1.876436 0.50807159
v 0.11176354 1.86247217 0.5132526
v 0.11153233 1.86872415 0.50862186
v 0.11222661 1.86390918 0.5165555
v 0.11240727 1.86242995 0.51870982
v 0.11317539 1.864818 0.52416749
v 0.11332291 1.85954887 0.52763598
v 0.11354348 1.86578023 0.52685423
v 0.11430898 1.86740088 0.53258933
v 0.11451581 1.86989528 0.53327052
v 0.1149793 1.87088064 0.53673117
v 0.11530098 1.8785921 0.53618158
v 0.11506212 1.88484251 0.53155483
v 0.11459735 1.88341101 0.52825902
v 0.1144152 1.884889 0.52610461
v 0.11364791 1.88250549 0.5206513
v 0.11350006 1.88776333 0.51717155
v 0.1132811 1.88154351 0.51796393
v 0.11252069 1.87991951 0.51222168
v 0.11231485 1.87742625 0.51154082
v 0.06045973 1.86913715 0.51121332
v 0.06020558 1.87685087 0.51069506
v 0.06049392 1.86288986 0.51585434
v 0.06045973 1.86913715 0.51121332
v 0.06030828 1.86433236 0.51919274
v 0.06027398 1.86285585 0.52135862
v 0.05996922 1.86525309 0.5268748
v 0.06001931 1.85998731 0.53034826
v 0.05982757 1.8662198 0.52958934
v 0.05954254 1.86784992 0.53538157
v 0.0594264 1.87034631 0.53608049
v 0.05925545 1.87133742 0.53957565
v 0.05900025 1.87905086 0.53905796
v 0.0589571 1.88529628 0.53442098
v 0.05913898 1.88385913 0.53109001
v 0.05917138 1.8853343 0.52892406
v 0.05947548 1.88294154 0.52341236
v 0.05942637 1.88819588 0.51992764
v 0.0596185 1.88197511 0.52069722
v 0.05991021 1.88034183 0.51489769
v 0.06002772 1.87784667 0.514199
v 0.00363934 1.86483683 0.50629659
v 0.00275555 1.87250261 0.50572853
v 0.00362453 1.85858868 0.51093207
v 0.00363934 1.86483683 0.50629659
v 0.00286663 1.85999003 0.51422389
v 0.0026792 1.85850327 0.51637684
v 0.00142786 1.86083248 0.52181588
v 0.00149411 1.85556995 0.52528925
v 0.00083968 1.86176719 0.52449395
v -0.00035885 1.86333197 0.5302114
v -0.00079301 1.86580484 0.53088482
v -0.00151566 1.86675651 0.5343347
v -0.00239941 1.87442227 0.53376721
v -0.00239435 1.88066836 0.52913584
v -0.0016422 1.87927214 0.52585153
v -0.00145689 1.88075745 0.52369855
v -0.00020763 1.87843258 0.51826401
v -0.00027168 1.88368346 0.51477931
v 0.0003818 1.87749815 0.51558532
v 0.00158834 1.8759303 0.50986044
v 0.00202414 1.87345877 0.50918733
v -0.05974564 1.85435095 0.49333654
v -0.06096429 1.86196958 0.4927039
v -0.05993575 1.84807888 0.49793391
v -0.05974564 1.85435095 0.49333654
v -0.0611195 1.84942104 0.5011401
v -0.06146139 1.8479129 0.5032611
v -0.0634169 1.85014418 0.5085585
v -0.06345198 1.84486775 0.5120088
v -0.06434071 1.85103219 0.51116891
v -0.06623346 1.85250039 0.51674612
v -0.06686735 1.85494535 0.51738007
v -0.06800917 1.85583869 0.52074523
v -0.06922725 1.86345746 0.52011321
v -0.06904748 1.86972727 0.51552002
v -0.06787109 1.86839015 0.51232128
v -0.0675315 1.86989674 0.51020022
v -0.06557927 1.86766973 0.50490738
v -0.06554034 1.87293428 0.50144558
v -0.06465414 1.866782 0.50229634
v -0.06275222 1.86531082 0.49671163
v -0.06211656 1.86286729 0.49607803
v -0.1245929 1.84249379 0.47319119
v -0.12560391 1.85014859 0.47262548
v -0.12534821 1.83613058 0.4776087
v -0.1245929 1.84249379 0.47319119
v -0.12681651 1.83742929 0.48072527
v -0.12739241 1.83588398 0.48277195
v -0.12981743 1.83804347 0.48792119
v -0.13028693 1.83269662 0.4912328
v -0.1309765 1.83889537 0.49045725
v -0.13338 1.84028488 0.49587287
v -0.1340282 1.84272888 0.49650274
v -0.13547778 1.84357473 0.49977036
v -0.1364885 1.85122952 0.49920522
v -0.13574439 1.85759013 0.49479176
v -0.13428473 1.8562965 0.49168266
v -0.13371104 1.8578402 0.48963587
v -0.13129002 1.8556851 0.48449121
v -0.13081467 1.86101992 0.48116796
v -0.13012946 1.85483354 0.4819545
v -0.12771547 1.85344122 0.47653152
v -0.12706548 1.8509987 0.47590204
v -0.18512183 1.83466315 0.44735068
v -0.18571502 1.84237336 0.4469645
v -0.18660736 1.82820828 0.45145275
v -0.18512183 1.83466315 0.44735068
v -0.18831676 1.82947938 0.45446461
v -0.1891644 1.8279006 0.45639369
v -0.19198662 1.83001463 0.46137011
v -0.19303 1.82459548 0.46443339
v -0.19335133 1.83084276 0.46381672
v -0.1962139 1.83217878 0.46903245
v -0.1968075 1.83463107 0.46968542
v -0.19853365 1.83544469 0.47283258
v -0.19912714 1.84315459 0.47244678
v -0.19765383 1.84960639 0.46834846
v -0.19595402 1.84834043 0.46534415
v -0.19510865 1.84991755 0.46341494
v -0.19229078 1.84780812 0.45844325
v -0.1912396 1.85321519 0.45536828
v -0.19092441 1.84698045 0.45599608
v -0.18804985 1.84564188 0.45077311
v -0.18745464 1.84319108 0.45012048
v -0.24117494 1.8301594 0.416162
v -0.24142802 1.83789788 0.41596565
v -0.24331015 1.82365635 0.41989903
v -0.24117494 1.8301594 0.416162
v -0.24526054 1.82491224 0.42277457
v -0.24635637 1.82331573 0.42456385
v -0.24957627 1.8254047 0.42931522
v -0.25112754 1.81994779 0.43209267
v -0.25114453 1.82621985 0.43164648
v -0.25445795 1.82752673 0.43660688
v -0.25501841 1.82998297 0.43727788
v -0.25701606 1.83077903 0.44027103
v -0.25726986 1.8385169 0.44007486
v -0.25514787 1.84501639 0.43634123
v -0.25320798 1.84376565 0.43347321
v -0.25211442 1.84536043 0.43168375
v -0.24889928 1.8432762 0.42693721
v -0.24733853 1.84872115 0.42414816
v -0.24732912 1.84246165 0.42460546
v -0.24400252 1.84115253 0.41963807
v -0.24344057 1.83869781 0.41896743
v -0.29279459 1.8282846 0.37990558
v -0.29279298 1.83603315 0.37988897
v -0.29547948 1.82176625 0.38325202
v -0.29279459 1.8282846 0.37990558
v -0.29766166 1.82301803 0.38596162
v -0.29897428 1.8214162 0.38759656
v -0.30257684 1.82349875 0.39207415
v -0.30455571 1.81803041 0.39454815
v -0.30433929 1.82431059 0.39426662
v -0.30807889 1.82561026 0.39892258
v -0.30862743 1.82806828 0.39960144
v -0.31088221 1.82886021 0.40241109
v -0.31088179 1.83660796 0.4023945
v -0.30821091 1.84312221 0.39905103
v -0.30603951 1.84187493 0.39634839
v -0.3047291 1.84347504 0.39471327
v -0.30113137 1.8413969 0.39024019
v -0.29914248 1.8468543 0.38775556
v -0.29936683 1.84058572 0.38804732
v -0.29561329 1.8392846 0.38338502
v -0.2950632 1.83682806 0.38270651
v -0.34006357 1.82838485 0.33888447
v -0.33989072 1.8361333 0.33901737
v -0.34319252 1.82187342 0.34184073
v -0.34006357 1.82838485 0.33888447
v -0.34559077 1.82313047 0.34435919
v -0.34708571 1.82153211 0.34583382
v -0.35104507 1.8236238 0.34999593
v -0.35336649 1.81816138 0.35216932
v -0.35298693 1.82444028 0.35202998
v -0.35711682 1.82575011 0.35634156
v -0.35767263 1.82820947 0.35701349
v -0.36016279 1.82900774 0.35961553
v -0.35999137 1.83675522 0.3597483
v -0.35687715 1.84326207 0.35679455
v -0.3544898 1.84200878 0.35428242
v -0.3529973 1.84360542 0.35280763
v -0.34904259 1.84151775 0.34864965
v -0.34671098 1.84697041 0.34646668
v -0.34709853 1.84070203 0.34661527
v -0.34295416 1.83939154 0.34229811
v -0.3423968 1.83693363 0.34162645
v -0.38306123 1.82981542 0.29340326
v -0.38279164 1.8375603 0.29363901
v -0.38653201 1.82332266 0.29599261
v -0.38306123 1.82981542 0.29340326
v -0.38912666 1.82459166 0.2982994
v -0.39076906 1.82300181 0.29961552
v -0.39505279 1.82511365 0.30342816
v -0.39763516 1.81966611 0.30532201
v -0.397156 1.82594024 0.30528841
v -0.40163416 1.82727205 0.30922537
v -0.4022128 1.82973351 0.30987237
v -0.40491313 1.83054528 0.3122485
v -0.4046452 1.83828908 0.31248403
v -0.40118968 1.84477677 0.30989673
v -0.39860606 1.84351081 0.30759557
v -0.39696622 1.84509893 0.30627926
v -0.39268702 1.84299067 0.30247039
v -0.39009452 1.84842959 0.30056801
v -0.39058149 1.84216492 0.30060989
v -0.38608855 1.84083324 0.29666806
v -0.3855083 1.8383732 0.29602133
v -0.42185003 1.83192898 0.24376448
v -0.42154664 1.83967116 0.24404429
v -0.42557061 1.82545833 0.24602816
v -0.42185003 1.83192898 0.24376448
v -0.4283396 1.82674284 0.24810717
v -0.43009752 1.82516338 0.24927292
v -0.43466961 1.82730126 0.2527093
v -0.4374398 1.82187106 0.25435896
v -0.43691504 1.82814083 0.2543842
v -0.44169694 1.82950065 0.25792528
v -0.44231027 1.83196538 0.25852703
v -0.44519395 1.83279431 0.26066436
v -0.44489223 1.84053539 0.26094391
v -0.44118738 1.8470005 0.25868183
v -0.43842942 1.84571826 0.25660772
v -0.4366743 1.84729598 0.25544178
v -0.43210667 1.84516123 0.25200874
v -0.42932647 1.85058393 0.25035157
v -0.42985886 1.84432257 0.25033366
v -0.42506194 1.84296363 0.24678843
v -0.42444688 1.84050031 0.24618694
v -0.45648074 1.83407712 0.19027317
v -0.45619285 1.84181916 0.19053026
v -0.46037263 1.82762661 0.19226533
v -0.45648074 1.83407712 0.19027317
v -0.46329385 1.82892714 0.19410417
v -0.46513867 1.82735761 0.19513235
v -0.46996236 1.82952239 0.19817188
v -0.47285813 1.82410779 0.19962292
v -0.47233069 1.83037529 0.19965312
v -0.47737259 1.83176376 0.20278435
v -0.47802854 1.83423258 0.20331928
v -0.48106921 1.83507903 0.2052093
v -0.48078293 1.84281999 0.20546617
v -0.47690713 1.84926456 0.20347517
v -0.47399718 1.84796552 0.20164047
v -0.47215503 1.84953329 0.20061208
v -0.46733582 1.84737115 0.19757542
v -0.46443021 1.8527793 0.19611786
v -0.46496511 1.84651921 0.19609404
v -0.45990801 1.84513236 0.19295938
v -0.45925027 1.84266493 0.19242472
v -0.48699731 1.83561179 0.13323899
v -0.48676068 1.84335527 0.13340198
v -0.49099618 1.82917685 0.1350223
v -0.48699731 1.83561179 0.13323899
v -0.49404764 1.8304911 0.13661159
v -0.49595541 1.82892958 0.13751823
v -0.50099468 1.83111742 0.14014529
v -0.5039655 1.82571488 0.14144995
v -0.50346702 1.83198171 0.14142716
v -0.50872743 1.8333946 0.14414024
v -0.50943035 1.8358674 0.14458628
v -0.51260304 1.83672886 0.14622393
v -0.51236796 1.84447138 0.14638682
v -0.5083853 1.85090001 0.1446043
v -0.50534517 1.84958645 0.14301836
v -0.50344026 1.85114618 0.14211144
v -0.49840558 1.84896044 0.13948672
v -0.49542505 1.85435754 0.1381765
v -0.49593067 1.84809715 0.13820478
v -0.49065506 1.84668654 0.13548893
v -0.48995012 1.84421514 0.13504319
v -0.51343924 1.83588619 0.07297657
v -0.51327741 1.84362955 0.07297225
v -0.51749486 1.82946234 0.07461868
v -0.51343924 1.83588619 0.07297657
v -0.52065563 1.83078534 0.07595156
v -0.52260661 1.82922933 0.07675479
v -0.52782655 1.83143203 0.07895789
v -0.53083342 1.82603832 0.08017221
v -0.53038549 1.83230377 0.08003668
v -0.53582555 1.83373277 0.08232784
v -0.53657669 1.83620792 0.08266306
v -0.53985792 1.83707934 0.08404599
v -0.53969729 1.84482197 0.08404182
v -0.53565818 1.85123917 0.08240013
v -0.53250873 1.84991603 0.08106977
v -0.53056073 1.85147022 0.08026624
v -0.52534533 1.84926903 0.07806492
v -0.52232927 1.85465825 0.0768459
v -0.52278399 1.8483983 0.076986
v -0.5173285 1.84697223 0.07469274
v -0.51657552 1.84449853 0.07435785
v -0.53584433 1.8342554 0.00980501
v -0.53576952 1.84199223 0.00956069
v -0.5399195 1.82784034 0.01137574
v -0.53584433 1.8342554 0.00980501
v -0.54317009 1.82916424 0.01244682
v -0.54514909 1.82761061 0.01316495
v -0.5505203 1.82981313 0.01493211
v -0.55353785 1.82442444 0.01611018
v -0.55315179 1.83068443 0.01580305
v -0.55874318 1.83211172 0.01766393
v -0.55954188 1.83458462 0.01786569
v -0.56291586 1.83545412 0.01898715
v -0.56284183 1.84319074 0.01874359
v -0.55877644 1.84960445 0.01718086
v -0.55553335 1.84828269 0.01611589
v -0.55355579 1.8498357 0.01539914
v -0.54818797 1.84763505 0.01363453
v -0.54516304 1.85301904 0.01245105
v -0.545555 1.84676393 0.01276234
v -0.53995413 1.84533553 0.01089337
v -0.53915447 1.84286316 0.01069067
v -0.55414838 1.83016136 -0.05547754
v -0.55436575 1.83777712 -0.05676593
v -0.55806643 1.82381517 -0.05334084
v -0.55414838 1.83016136 -0.05547754
v -0.56143641 1.82509238 -0.05269237
v -0.56339872 1.82354751 -0.05191155
v -0.56896806 1.82567284 -0.05084498
v -0.57184589 1.82034515 -0.04916205
v -0.57168895 1.82650968 -0.05028926
v -0.57745427 1.82787054 -0.04904081
v -0.57836401 1.83029836 -0.04923426
v -0.5818435 1.83112779 -0.04848363
v -0.58206201 1.83874384 -0.04977109
v -0.57815331 1.84508909 -0.0518993
v -0.57479036 1.84381334 -0.05254208
v -0.57282948 1.8453576 -0.05332147
v -0.56726307 1.84323354 -0.05438577
v -0.56437868 1.84855715 -0.05607353
v -0.56454074 1.84239679 -0.0549428
v -0.55876613 1.84103505 -0.05619915
v -0.55785543 1.8386078 -0.05600666
v -0.56821865 1.80760995 -0.12691395
v -0.56883717 1.81459833 -0.13012533
v -0.57186061 1.80170267 -0.12344263
v -0.56821865 1.80760995 -0.12691395
v -0.57534456 1.80280617 -0.12333454
v -0.57725394 1.80134743 -0.12229486
v -0.58301282 1.80318461 -0.12212528
v -0.5856536 1.7982337 -0.11929564
v -0.58581597 1.80389723 -0.12195732
v -0.59173429 1.80502873 -0.12142731
v -0.59278387 1.80723951 -0.12228875
v -0.59635651 1.80792998 -0.1219738
v -0.5969767 1.81491961 -0.12518395
v -0.59334493 1.82082669 -0.12864636
v -0.589867 1.81972368 -0.12874933
v -0.58795929 1.82118189 -0.1297874
v -0.58220232 1.81934492 -0.12995534
v -0.57955629 1.82429276 -0.13278888
v -0.57939756 1.81863217 -0.1301247
v -0.57347012 1.81749981 -0.13066249
v -0.5724194 1.81528959 -0.12980212
v -0.57883394 1.75427812 -0.20742191
v -0.57968003 1.76036383 -0.21210159
v -0.58230859 1.74904458 -0.20286293
v -0.57883394 1.75427812 -0.20742191
v -0.58584833 1.74993248 -0.2031116
v -0.58772248 1.74861838 -0.20184062
v -0.59357429 1.75009771 -0.20226352
v -0.59607309 1.74572021 -0.19850715
v -0.59641707 1.75065932 -0.20234628
v -0.6024096 1.75151935 -0.2022665
v -0.6035369 1.7534263 -0.20362328
v -0.60715652 1.75395192 -0.20358007
v -0.60800481 1.76003961 -0.20825823
v -0.60453737 1.76527424 -0.21281119
v -0.60100085 1.76438607 -0.21255966
v -0.59912789 1.76569992 -0.21382944
v -0.59327692 1.76421984 -0.21340568
v -0.59077471 1.76859555 -0.21716465
v -0.59043258 1.76365784 -0.21332426
v -0.58443356 1.7627967 -0.21340944
v -0.58330566 1.76089017 -0.21205334
v -0.58731681 1.67550474 -0.29369293
v -0.58826739 1.68092892 -0.29912464
v -0.59071147 1.67079479 -0.28854619
v -0.58731681 1.67550474 -0.29369293
v -0.59427506 1.67154881 -0.28895168
v -0.5961327 1.67035523 -0.28754614
v -0.60202771 1.67161182 -0.28822659
v -0.6044631 1.66767654 -0.28396927
v -0.60488993 1.67208207 -0.28841446
v -0.61091834 1.67278439 -0.28851674
v -0.61208147 1.6744746 -0.29012017
v -0.61572301 1.67490447 -0.29018752
v -0.61667621 1.68033087 -0.29561745
v -0.61328405 1.68504295 -0.30076246
v -0.60971975 1.68428829 -0.30035751
v -0.60786217 1.68548198 -0.30176298
v -0.60196567 1.68422408 -0.30108355
v -0.59952956 1.6881588 -0.30534135
v -0.59910274 1.68375325 -0.30089615
v -0.59307271 1.68304957 -0.300795
v -0.59190983 1.6813595 -0.2991914
v -0.59515095 1.57725051 -0.38188373
v -0.59617573 1.5821974 -0.38775246
v -0.59849244 1.57295293 -0.37636016
v -0.59515095 1.57725051 -0.38188373
v -0.60207504 1.57363856 -0.37682901
v -0.60392189 1.57254899 -0.37532865
v -0.60984886 1.57369184 -0.37611447
v -0.61223942 1.57010177 -0.37154172
v -0.61272478 1.57411924 -0.37634222
v -0.61877865 1.57475689 -0.37650488
v -0.6199671 1.57629791 -0.37824522
v -0.62362427 1.57668838 -0.37834941
v -0.62465173 1.58163759 -0.38421629
v -0.62131304 1.58593753 -0.38973795
v -0.61772901 1.58525065 -0.38927011
v -0.6158824 1.58634046 -0.3907703
v -0.60995334 1.58519578 -0.3899859
v -0.60756361 1.5887866 -0.39455812
v -0.60707664 1.58476776 -0.38975869
v -0.60102159 1.58412907 -0.3895968
v -0.59983313 1.58258808 -0.38785653
v -0.60401613 1.46557444 -0.46830581
v -0.60510308 1.47014529 -0.4744669
v -0.60730892 1.46163991 -0.46249984
v -0.60401613 1.46557444 -0.46830581
v -0.61090541 1.46230352 -0.46298556
v -0.61274147 1.4613148 -0.46140663
v -0.61869121 1.46242049 -0.46222107
v -0.62104142 1.45913082 -0.45741455
v -0.62157655 1.46283969 -0.46245496
v -0.62764692 1.46348035 -0.462615
v -0.62885547 1.4649114 -0.46444075
v -0.63252234 1.46530306 -0.4645438
v -0.63360929 1.46987391 -0.4707049
v -0.6303165 1.47380844 -0.47651087
v -0.62672007 1.47314483 -0.47602515
v -0.62488401 1.47413355 -0.47760408
v -0.61893427 1.47302786 -0.47678964
v -0.61658406 1.47631752 -0.48159616
v -0.61604893 1.47260866 -0.47655575
v -0.60997862 1.471968 -0.47639571
v -0.60877007 1.47053695 -0.47456996
v -0.61483032 1.3458389 -0.54990689
v -0.61595047 1.35005748 -0.55630861
v -0.61808759 1.34228206 -0.54384296
v -0.61483032 1.3458389 -0.54990689
v -0.62168312 1.34295499 -0.5443223
v -0.62350863 1.34207892 -0.54266642
v -0.629457 1.34319943 -0.54347073
v -0.63177812 1.34021842 -0.53845339
v -0.63234079 1.34363532 -0.54369323
v -0.63840592 1.34433067 -0.5438159
v -0.6396234 1.34566671 -0.54570656
v -0.6432873 1.34609103 -0.54578732
v -0.64440739 1.35030961 -0.55218904
v -0.64115012 1.35386646 -0.55825298
v -0.63755465 1.35319352 -0.55777363
v -0.63572919 1.35406959 -0.55942951
v -0.62978077 1.35294908 -0.55862521
v -0.62745965 1.35593009 -0.56364255
v -0.62689698 1.35251319 -0.5584027
v -0.62083185 1.35181785 -0.55828004
v -0.61961436 1.35048181 -0.55638938
v -0.62862051 1.22345036 -0.62360893
v -0.62978137 1.22732162 -0.63021939
v -0.63182759 1.22032058 -0.61728822
v -0.62862051 1.22345036 -0.62360893
v -0.63541687 1.22104728 -0.61773525
v -0.63722622 1.22030908 -0.61599652
v -0.64316416 1.22151792 -0.61674766
v -0.64544487 1.21888179 -0.61152302
v -0.64604175 1.22200638 -0.61693858
v -0.65209162 1.22283238 -0.61698274
v -0.65331876 1.22408599 -0.61892293
v -0.65697348 1.22458887 -0.61895649
v -0.65813434 1.22846013 -0.62556694
v -0.65492725 1.23158991 -0.63188766
v -0.65133798 1.23086321 -0.63144062
v -0.64952862 1.23160142 -0.63317935
v -0.64359069 1.23039258 -0.63242821
v -0.64130998 1.23302871 -0.63765286
v -0.6407131 1.22990412 -0.6322373
v -0.63466322 1.22907811 -0.63219313
v -0.63343608 1.22782451 -0.63025294
v -0.64673352 1.10402036 -0.68614976
v -0.64795601 1.10750264 -0.69296239
v -0.64985442 1.1014353 -0.67954598
v -0.64673352 1.10402036 -0.68614976
v -0.65342557 1.10227627 -0.67993365
v -0.65520525 1.10172498 -0.67809771
v -0.6611135 1.103122 -0.67875116
v -0.66332519 1.10092133 -0.67330019
v -0.66397476 1.10371304 -0.67888872
v -0.66998672 1.10477829 -0.67880856
v -0.67122638 1.10595316 -0.68078963
v -0.67485821 1.10660011 -0.68074833
v -0.6760807 1.11008239 -0.68756096
v -0.6729598 1.11266744 -0.69416474
v -0.66938865 1.11182648 -0.69377707
v -0.66760898 1.11237776 -0.69561301
v -0.66170073 1.11098075 -0.69495957
v -0.65948904 1.11318141 -0.70041053
v -0.65883946 1.11038971 -0.694822
v -0.6528275 1.10932446 -0.69490217
v -0.65158784 1.10814959 -0.69292109
v -0.67056811 0.99306434 -0.73427944
v -0.67190421 0.99604446 -0.74130557
v -0.67351186 0.99126309 -0.72734235
v -0.67056811 0.99306434 -0.73427944
v -0.67703485 0.99231702 -0.72763948
v -0.67875111 0.99204659 -0.72568415
v -0.68457985 0.99379504 -0.72618811
v -0.68665099 0.99221617 -0.7204728
v -0.68739927 0.99457163 -0.72624682
v -0.69331586 0.99605858 -0.7259873
v -0.69457471 0.99714851 -0.72800456
v -0.69814909 0.99804956 -0.72785519
v -0.69948518 1.00102967 -0.73488133
v -0.69654143 1.00283092 -0.74181841
v -0.69301844 1.00177699 -0.74152128
v -0.69130218 1.00204742 -0.74347661
v -0.68547344 1.00029898 -0.74297266
v -0.6834023 1.00187784 -0.74868797
v -0.68265402 0.99952239 -0.74291395
v -0.67673743 0.99803543 -0.74317347
v -0.67547858 0.9969455 -0.74115621
v -0.70169163 0.89590216 -0.76470642
v -0.70328236 0.89813721 -0.77195261
v -0.70420444 0.89536166 -0.7573971
v -0.70169163 0.89590216 -0.76470642
v -0.70759225 0.89681101 -0.7575774
v -0.70914972 0.89700508 -0.75548492
v -0.71475542 0.89940596 -0.75579624
v -0.71648645 0.89882219 -0.74978702
v -0.71745872 0.90052223 -0.75575463
v -0.72311485 0.90277147 -0.75527005
v -0.72440994 0.90375519 -0.7573186
v -0.72782731 0.90511572 -0.75703357
v -0.72941804 0.90735078 -0.76427977
v -0.72690523 0.90789127 -0.77158909
v -0.72351742 0.90644193 -0.77140878
v -0.72195995 0.90624785 -0.77350126
v -0.71635425 0.90384698 -0.77318995
v -0.71462321 0.90443075 -0.77919917
v -0.71365094 0.9027307 -0.77323155
v -0.70799482 0.90048146 -0.77371614
v -0.70669973 0.89949775 -0.77166758
v -0.74216497 0.81768334 -0.77378224
v -0.74440432 0.81876028 -0.78112106
v -0.74352074 0.81920838 -0.7663077
v -0.74216497 0.81768334 -0.77378224
v -0.74651587 0.8213588 -0.76643197
v -0.74763978 0.82232702 -0.76427756
v -0.75259709 0.8258853 -0.76449625
v -0.75341773 0.82692671 -0.75835709
v -0.75496542 0.82759953 -0.76440684
v -0.75987446 0.83118236 -0.76381557
v -0.76124978 0.83202302 -0.76587562
v -0.76421666 0.83418787 -0.76552622
v -0.76645601 0.8352648 -0.77286504
v -0.76510024 0.83373976 -0.78033958
v -0.76210511 0.83158934 -0.78021531
v -0.7609812 0.83062112 -0.78236972
v -0.75602388 0.82706285 -0.78215103
v -0.75520325 0.82602143 -0.78829019
v -0.75365555 0.82534862 -0.78224044
v -0.74874651 0.82176578 -0.78283171
v -0.7473712 0.82092512 -0.78077166
v -0.79410172 0.76545537 -0.76139276
v -0.79824662 0.76720452 -0.76770096
v -0.79247594 0.76720452 -0.75402187
v -0.79410172 0.76545537 -0.76139276
v -0.79465711 0.77010524 -0.75335936
v -0.79471183 0.77132118 -0.75104408
v -0.79832637 0.77612162 -0.74995975
v -0.79678202 0.77727389 -0.74398188
v -0.799986 0.77842617 -0.74925964
v -0.80328512 0.78322661 -0.74742733
v -0.80498159 0.78444254 -0.74900381
v -0.80697823 0.78734326 -0.74790387
v -0.81112313 0.78909242 -0.75421207
v -0.81274891 0.78734326 -0.76158296
v -0.81056774 0.78444254 -0.76224546
v -0.81051302 0.78322661 -0.76456074
v -0.80689847 0.77842617 -0.76564507
v -0.80844283 0.77727389 -0.77162294
v -0.80523884 0.77612162 -0.76634519
v -0.80193973 0.77132118 -0.76817749
v -0.80024326 0.77010524 -0.76660101
vn 0.58414 -0.78849 -0.19252
vn 0.52475 -0.8234 -0.21598
vn -0.04974 -0.48225 -0.87462
vn 0.0703 -0.48772 -0.87017
vn 0.62759 -0.45842 0.62927
vn 0.63665 -0.43713 0.63529
vn 0.53556 -0.26634 0.8014
vn 0.60391 -0.34102 0.72042
vn 0.57693 -0.32413 0.74973
vn 0.5938 -0.31515 0.74033
vn 0.614 -0.38586 0.68856
vn 0.64925 -0.48501 0.58587
vn 0.39929 -0.01803 0.91665
vn 0.40187 0.04617 0.91453
vn -0.09503 0.51795 0.85011
vn 0.03249 0.50025 0.86527
vn 0.08751 0.36153 0.92825
vn 0.15005 0.37669 0.91411
vn 0.05133 0.40478 0.91297
vn 0.16259 0.36253 0.91768
vn -0.01875 0.4828 0.87553
vn 0.03724 0.49583 0.86762
vn -0.58962 0.78951 0.17038
vn -0.52031 0.82406 0.22405
vn -0.6187 0.37317 -0.69134
vn -0.64464 0.46666 -0.60553
vn -0.58021 0.30756 -0.75417
vn -0.5941 0.3159 -0.73976
vn -0.55187 0.26332 -0.79126
vn -0.60364 0.34035 -0.72096
vn -0.63229 0.4648 -0.61981
vn -0.64174 0.4551 -0.6173
vn -0.31977 -0.08391 -0.94377
vn -0.43257 0.00292 -0.9016
vn 0.05651 -0.50064 -0.86381
vn -0.01916 -0.51256 -0.85844
vn -0.05038 -0.38505 -0.92152
vn -0.16263 -0.36154 -0.91806
vn -0.06575 -0.35798 -0.93141
vn -0.14905 -0.37688 -0.91419
vn 0.60666 -0.75527 -0.24806
vn 0.03141 -0.41026 -0.91143
vn 0.64071 -0.42613 0.63867
vn 0.60077 -0.35004 0.71871
vn 0.58226 -0.31833 0.74809
vn 0.66488 -0.47869 0.5734
vn 0.34661 0.01253 0.93792
vn -0.05163 0.42609 0.90321
vn 0.07054 0.3127 0.94723
vn 0.08812 0.29532 0.95132
vn -0.05032 0.42451 0.90402
vn -0.60246 0.75412 0.26142
vn -0.65778 0.46241 -0.59456
vn -0.58263 0.31912 -0.74747
vn -0.60037 0.34945 -0.71934
vn -0.64824 0.44201 -0.62001
vn -0.39576 0.0474 -0.91713
vn 0.06789 -0.44175 -0.89456
vn -0.08989 -0.29567 -0.95105
vn -0.07098 -0.31438 -0.94664
vn 0.71269 -0.64493 -0.27593
vn 0.14357 -0.28739 -0.94699
vn 0.6338 -0.41861 0.65043
vn 0.59168 -0.37171 0.71537
vn 0.55445 -0.33421 0.76216
vn 0.68242 -0.47409 0.55636
vn 0.25928 -0.05686 0.96413
vn -0.16994 0.29547 0.94012
vn -0.04467 0.19737 0.97931
vn -0.01807 0.17525 0.98436
vn -0.17427 0.29739 0.93872
vn -0.70986 0.63776 0.29894
vn -0.67175 0.46165 -0.57934
vn -0.55477 0.335 -0.76158
vn -0.59113 0.37148 -0.71594
vn -0.64443 0.4311 -0.63156
vn -0.34597 0.12756 -0.92953
vn 0.18884 -0.31817 -0.92904
vn 0.01234 -0.18184 -0.98325
vn 0.03966 -0.20462 -0.97804
vn 0.84111 -0.46384 -0.2782
vn 0.28266 -0.09102 -0.95489
vn 0.59435 -0.43819 0.67434
vn 0.57329 -0.42718 0.69918
vn 0.48613 -0.39801 0.77799
vn 0.70581 -0.47581 0.52482
vn 0.1087 -0.22545 0.96817
vn -0.34554 0.02891 0.93796
vn -0.2196 -0.0464 0.97449
vn -0.17684 -0.07567 0.98133
vn -0.35671 0.03452 0.93358
vn -0.85391 0.41855 0.30928
vn -0.68936 0.47115 -0.55028
vn -0.48703 0.39824 -0.77731
vn -0.57269 0.42642 -0.70014
vn -0.61044 0.44481 -0.65537
vn -0.28681 0.26742 -0.91991
vn 0.35348 -0.09271 -0.93084
vn 0.14857 0.01443 -0.9888
vn 0.18664 -0.01897 -0.98224
vn 0.85184 -0.52076 -0.05647
vn 0.03919 -0.58249 -0.81189
vn 0.49324 -0.57091 0.65633
vn 0.56564 -0.55623 0.60881
vn 0.37817 -0.60324 0.7022
vn 0.74017 -0.48501 0.46575
vn -0.06958 -0.60185 0.79557
vn -0.52778 -0.46415 0.71134
vn -0.39478 -0.51844 0.75853
vn -0.33493 -0.54563 0.76819
vn -0.53386 -0.45864 0.71038
vn -0.98615 0.04748 0.15891
vn -0.71862 0.49592 -0.4875
vn -0.37924 0.60031 -0.70413
vn -0.56406 0.55199 -0.61412
vn -0.50879 0.55324 -0.65959
vn -0.21472 0.48379 -0.84844
vn 0.55517 0.33258 -0.76235
vn -0.03738 0.12985 -0.99083
vn -0.29073 -0.84884 -0.44154
vn 0.83765 -0.04383 0.54444
vn -0.30702 0.44839 0.83945
vn 0.52356 -0.75556 0.39372
vn 0.59932 -0.69867 0.39073
vn 0.42208 -0.82779 0.3696
vn 0.7604 -0.52186 0.38658
vn 0.0049 -0.96304 0.2693
vn -0.47779 -0.87376 0.09086
vn -0.31536 -0.9359 0.15699
vn -0.27784 -0.94481 0.17363
vn -0.4503 -0.88739 0.09885
vn -0.94081 -0.23999 -0.23932
vn -0.74387 0.5428 -0.38991
vn -0.422 0.82903 -0.36692
vn -0.60523 0.69218 -0.39317
vn -0.52014 0.74921 -0.41005
vn -0.31511 0.87501 -0.36751
vn 0.46257 0.88292 -0.08057
vn -0.472 0.86743 0.15742
vn -0.11272 -0.13953 0.98378
vn 0.7809 0.1295 0.61108
vn 0.12504 0.75375 0.64516
vn 0.70717 -0.69976 0.10117
vn 0.699 -0.71037 0.08235
vn 0.62342 -0.78184 0.00888
vn 0.80542 -0.55033 0.22006
vn 0.30386 -0.92042 -0.24597
vn -0.21774 -0.8308 -0.51221
vn -0.02351 -0.90041 -0.4344
vn -0.0247 -0.90228 -0.43045
vn -0.15847 -0.85446 -0.49476
vn -0.78726 -0.21904 -0.57641
vn -0.79327 0.57526 -0.19951
vn -0.62901 0.77739 -0.00484
vn -0.7001 0.71042 -0.07188
vn -0.72181 0.67961 -0.13084
vn -0.40484 0.85197 0.33204
vn 0.10425 0.79754 0.59419
vn -0.03864 0.82781 0.55967
vn -0.06965 0.8287 0.55534
vn 0.73928 0.05773 0.67092
vn -0.01803 0.57335 0.81911
vn 0.84962 -0.52314 -0.06683
vn 0.82126 -0.55437 -0.13491
vn 0.78931 -0.58188 -0.19596
vn 0.88818 -0.45639 0.05328
vn 0.52981 -0.67062 -0.51919
vn -0.01738 -0.57867 -0.81538
vn 0.19775 -0.6428 -0.74007
vn 0.17911 -0.63922 -0.74788
vn 0.0561 -0.60285 -0.79588
vn -0.7072 -0.10546 -0.6991
vn -0.88179 0.47096 -0.02538
vn -0.79184 0.57841 0.19605
vn -0.82165 0.55272 0.13927
vn -0.85887 0.51019 0.04528
vn -0.57761 0.65168 0.4916
vn -0.04371 0.58122 0.81257
vn -0.18783 0.6233 0.75909
vn -0.2063 0.62874 0.74975
vn 0.71916 0.01353 0.69472
vn -0.11528 0.32668 0.93808
vn 0.93606 -0.31643 -0.15384
vn 0.90603 -0.33914 -0.25317
vn 0.88784 -0.34907 -0.29982
vn 0.9562 -0.28857 -0.04907
vn 0.65369 -0.39297 -0.64673
vn 0.08591 -0.32465 -0.94192
vn 0.31415 -0.36811 -0.8751
vn 0.28832 -0.36421 -0.88556
vn 0.16587 -0.34125 -0.92522
vn -0.68377 -0.0357 -0.72882
vn -0.9521 0.29566 0.07801
vn -0.88879 0.34735 0.29899
vn -0.90595 0.33799 0.255
vn -0.94189 0.30948 0.1306
vn -0.67251 0.38764 0.63045
vn -0.14406 0.33211 0.93218
vn -0.29046 0.3597 0.88671
vn -0.3147 0.36385 0.87668
vn 0.71304 -0.00535 0.7011
vn -0.15848 0.10013 0.98227
vn 0.97643 -0.10809 -0.1868
vn 0.94561 -0.11556 -0.30407
vn 0.93304 -0.11766 -0.33999
vn 0.99012 -0.10144 -0.09684
vn 0.70798 -0.12824 -0.69449
vn 0.12973 -0.09974 -0.98652
vn 0.36203 -0.11588 -0.92494
vn 0.3345 -0.11424 -0.93545
vn 0.2094 -0.10552 -0.97212
vn -0.68041 -0.00083 -0.73283
vn -0.9867 0.10287 0.12586
vn -0.93356 0.1165 0.33897
vn -0.94534 0.1145 0.30532
vn -0.98106 0.10546 0.16247
vn -0.71479 0.12574 0.68795
vn -0.18546 0.10178 0.97737
vn -0.33567 0.11221 0.93527
vn -0.36131 0.11392 0.92546
vn 0.70863 -0.00862 0.70553
vn -0.16467 -0.08951 0.98228
vn 0.98048 0.07968 -0.17977
vn 0.94742 0.08711 -0.30791
vn 0.93784 0.08857 -0.33558
vn 0.99195 0.07274 -0.10365
vn 0.71455 0.10208 -0.6921
vn 0.13758 0.08851 -0.98653
vn 0.36447 0.09832 -0.92601
vn 0.33969 0.09748 -0.93547
vn 0.21026 0.09215 -0.97329
vn -0.68163 0.01458 -0.73156
vn -0.98831 -0.07579 0.13225
vn -0.93824 -0.08941 0.33423
vn -0.94694 -0.08816 0.30909
vn -0.98481 -0.07897 0.15467
vn -0.71553 -0.10348 0.69087
vn -0.18706 -0.09095 0.97813
vn -0.33975 -0.09769 0.93543
vn -0.36449 -0.09871 0.92596
vn 0.71685 -0.12012 0.6868
vn -0.19436 -0.2939 0.93587
vn 0.96685 0.16381 -0.19586
vn 0.94619 0.18162 -0.26786
vn 0.91811 0.19992 -0.3422
vn 0.98929 0.12766 -0.0707
vn 0.64993 0.27679 -0.7078
vn 0.16672 0.29254 -0.94161
vn 0.31436 0.29693 -0.90167
vn 0.3567 0.29653 -0.88591
vn 0.14965 0.2915 -0.94479
vn -0.70034 0.12902 -0.70205
vn -0.98597 -0.13533 0.0977
vn -0.91848 -0.19964 0.34139
vn -0.94588 -0.18183 0.26878
vn -0.97227 -0.15775 0.17263
vn -0.75 -0.25967 0.60834
vn -0.1229 -0.28948 0.94926
vn -0.35855 -0.29712 0.88496
vn -0.31265 -0.29715 0.9022
vn 0.72157 -0.34695 0.59914
vn -0.19839 -0.48197 0.85343
vn 0.97062 0.11109 -0.21343
vn 0.94667 0.15148 -0.28438
vn 0.91891 0.18711 -0.34726
vn 0.99246 0.05245 -0.11074
vn 0.63772 0.37422 -0.67325
vn 0.17205 0.48345 -0.8583
vn 0.29603 0.46761 -0.83289
vn 0.35644 0.45668 -0.8151
vn 0.12571 0.48687 -0.86438
vn -0.71628 0.34888 -0.60434
vn -0.98869 -0.06585 0.13472
vn -0.91945 -0.18613 0.34636
vn -0.94632 -0.1517 0.28542
vn -0.9765 -0.09838 0.19177
vn -0.75038 -0.32007 0.57834
vn -0.09841 -0.48959 0.86638
vn -0.3579 -0.45757 0.81396
vn -0.29465 -0.46897 0.83261
vn 0.7066 -0.50483 0.49584
vn -0.18731 -0.58978 0.78554
vn 0.97128 0.03013 -0.23602
vn 0.93668 0.11155 -0.33194
vn 0.92395 0.13424 -0.35819
vn 0.98313 -0.01357 -0.18243
vn 0.67003 0.39024 -0.63148
vn 0.16157 0.59468 -0.78756
vn 0.31785 0.55474 -0.76892
vn 0.34733 0.54528 -0.76291
vn 0.15109 0.59643 -0.78831
vn -0.70503 0.50468 -0.49823
vn -0.97919 -0.00352 0.2029
vn -0.92431 -0.13378 0.35742
vn -0.93642 -0.11225 0.33244
vn -0.97625 -0.01399 0.21618
vn -0.72388 -0.35201 0.59337
vn -0.12491 -0.60181 0.78881
vn -0.34825 -0.54543 0.76238
vn -0.3171 -0.55546 0.76871
vn 0.69109 -0.57663 0.43576
vn -0.18916 -0.63609 0.74807
vn 0.96598 -0.01201 -0.25832
vn 0.9285 0.09078 -0.36006
vn 0.92188 0.10445 -0.37314
vn 0.97364 -0.04582 -0.22344
vn 0.6837 0.38916 -0.61734
vn 0.16352 0.64281 -0.74837
vn 0.33193 0.58894 -0.73687
vn 0.34823 0.58252 -0.73444
vn 0.16803 0.64159 -0.74842
vn -0.69101 0.57652 -0.43604
vn -0.96976 0.0273 0.24252
vn -0.92225 -0.10373 0.37243
vn -0.92818 -0.09151 0.36071
vn -0.9704 0.03022 0.2396
vn -0.71274 -0.36497 0.599
vn -0.14199 -0.64817 0.74814
vn -0.34923 -0.5822 0.73422
vn -0.33102 -0.58937 0.73694
vn 0.6795 -0.61511 0.39991
vn -0.19139 -0.65688 0.7293
vn 0.96016 -0.03921 -0.2767
vn 0.92177 0.07544 -0.38033
vn 0.91815 0.08351 -0.38734
vn 0.96576 -0.06662 -0.25072
vn 0.68923 0.38264 -0.61527
vn 0.16596 0.66447 -0.72866
vn 0.33923 0.60223 -0.72266
vn 0.34924 0.59785 -0.72153
vn 0.17739 0.66109 -0.72904
vn -0.68041 0.61458 -0.39916
vn -0.96199 0.04741 0.26896
vn -0.91851 -0.08274 0.38665
vn -0.92144 -0.0762 0.38098
vn -0.96422 0.05835 0.25861
vn -0.70608 -0.3674 0.60536
vn -0.15158 -0.66855 0.72805
vn -0.35023 -0.59743 0.72139
vn -0.33829 -0.60266 0.72275
vn 0.67145 -0.63709 0.37852
vn -0.19177 -0.6638 0.72291
vn 0.95432 -0.06009 -0.2927
vn 0.91536 0.06158 -0.3979
vn 0.91355 0.06579 -0.40138
vn 0.95873 -0.08284 -0.27198
vn 0.69027 0.37242 -0.62035
vn 0.16654 0.67195 -0.72163
vn 0.34188 0.60423 -0.71974
vn 0.34845 0.60117 -0.71915
vn 0.1815 0.66716 -0.72247
vn -0.67324 0.63614 -0.37694
vn -0.955 0.06334 0.28976
vn -0.9139 -0.065 0.40071
vn -0.91503 -0.06236 0.39853
vn -0.95817 0.07969 0.27488
vn -0.70002 -0.36317 0.61489
vn -0.15588 -0.67523 0.72094
vn -0.34943 -0.60071 0.71906
vn -0.34093 -0.60468 0.71981
vn 0.66629 -0.64915 0.36696
vn -0.18946 -0.66079 0.72627
vn 0.94815 -0.07893 -0.30787
vn 0.90836 0.0471 -0.41552
vn 0.90791 0.04816 -0.41638
vn 0.95172 -0.09754 -0.29105
vn 0.68798 0.35793 -0.63133
vn 0.16444 0.66937 -0.72451
vn 0.34055 0.59775 -0.72575
vn 0.34503 0.59556 -0.72543
vn 0.18122 0.66366 -0.72575
vn -0.66907 0.64772 -0.36444
vn -0.94796 0.07804 0.30868
vn -0.90825 -0.04736 0.41574
vn -0.90802 -0.04789 0.41617
vn -0.95192 0.09867 0.29002
vn -0.69275 -0.35327 0.62872
vn -0.15574 -0.67221 0.72379
vn -0.34599 -0.59509 0.72536
vn -0.33959 -0.59821 0.72582
vn 0.66404 -0.65332 0.36362
vn -0.18335 -0.64829 0.73899
vn 0.94128 -0.09835 -0.32298
vn 0.89996 0.03045 -0.43492
vn 0.90091 0.02823 -0.43309
vn 0.94405 -0.11242 -0.31006
vn 0.68256 0.33744 -0.64827
vn 0.15858 0.65719 -0.73685
vn 0.33513 0.58252 -0.74051
vn 0.33793 0.5811 -0.74036
vn 0.17654 0.6508 -0.73844
vn -0.66796 0.65146 -0.35976
vn -0.94011 0.09326 0.32787
vn -0.9012 -0.02738 0.43254
vn -0.89958 -0.03116 0.43563
vn -0.94504 0.11802 0.30491
vn -0.6826 -0.33733 0.64828
vn -0.1512 -0.65973 0.73613
vn -0.33886 -0.58063 0.7403
vn -0.33419 -0.58299 0.74057
vn 0.66598 -0.64786 0.36981
vn -0.17121 -0.62409 0.76237
vn 0.93392 -0.11953 -0.33691
vn 0.88966 0.01098 -0.4565
vn 0.89262 0.00438 -0.45079
vn 0.93552 -0.12749 -0.32947
vn 0.67431 0.30816 -0.67108
vn 0.14666 0.63321 -0.75995
vn 0.3251 0.55576 -0.76514
vn 0.32512 0.55568 -0.76519
vn 0.16701 0.62572 -0.76196
vn -0.67119 0.64565 -0.36418
vn -0.93121 0.10911 0.34778
vn -0.89283 -0.0034 0.45039
vn -0.88919 -0.01154 0.4574
vn -0.93774 0.13887 0.31838
vn -0.6673 -0.31463 0.67507
vn -0.14175 -0.63498 0.75942
vn -0.32604 -0.55522 0.76513
vn -0.32418 -0.55624 0.76519
vn 0.67229 -0.63113 0.3869
vn -0.1518 -0.57938 0.8008
vn 0.92394 -0.14811 -0.3527
vn 0.87447 -0.01786 -0.48475
vn 0.88035 -0.02961 -0.47341
vn 0.9236 -0.14779 -0.35373
vn 0.65841 0.26351 -0.70502
vn 0.12767 0.58882 -0.79812
vn 0.30472 0.51039 -0.80415
vn 0.30429 0.51043 -0.80428
vn 0.14616 0.58179 -0.8001
vn -0.68083 0.62789 -0.37712
vn -0.91871 0.13069 0.37268
vn -0.88052 0.03067 0.47302
vn -0.87391 0.01741 0.48577
vn -0.92806 0.16662 0.33307
vn -0.64456 -0.27547 0.7132
vn -0.12072 -0.5913 0.79736
vn -0.30515 -0.50989 0.8043
vn -0.3037 -0.5108 0.80427
vn 0.6856 -0.59684 0.41681
vn -0.11358 -0.49417 0.86192
vn 0.90599 -0.19841 -0.37391
vn 0.84517 -0.07031 -0.52986
vn 0.85741 -0.09028 -0.50666
vn 0.90079 -0.18455 -0.39309
vn 0.62849 0.18082 -0.75651
vn 0.09049 0.50468 -0.85855
vn 0.26425 0.42557 -0.86548
vn 0.26364 0.42542 -0.86574
vn 0.1045 0.49922 -0.86015
vn -0.70021 0.59269 -0.39803
vn -0.89481 0.16975 0.41293
vn -0.85755 0.0915 0.50619
vn -0.84447 0.07009 0.53099
vn -0.91083 0.21529 0.35221
vn -0.60142 -0.20105 0.77322
vn -0.07845 -0.5085 0.85748
vn -0.26407 -0.42409 0.86627
vn -0.26279 -0.42515 0.86613
vn 0.71838 -0.51933 0.46285
vn -0.02894 -0.31482 0.94871
vn 0.87079 -0.29719 -0.39166
vn 0.78062 -0.18164 -0.59803
vn 0.81062 -0.21385 -0.54513
vn 0.84869 -0.26442 -0.45805
vn 0.56529 0.00756 -0.82485
vn 0.00714 0.32536 -0.94556
vn 0.17479 0.24559 -0.95349
vn 0.17334 0.24503 -0.9539
vn 0.01156 0.3242 -0.94592
vn -0.74397 0.51796 -0.42217
vn -0.84094 0.25402 0.47781
vn -0.81083 0.21458 0.54452
vn -0.78001 0.18143 0.59888
vn -0.87736 0.30948 0.36669
vn -0.50639 -0.04504 0.86113
vn 0.01438 -0.33491 0.94214
vn -0.17397 -0.24416 0.954
vn -0.17363 -0.24556 0.9537
vn 0.78027 -0.39964 0.48111
vn 0.10015 -0.06954 0.99254
vn 0.81834 -0.40097 -0.41175
vn 0.70195 -0.33936 -0.62617
vn 0.73878 -0.35858 -0.57064
vn 0.78811 -0.38571 -0.47969
vn 0.45802 -0.21274 -0.86311
vn -0.12332 0.07838 -0.98927
vn 0.05082 -0.00783 -0.99868
vn 0.04258 -0.00497 -0.99908
vn -0.10937 0.07202 -0.99139
vn -0.79892 0.40711 -0.4427
vn -0.77806 0.37997 0.50023
vn -0.73942 0.35858 0.5698
vn -0.70157 0.33878 0.62692
vn -0.82831 0.40626 0.38581
vn -0.38955 0.17776 0.90369
vn 0.13293 -0.08672 0.98732
vn -0.04496 0.00306 0.99898
vn -0.05116 0.00464 0.99868
vn 0.83125 -0.3125 0.45975
vn 0.18426 0.08105 0.97953
vn 0.78009 -0.44346 -0.44136
vn 0.67657 -0.42258 -0.60306
vn 0.68932 -0.42601 -0.58596
vn 0.77811 -0.44343 -0.44487
vn 0.37474 -0.32714 -0.8675
vn -0.20866 -0.07127 -0.97539
vn -0.02273 -0.1607 -0.98674
vn -0.03456 -0.15563 -0.98721
vn -0.17608 -0.08747 -0.98048
vn -0.83438 0.31449 -0.45266
vn -0.76601 0.44139 0.46733
vn -0.69021 0.42596 0.58495
vn -0.67612 0.42218 0.60385
vn -0.79232 0.44487 0.41752
vn -0.34372 0.31362 0.88516
vn 0.19858 0.07375 0.97731
vn 0.03225 0.15407 0.98753
vn 0.02258 0.15807 0.98717
vn 0.85459 -0.26 0.44952
vn 0.2125 0.15096 0.96543
vn 0.77761 -0.45067 -0.43842
vn 0.6679 -0.44296 -0.59808
vn 0.68189 -0.44466 -0.58078
vn 0.77455 -0.4505 -0.44399
vn 0.3526 -0.3708 -0.85917
vn -0.23576 -0.13978 -0.96171
vn -0.05291 -0.22242 -0.97352
vn -0.06073 -0.21921 -0.97379
vn -0.20892 -0.1523 -0.966
vn -0.85851 0.26398 -0.43962
vn -0.762 0.45007 0.4656
vn -0.68298 0.44438 0.57971
vn -0.6677 0.44249 0.59864
vn -0.79077 0.44999 0.41496
vn -0.32352 0.36191 0.87428
vn 0.23258 0.14109 0.96229
vn 0.05952 0.21978 0.97373
vn 0.05394 0.22205 0.97354
vn 0.87273 -0.21563 0.438
vn 0.24217 0.22908 0.9428
vn 0.76678 -0.47631 -0.43032
vn 0.65101 -0.48196 -0.58643
vn 0.66547 -0.48218 -0.56978
vn 0.76294 -0.47645 -0.43695
vn 0.32292 -0.43253 -0.84181
vn -0.26512 -0.21785 -0.93928
vn -0.0886 -0.29646 -0.95093
vn -0.09084 -0.29549 -0.95102
vn -0.24597 -0.22675 -0.94238
vn -0.87762 0.22168 -0.42502
vn -0.7499 0.47751 0.45785
vn -0.66695 0.4815 0.56863
vn -0.65109 0.48128 0.58691
vn -0.78106 0.47338 0.40725
vn -0.29926 0.42638 0.85361
vn 0.26987 0.21554 0.93846
vn 0.08984 0.29621 0.95089
vn 0.08977 0.29632 0.95086
vn 0.88552 -0.18338 0.42687
vn 0.27367 0.31388 0.90917
vn 0.74677 -0.52254 -0.41145
vn 0.62582 -0.54094 -0.5619
vn 0.63984 -0.53998 -0.54683
vn 0.74277 -0.52302 -0.41802
vn 0.28475 -0.51073 -0.81122
vn -0.29619 -0.30218 -0.90607
vn -0.12894 -0.37976 -0.91605
vn -0.12437 -0.38155 -0.91594
vn -0.28638 -0.30694 -0.90762
vn -0.89098 0.19261 -0.41116
vn -0.72903 0.52594 0.43806
vn -0.64137 0.53934 0.54568
vn -0.62586 0.54045 0.56232
vn -0.76195 0.51778 0.38902
vn -0.26939 0.5072 0.81864
vn 0.31023 0.29504 0.90372
vn 0.12347 0.38237 0.91572
vn 0.13016 0.37971 0.9159
vn 0.89199 -0.16706 0.42006
vn 0.30775 0.40072 0.86297
vn 0.71552 -0.58904 -0.37558
vn 0.59077 -0.61837 -0.51827
vn 0.60311 -0.61679 -0.50578
vn 0.7125 -0.58942 -0.38069
vn 0.23639 -0.60189 -0.76279
vn -0.32961 -0.38813 -0.86064
vn -0.17429 -0.46746 -0.86667
vn -0.16198 -0.47289 -0.86611
vn -0.33015 -0.38755 -0.8607
vn -0.89748 0.18037 -0.40248
vn -0.69798 0.59414 0.39978
vn -0.60457 0.61627 0.50468
vn -0.59069 0.61812 0.51867
vn -0.73156 0.58265 0.35404
vn -0.23243 0.60072 0.76493
vn 0.35362 0.37428 0.85724
vn 0.16112 0.47376 0.86579
vn 0.17548 0.46739 0.86646
vn 0.89044 -0.16846 0.42278
vn 0.34546 0.48259 0.80484
vn 0.67039 -0.67072 -0.31735
vn 0.5437 -0.70795 -0.45077
vn 0.55294 -0.7065 -0.44173
vn 0.66996 -0.67016 -0.31944
vn 0.17664 -0.69817 -0.6938
vn -0.36643 -0.46875 -0.80374
vn -0.22465 -0.55202 -0.803
vn -0.20482 -0.56212 -0.80129
vn -0.37662 -0.46157 -0.80319
vn -0.89522 0.1861 -0.40491
vn -0.65466 0.67635 0.33761
vn -0.55431 0.70604 0.44073
vn -0.54349 0.70784 0.4512
vn -0.68729 0.66294 0.29688
vn -0.18619 0.69946 0.69
vn 0.39931 0.44637 0.80082
vn 0.20401 0.56298 0.80089
vn 0.22577 0.55185 0.8028
vn 0.87864 -0.18556 0.43996
vn 0.38691 0.55125 0.7392
vn 0.60966 -0.75688 -0.23546
vn 0.48323 -0.79834 -0.35936
vn 0.48812 -0.79763 -0.35429
vn 0.61356 -0.75442 -0.2332
vn 0.10638 -0.78796 -0.60646
vn -0.40674 -0.53592 -0.73983
vn -0.27856 -0.62468 -0.7295
vn -0.25317 -0.63995 -0.72551
vn -0.42367 -0.52195 -0.74032
vn -0.88192 0.20653 -0.42374
vn -0.59755 0.76164 0.25069
vn -0.48946 0.79715 0.35352
vn -0.48292 0.79825 0.35996
vn -0.62739 0.74809 0.2162
vn -0.12924 0.79231 0.59628
vn 0.44509 0.50458 0.73979
vn 0.25239 0.64078 0.72505
vn 0.27957 0.62437 0.72939
vn 0.8548 -0.2121 0.47363
vn 0.42996 0.60044 0.67425
vn 0.53472 -0.83408 -0.13558
vn 0.41062 -0.87651 -0.25125
vn 0.4107 -0.87675 -0.25026
vn 0.54414 -0.82913 -0.12827
vn 0.02988 -0.86012 -0.50921
vn -0.44849 -0.58352 -0.67703
vn -0.33255 -0.67888 -0.65463
vn -0.30499 -0.69853 -0.64733
vn -0.46768 -0.56465 -0.68003
vn -0.8562 0.23414 -0.46055
vn -0.52755 0.83699 0.14542
vn -0.41204 0.87625 0.2498
vn -0.41024 0.87642 0.25219
vn -0.55315 0.82475 0.11749
vn -0.06278 0.86801 0.49257
vn 0.48737 0.54534 0.68196
vn 0.30419 0.69936 0.64681
vn 0.33334 0.6785 0.65462
vn 0.81913 -0.23971 0.52111
vn 0.47035 0.62905 0.61892
vn 0.45114 -0.89197 -0.02933
vn 0.3308 -0.93336 -0.13929
vn 0.32658 -0.93444 -0.14203
vn 0.46607 -0.88458 -0.01699
vn -0.04606 -0.90914 -0.41393
vn -0.48753 -0.61059 -0.62409
vn -0.38202 -0.71325 -0.58765
vn -0.35585 -0.73518 -0.57696
vn -0.5048 -0.59043 -0.62974
vn -0.8189 0.26024 -0.51155
vn -0.44903 0.89287 0.03413
vn -0.32788 0.93401 0.14185
vn -0.33024 0.93337 0.1406
vn -0.46991 0.88263 0.0121
vn 0.0084 0.92013 0.39153
vn 0.52234 0.5698 0.63442
vn 0.35483 0.73615 0.57635
vn 0.38236 0.713 0.58773
vn 0.77448 -0.2616 0.57597
vn 0.50369 0.64133 0.57878
vn 0.36676 -0.92761 0.07091
vn 0.25071 -0.96738 -0.03633
vn 0.24354 -0.96898 -0.042
vn 0.38611 -0.91827 0.08769
vn -0.11493 -0.9367 -0.33074
vn -0.51941 -0.6216 -0.58636
vn -0.42304 -0.7315 -0.53473
vn -0.40066 -0.75324 -0.52163
vn -0.53244 -0.60372 -0.59332
vn -0.7733 0.27888 -0.56941
vn -0.36868 0.92689 -0.07032
vn -0.24461 0.96871 0.04197
vn -0.24993 0.96752 0.03783
vn -0.38536 0.91858 -0.08773
vn 0.0775 0.94944 0.30422
vn 0.54754 0.58251 0.60073
vn 0.39921 0.75453 0.52088
vn 0.42281 0.73154 0.53486
vn 0.72516 -0.27496 0.6313
vn 0.52758 0.64371 0.55434
vn 0.28809 -0.94464 0.157
vn 0.17628 -0.98308 0.04986
vn 0.16773 -0.98493 0.04218
vn 0.31031 -0.93397 0.17722
vn -0.1728 -0.94877 -0.26452
vn -0.54158 -0.62312 -0.56428
vn -0.45367 -0.73938 -0.4975
vn -0.43589 -0.75911 -0.48349
vn -0.54996 -0.60974 -0.57076
vn -0.72374 0.28844 -0.6269
vn -0.29295 0.94274 -0.15943
vn -0.16864 0.98479 -0.04193
vn -0.17562 0.98328 -0.0482
vn -0.30646 0.9359 -0.17371
vn 0.13879 0.96178 0.23605
vn 0.56276 0.58849 0.5805
vn 0.4342 0.76074 0.48244
vn 0.45321 0.73964 0.49753
vn 0.67549 -0.28818 0.67872
vn 0.52515 0.63366 0.56806
vn 0.23653 -0.95133 0.19753
vn 0.13863 -0.98575 0.09533
vn 0.12417 -0.98901 0.08023
vn 0.27001 -0.93454 0.23181
vn -0.19095 -0.95158 -0.2409
vn -0.53789 -0.61195 -0.57982
vn -0.44801 -0.74498 -0.49426
vn -0.4402 -0.75456 -0.48668
vn -0.53383 -0.61905 -0.57603
vn -0.67692 0.28515 -0.67858
vn -0.25274 0.94383 -0.21287
vn -0.12491 0.98893 -0.08015
vn -0.13788 0.98601 -0.09368
vn -0.25373 0.94314 -0.21471
vn 0.1643 0.96285 0.21429
vn 0.54516 0.5986 0.58693
vn 0.43868 0.75633 0.48531
vn 0.44768 0.7453 0.49407
vn 0.62889 -0.29723 0.71844
vn 0.47397 0.62379 0.62148
vn 0.23583 -0.95311 0.18964
vn 0.15218 -0.98447 0.08751
vn 0.13452 -0.98872 0.06582
vn 0.27408 -0.93212 0.23672
vn -0.15414 -0.94958 -0.27303
vn -0.48641 -0.60152 -0.6337
vn -0.39453 -0.74471 -0.53829
vn -0.39187 -0.74823 -0.53534
vn -0.47572 -0.62133 -0.62261
vn -0.63181 0.2833 -0.7215
vn -0.25793 0.94164 -0.21632
vn -0.13493 0.98865 -0.06604
vn -0.15128 0.98473 -0.0861
vn -0.251 0.94537 -0.20805
vn 0.13111 0.96031 0.24621
vn 0.48637 0.60147 0.63377
vn 0.39036 0.74996 0.53402
vn 0.3941 0.74507 0.53811
vn 0.5801 -0.30163 0.75664
vn 0.39986 0.61786 0.67702
vn 0.25355 -0.95115 0.17613
vn 0.17834 -0.98181 0.06511
vn 0.16314 -0.98568 0.04276
vn 0.28572 -0.93157 0.2248
vn -0.10013 -0.94273 -0.31817
vn -0.41218 -0.59567 -0.68941
vn -0.32546 -0.73546 -0.59428
vn -0.32103 -0.74163 -0.589
vn -0.40432 -0.61063 -0.68093
vn -0.5819 0.29105 -0.7594
vn -0.2716 0.94077 -0.20295
vn -0.1635 0.9856 -0.04302
vn -0.17754 0.98205 -0.06366
vn -0.26698 0.94354 -0.19609
vn 0.07689 0.95473 0.28736
vn 0.41471 0.59044 0.69238
vn 0.31941 0.74337 0.58768
vn 0.32492 0.73574 0.59423
vn 0.52283 -0.30968 0.7942
vn 0.33032 0.6095 0.7207
vn 0.25722 -0.95071 0.17316
vn 0.19172 -0.97988 0.05542
vn 0.17837 -0.98346 0.0316
vn 0.28456 -0.93212 0.224
vn -0.05674 -0.93494 -0.35023
vn -0.34188 -0.58734 -0.73359
vn -0.26247 -0.72422 -0.63767
vn -0.25653 -0.73317 -0.6298
vn -0.33677 -0.5976 -0.72764
vn -0.52397 0.30165 -0.79653
vn -0.27244 0.94096 -0.20094
vn -0.17868 0.98339 -0.0319
vn -0.19101 0.98011 -0.0539
vn -0.26886 0.94335 -0.19444
vn 0.03348 0.94883 0.314
vn 0.34674 0.57719 0.73934
vn 0.25511 0.73493 0.62832
vn 0.26204 0.72452 0.6375
vn 0.45474 -0.32072 0.83087
vn 0.26253 0.60027 0.75548
vn 0.24703 -0.95265 0.17732
vn 0.1924 -0.97979 0.05477
vn 0.18064 -0.98313 0.02865
vn 0.26999 -0.9347 0.23118
vn -0.02228 -0.92753 -0.37308
vn -0.27297 -0.57806 -0.76898
vn -0.20321 -0.71228 -0.67183
vn -0.19614 -0.72435 -0.66094
vn -0.2705 -0.58347 -0.76577
vn -0.45548 0.31475 -0.83275
vn -0.25992 0.94317 -0.20707
vn -0.18088 0.98308 -0.02896
vn -0.19179 0.97999 -0.05319
vn -0.25674 0.94562 -0.19971
vn -0.00063 0.94403 0.32985
vn 0.27966 0.56276 0.77788
vn 0.19495 0.72613 0.65934
vn 0.20288 0.7126 0.67159
vn 0.3729 -0.33403 0.86566
vn 0.19409 0.59127 0.78277
vn 0.2223 -0.95708 0.18597
vn 0.1798 -0.98184 0.06054
vn 0.16977 -0.98499 0.03121
vn 0.24076 -0.93948 0.24376
vn 0.00456 -0.92109 -0.38933
vn -0.20298 -0.56895 -0.79693
vn -0.14544 -0.70042 -0.69876
vn -0.13782 -0.71612 -0.68423
vn -0.20289 -0.56897 -0.79694
vn -0.37338 0.3298 -0.86708
vn -0.23288 0.94758 -0.21875
vn -0.16992 0.98495 -0.03154
vn -0.17928 0.98203 -0.05891
vn -0.22988 0.95045 -0.2093
vn -0.02609 0.94102 0.33733
vn 0.21081 0.54789 0.80955
vn 0.13685 0.71793 0.68253
vn 0.1452 0.70075 0.69847
vn 0.27403 -0.34841 0.89639
vn 0.12306 0.58343 0.80279
vn 0.18167 -0.96354 0.19644
vn 0.15255 -0.9858 0.07013
vn 0.14484 -0.98877 0.03677
vn 0.19488 -0.94604 0.25891
vn 0.02457 -0.91583 -0.40082
vn -0.1299 -0.56099 -0.81757
vn -0.08728 -0.68926 -0.71924
vn -0.08007 -0.70924 -0.70041
vn -0.1316 -0.55485 -0.82148
vn -0.27432 0.34577 -0.89733
vn -0.1894 0.95381 -0.23317
vn -0.14487 0.98875 -0.0371
vn -0.15211 0.98599 -0.06846
vn -0.18683 0.95733 -0.22049
vn -0.04273 0.94008 0.33827
vn 0.13778 0.53336 0.83459
vn 0.07933 0.71107 0.69863
vn 0.08709 0.6896 0.71893
vn 0.15528 -0.36185 0.91921
vn 0.04828 0.5778 0.81475
vn 0.12357 -0.97085 0.20538
vn 0.10895 -0.9908 0.08029
vn 0.10466 -0.9936 0.04239
vn 0.1302 -0.95321 0.27285
vn 0.03818 -0.9118 -0.40885
vn -0.05255 -0.55528 -0.83
vn -0.02742 -0.67963 -0.73304
vn -0.02215 -0.70445 -0.70941
vn -0.05486 -0.54225 -0.83843
vn -0.15541 0.36073 -0.91963
vn -0.1274 0.9607 -0.24662
vn -0.10455 0.9936 -0.04273
vn -0.1086 0.99098 -0.07857
vn -0.126 0.96502 -0.2299
vn -0.04974 0.94104 0.33462
vn 0.05872 0.52031 0.85195
vn 0.02165 0.7063 0.70758
vn 0.02726 0.67997 0.73273
vn 0.01571 -0.37112 0.92845
vn -0.03002 0.5756 0.81718
vn 0.04726 -0.97688 0.2085
vn 0.04793 -0.99509 0.08658
vn 0.04856 -0.99783 0.04439
vn 0.04557 -0.95882 0.28035
vn 0.0455 -0.909 -0.41431
vn 0.02885 -0.55311 -0.83261
vn 0.03442 -0.67274 -0.73908
vn 0.03563 -0.70252 -0.71077
vn 0.02781 -0.53292 -0.84571
vn -0.01572 0.37149 -0.9283
vn -0.04576 0.96614 -0.25393
vn -0.04831 0.99783 -0.0447
vn -0.04769 0.99526 -0.0848
vn -0.04665 0.97133 -0.23313
vn -0.04609 0.94322 0.32896
vn -0.02689 0.51058 0.85941
vn -0.0359 0.70438 0.70892
vn -0.0346 0.67306 0.73878
vn -0.14153 -0.37194 0.9174
vn -0.10978 0.57798 0.80863
vn -0.04567 -0.97856 0.20083
vn -0.02934 -0.99608 0.08347
vn -0.02231 -0.99901 0.03848
vn -0.05724 -0.95973 0.27505
vn 0.04641 -0.90734 -0.41783
vn 0.11214 -0.55572 -0.82377
vn 0.0969 -0.67013 -0.73589
vn 0.09172 -0.70409 -0.70416
vn 0.11461 -0.52922 -0.84071
vn 0.14159 0.37372 -0.91667
vn 0.05378 0.96704 -0.24887
vn 0.02268 0.99899 -0.03877
vn 0.02941 0.99623 -0.08167
vn 0.0495 0.97306 -0.22516
vn -0.03154 0.94528 0.32474
vn -0.11721 0.50664 0.85416
vn -0.09176 0.70592 0.70233
vn -0.09716 0.6704 0.73561
vn -0.30764 -0.36006 0.88074
vn -0.18704 0.58563 0.78871
vn -0.14994 -0.97252 0.17809
vn -0.11794 -0.99084 0.06585
vn -0.10382 -0.99438 0.02082
vn -0.17191 -0.95253 0.25125
vn 0.04063 -0.90657 -0.4201
vn 0.19314 -0.56385 -0.80298
vn 0.15674 -0.67312 -0.72273
vn 0.14356 -0.7093 -0.69013
vn 0.20084 -0.53338 -0.82168
vn 0.30769 0.36307 -0.87949
vn 0.16505 0.96008 -0.22586
vn 0.10427 0.99432 -0.02115
vn 0.11775 0.99097 -0.06413
vn 0.15698 0.96679 -0.20166
vn -0.00776 0.94543 0.32574
vn -0.20735 0.51085 0.83429
vn -0.14339 0.71108 0.68833
vn -0.15713 0.67334 0.72244
vn -0.46941 -0.33322 0.81769
vn -0.25704 0.59815 0.75904
vn -0.25692 -0.95651 0.13815
vn -0.20922 -0.97738 0.0309
vn -0.18879 -0.98196 -0.01086
vn -0.28784 -0.93515 0.2065
vn 0.02821 -0.90605 -0.42224
vn 0.26698 -0.57704 -0.77185
vn 0.20963 -0.68192 -0.70074
vn 0.18874 -0.71745 -0.67056
vn 0.27989 -0.5462 -0.78951
vn 0.46898 0.33724 -0.81629
vn 0.27739 0.94325 -0.18256
vn 0.18896 0.98193 0.01026
vn 0.20841 0.9776 -0.0295
vn 0.26664 0.9503 -0.16075
vn 0.02122 0.94215 0.33453
vn -0.29036 0.52399 0.80071
vn -0.18819 0.7192 0.66883
vn -0.21012 0.68198 0.70053
vn -0.5863 -0.30922 0.74876
vn -0.33359 0.60053 0.72669
vn -0.32123 -0.9405 0.1108
vn -0.25458 -0.96705 0.00135
vn -0.23643 -0.97127 -0.02707
vn -0.3542 -0.92014 0.16701
vn 0.02456 -0.91842 -0.39483
vn 0.34615 -0.57935 -0.73792
vn 0.25792 -0.70695 -0.65856
vn 0.24702 -0.72167 -0.64666
vn 0.34421 -0.58063 -0.73782
vn 0.58589 0.30266 -0.75175
vn 0.34094 0.92894 -0.14435
vn 0.23656 0.97125 0.02654
vn 0.25364 0.9673 -0.00017
vn 0.33317 0.93363 -0.13162
vn 0.00945 0.93706 0.34904
vn -0.35695 0.55987 0.74775
vn -0.24624 0.72319 0.64527
vn -0.25831 0.70704 0.65831
vn -0.64129 -0.29902 0.70664
vn -0.41792 0.60772 0.67529
vn -0.30908 -0.94268 0.1258
vn -0.22849 -0.97336 0.01921
vn -0.21291 -0.97707 -0.0017
vn -0.34488 -0.92211 0.17541
vn 0.06867 -0.93863 -0.33802
vn 0.43098 -0.58601 -0.68619
vn 0.32404 -0.73471 -0.59599
vn 0.32596 -0.73303 -0.59701
vn 0.41279 -0.61416 -0.67262
vn 0.64258 0.28132 -0.71271
vn 0.32945 0.93157 -0.15373
vn 0.21337 0.97697 0.00137
vn 0.22767 0.97357 -0.01784
vn 0.32301 0.93526 -0.14473
vn -0.05481 0.9458 0.3201
vn -0.42571 0.59429 0.68234
vn -0.32521 0.73442 0.59571
vn -0.3244 0.73482 0.59566
vn -0.67766 -0.29141 0.67517
vn -0.49732 0.6257 0.60097
vn -0.26785 -0.94989 0.16114
vn -0.18048 -0.98141 0.06524
vn -0.16057 -0.98607 0.04342
vn -0.31119 -0.92711 0.20889
vn 0.14566 -0.95039 -0.27485
vn 0.51015 -0.604 -0.61231
vn 0.40697 -0.74857 -0.52347
vn 0.40602 -0.75024 -0.52181
vn 0.4954 -0.62707 -0.60113
vn 0.6803 0.27446 -0.6796
vn 0.29362 0.93706 -0.18899
vn 0.16101 0.98599 -0.04366
vn 0.17953 0.98167 -0.06392
vn 0.28353 0.94221 -0.17846
vn -0.1241 0.95994 0.25124
vn -0.50813 0.60678 0.61125
vn -0.40522 0.75166 0.52039
vn -0.40742 0.74855 0.52315
vn -0.72345 -0.28593 0.62839
vn -0.57311 0.63585 0.51695
vn -0.24016 -0.95214 0.18907
vn -0.14603 -0.98367 0.10518
vn -0.12116 -0.98913 0.08335
vn -0.29134 -0.92769 0.23348
vn 0.21306 -0.9542 -0.21003
vn 0.58601 -0.61441 -0.52828
vn 0.48484 -0.75356 -0.44392
vn 0.4803 -0.75916 -0.43929
vn 0.57501 -0.63128 -0.52044
vn 0.72679 0.27047 -0.63137
vn 0.27162 0.93791 -0.21574
vn 0.12162 0.98906 -0.08348
vn 0.14494 0.98397 -0.10391
vn 0.25765 0.94437 -0.20443
vn -0.18181 0.96641 0.18163
vn -0.58776 0.61074 0.53059
vn -0.47944 0.76051 0.43791
vn -0.48526 0.75348 0.44361
vn -0.77595 -0.28445 0.56302
vn -0.64148 0.63903 0.42444
vn -0.2267 -0.95213 0.20507
vn -0.12617 -0.98286 0.1344
vn -0.09602 -0.98886 0.11374
vn -0.28566 -0.92665 0.24436
vn 0.26819 -0.95213 -0.14671
vn 0.65476 -0.61788 -0.43532
vn 0.5541 -0.75111 -0.3589
vn 0.54517 -0.76106 -0.35153
vn 0.64794 -0.62779 -0.43135
vn 0.77945 0.2711 -0.56477
vn 0.2639 0.93693 -0.22917
vn 0.09651 0.98881 -0.11376
vn 0.12496 0.98318 -0.13321
vn 0.24599 0.94441 -0.21813
vn -0.2255 0.9674 0.11531
vn -0.66107 0.60698 0.44108
vn -0.54425 0.76234 0.35018
vn -0.55452 0.75096 0.35856
vn -0.83071 -0.28762 0.47665
vn -0.6986 0.63704 0.32577
vn -0.22654 -0.95225 0.20468
vn -0.12018 -0.98162 0.14828
vn -0.08496 -0.98784 0.13022
vn -0.29237 -0.92648 0.23696
vn 0.30935 -0.94683 -0.08841
vn 0.71251 -0.61617 -0.33567
vn 0.61145 -0.74355 -0.27067
vn 0.59739 -0.75814 -0.26144
vn 0.71044 -0.61867 -0.33545
vn 0.83383 0.27693 -0.47753
vn 0.26886 0.9366 -0.2247
vn 0.08552 0.9878 -0.13012
vn 0.11889 0.98194 -0.1472
vn 0.24751 0.9447 -0.21511
vn -0.25415 0.96549 0.05696
vn -0.72422 0.59754 0.34418
vn -0.59643 0.75935 0.26012
vn -0.6119 0.74333 0.27025
vn -0.88183 -0.29475 0.36809
vn -0.74135 0.63253 0.2243
vn -0.23646 -0.95414 0.18356
vn -0.12527 -0.98185 0.14241
vn -0.08559 -0.98803 0.12833
vn -0.30769 -0.92864 0.20726
vn 0.33651 -0.94086 -0.03919
vn 0.756 -0.61186 -0.23258
vn 0.65451 -0.73373 -0.18236
vn 0.63472 -0.75319 -0.17273
vn 0.75936 -0.60663 -0.23531
vn 0.88416 0.28712 -0.36854
vn 0.2828 0.93847 -0.19823
vn 0.08622 0.98801 -0.12808
vn 0.12391 0.98216 -0.14145
vn 0.25886 0.94683 -0.19106
vn -0.26847 0.96322 0.01137
vn -0.77392 0.58507 0.24235
vn -0.63372 0.75432 0.17147
vn -0.65502 0.73341 0.18182
vn -0.92259 -0.30351 0.23814
vn -0.76805 0.6282 0.12437
vn -0.25121 -0.95797 0.13851
vn -0.13626 -0.98417 0.11328
vn -0.09342 -0.99013 0.10445
vn -0.32559 -0.93314 0.15245
vn 0.35117 -0.93631 -0.00295
vn 0.78339 -0.6077 -0.13039
vn 0.68221 -0.72459 -0.09779
vn 0.65666 -0.74882 -0.08985
vn 0.79251 -0.59487 -0.13441
vn 0.92388 0.29924 -0.23855
vn 0.29978 0.94263 -0.14687
vn 0.09409 0.99011 -0.10406
vn 0.13484 0.98446 -0.11247
vn 0.27464 0.95088 -0.14284
vn -0.27164 0.96225 -0.01696
vn -0.80781 0.57281 0.13903
vn -0.65562 0.74987 0.08865
vn -0.68276 0.72416 0.09709
vn -0.94632 -0.31014 0.09101
vn -0.77896 0.62629 0.03131
vn -0.26396 -0.96207 0.06892
vn -0.1461 -0.98746 0.0599
vn -0.1022 -0.99312 0.05716
vn -0.33848 -0.93816 0.07268
vn 0.35632 -0.93421 0.01709
vn 0.79477 -0.60593 -0.03445
vn 0.69505 -0.71864 -0.02145
vn 0.66473 -0.74688 -0.01759
vn 0.80908 -0.58651 -0.03747
vn 0.94653 0.30933 -0.09164
vn 0.31228 0.94736 -0.07062
vn 0.10289 0.99308 -0.05665
vn 0.14464 0.98771 -0.05929
vn 0.28797 0.95508 -0.07002
vn -0.26897 0.96282 -0.02505
vn -0.82487 0.56398 0.03899
vn -0.66366 0.74785 0.01651
vn -0.69561 0.71812 0.02057
vn -0.9484 -0.31033 -0.06505
vn -0.77668 0.62794 -0.04955
vn -0.2678 -0.96323 -0.0219
vn -0.14758 -0.98894 -0.0148
vn -0.10525 -0.99438 -0.01148
vn -0.33912 -0.94034 -0.02761
vn 0.35618 -0.93422 0.01915
vn 0.79254 -0.60779 0.04975
vn 0.69552 -0.71728 0.04206
vn 0.66254 -0.74796 0.03988
vn 0.81035 -0.58381 0.04994
vn 0.94765 0.31281 0.06418
vn 0.31305 0.94937 0.02625
vn 0.10595 0.9943 0.01204
vn 0.14613 0.98915 0.01515
vn 0.29193 0.95614 0.0239
vn -0.26676 0.96368 -0.01279
vn -0.82618 0.561 -0.05202
vn -0.66147 0.74886 -0.04081
vn -0.69606 0.71669 -0.04312
vn -0.92816 -0.30079 -0.21919
vn -0.76568 0.63297 -0.11438
vn -0.2578 -0.95786 -0.12666
vn -0.13571 -0.98529 -0.10388
vn -0.09739 -0.99065 -0.09557
vn -0.3231 -0.93596 -0.13997
vn 0.35552 -0.93466 0.00379
vn 0.78107 -0.61316 0.11817
vn 0.68789 -0.72028 0.08947
vn 0.65503 -0.75131 0.08048
vn 0.79991 -0.58743 0.12274
vn 0.92664 0.30607 0.21829
vn 0.29763 0.94501 0.13553
vn 0.09811 0.99052 0.09614
vn 0.13434 0.98547 0.10396
vn 0.28167 0.95047 0.13145
vn -0.27042 0.9626 0.01645
vn -0.81525 0.56464 -0.12866
vn -0.65398 0.75213 -0.08122
vn -0.68838 0.71966 -0.09068
vn -0.88931 -0.28051 -0.36118
vn -0.7511 0.63999 -0.16209
vn -0.23229 -0.94357 -0.23603
vn -0.10897 -0.97404 -0.19841
vn -0.07621 -0.97943 -0.18683
vn -0.2901 -0.9226 -0.25427
vn 0.3585 -0.93317 -0.02584
vn 0.76553 -0.62067 0.16948
vn 0.67727 -0.72587 0.12009
vn 0.64711 -0.75513 0.10503
vn 0.78291 -0.59608 0.17818
vn 0.88731 0.2879 0.36026
vn 0.26561 0.93191 0.24698
vn 0.07711 0.97931 0.18711
vn 0.10783 0.97426 0.19797
vn 0.25574 0.93573 0.24291
vn -0.28278 0.9575 0.05683
vn -0.79731 0.57361 -0.18782
vn -0.64612 0.75591 -0.10547
vn -0.67779 0.72517 -0.12134
vn -0.84763 -0.26598 -0.45911
vn -0.74107 0.63604 -0.2151
vn -0.21325 -0.92961 -0.30059
vn -0.08578 -0.96489 -0.24825
vn -0.06437 -0.96898 -0.2386
vn -0.2622 -0.91035 -0.32018
vn 0.33915 -0.93981 -0.04161
vn 0.7546 -0.61641 0.225
vn 0.65204 -0.74353 0.14836
vn 0.64158 -0.75388 0.14157
vn 0.75108 -0.62212 0.22099
vn 0.84942 0.26214 0.45801
vn 0.23827 0.92011 0.31083
vn 0.0652 0.96884 0.23894
vn 0.08476 0.96511 0.24776
vn 0.23556 0.92134 0.30927
vn -0.30419 0.95071 0.06015
vn -0.76463 0.60101 -0.23265
vn -0.6408 0.7545 -0.14178
vn -0.65258 0.74283 -0.14949
vn -0.82569 -0.2632 -0.49896
vn -0.71544 0.63695 -0.28711
vn -0.22518 -0.9329 -0.28104
vn -0.09981 -0.97064 -0.21885
vn -0.08319 -0.97413 -0.21013
vn -0.27235 -0.91279 -0.30438
vn 0.29829 -0.95447 0.00236
vn 0.72897 -0.6166 0.29735
vn 0.61108 -0.76417 0.20646
vn 0.61544 -0.7596 0.21036
vn 0.70851 -0.64804 0.27938
vn 0.83085 0.24679 0.49878
vn 0.24882 0.92305 0.29336
vn 0.08394 0.97391 0.21082
vn 0.09868 0.97082 0.21856
vn 0.24629 0.92434 0.29143
vn -0.29003 0.95702 0.00151
vn -0.72199 0.62782 -0.29082
vn -0.61473 0.76011 -0.21057
vn -0.61163 0.76344 -0.20754
vn -0.81171 -0.26023 -0.52289
vn -0.66696 0.64887 -0.36624
vn -0.25383 -0.94031 -0.22671
vn -0.1371 -0.97784 -0.15823
vn -0.11772 -0.98228 -0.14582
vn -0.30243 -0.91794 -0.25675
vn 0.25498 -0.96311 0.0861
vn 0.68099 -0.62844 0.37591
vn 0.56372 -0.77294 0.29119
vn 0.56507 -0.77132 0.29285
vn 0.66298 -0.6558 0.36108
vn 0.81602 0.2439 0.52405
vn 0.28007 0.92851 0.24378
vn 0.11849 0.98209 0.14651
vn 0.13607 0.97805 0.15783
vn 0.27405 0.93161 0.23874
vn -0.23863 0.96815 -0.07584
vn -0.67691 0.63527 -0.37178
vn -0.5643 0.77182 -0.293
vn -0.56432 0.77209 -0.29227
vn -0.78585 -0.25873 -0.5617
vn -0.60874 0.6538 -0.44942
vn -0.27826 -0.94268 -0.18421
vn -0.17215 -0.97903 -0.10888
vn -0.15 -0.98443 -0.09159
vn -0.32777 -0.91824 -0.22225
vn 0.20885 -0.96374 0.16608
vn 0.62292 -0.63354 0.45891
vn 0.50937 -0.77292 0.37835
vn 0.50675 -0.77531 0.37696
vn 0.60883 -0.65497 0.44759
vn 0.78924 0.24318 0.56389
vn 0.30688 0.92892 0.20719
vn 0.15073 0.98425 0.09235
vn 0.17119 0.97926 0.1084
vn 0.29725 0.934 0.19818
vn -0.18327 0.97205 -0.14675
vn -0.62295 0.6343 -0.45782
vn -0.50604 0.77577 -0.37698
vn -0.51001 0.77202 -0.37931
vn -0.74285 -0.26157 -0.61624
vn -0.53915 0.65161 -0.5336
vn -0.29457 -0.9426 -0.15729
vn -0.20114 -0.97669 -0.07496
vn -0.17672 -0.98291 -0.05151
vn -0.34369 -0.91649 -0.20473
vn 0.16127 -0.95765 0.23852
vn 0.55308 -0.63156 0.54336
vn 0.44699 -0.76445 0.46456
vn 0.43978 -0.77192 0.45906
vn 0.54425 -0.64533 0.53604
vn 0.74529 0.24752 0.61909
vn 0.32469 0.92706 0.18744
vn 0.17737 0.98275 0.05239
vn 0.20023 0.97692 0.07443
vn 0.31191 0.93415 0.17341
vn -0.12636 0.97014 -0.20702
vn -0.55821 0.62452 -0.54625
vn -0.43914 0.77235 -0.45895
vn -0.44766 0.76353 -0.46544
vn -0.67668 -0.27097 -0.68461
vn -0.45724 0.64321 -0.61417
vn -0.29759 -0.9431 -0.14837
vn -0.2188 -0.97396 -0.05933
vn -0.19338 -0.98071 -0.02863
vn -0.34419 -0.916 -0.20611
vn 0.1142 -0.94717 0.2997
vn 0.47039 -0.62334 0.62465
vn 0.37595 -0.74907 0.54549
vn 0.36423 -0.76265 0.53451
vn 0.4676 -0.62787 0.62219
vn 0.67823 0.2592 0.68762
vn 0.32755 0.92623 0.1866
vn 0.1939 0.98057 0.02965
vn 0.21792 0.9742 0.05876
vn 0.31276 0.93509 0.16673
vn -0.07175 0.96488 -0.25272
vn -0.48087 0.60683 -0.63287
vn -0.36367 0.76309 -0.53427
vn -0.37661 0.74813 -0.54632
vn -0.58166 -0.28747 -0.76094
vn -0.36399 0.63079 -0.68529
vn -0.28096 -0.94677 -0.1571
vn -0.21828 -0.97392 -0.0619
vn -0.19405 -0.98071 -0.02361
vn -0.32205 -0.91964 -0.22483
vn 0.07079 -0.93541 0.34641
vn 0.37565 -0.61098 0.69684
vn 0.297 -0.7297 0.61589
vn 0.28208 -0.75013 0.59811
vn 0.37849 -0.60523 0.70031
vn 0.58249 0.27876 0.76354
vn 0.30827 0.92934 0.20322
vn 0.19438 0.98061 0.02477
vn 0.21741 0.97416 0.06126
vn 0.29341 0.93934 0.17761
vn -0.02526 0.95919 -0.28164
vn -0.39038 0.58377 -0.71191
vn -0.28159 0.75061 -0.59774
vn -0.2976 0.72875 -0.61673
vn -0.45538 -0.3087 -0.83506
vn -0.2637 0.61758 -0.74098
vn -0.23861 -0.95445 -0.17913
vn -0.1927 -0.97815 -0.07802
vn -0.17247 -0.98445 -0.03345
vn -0.27088 -0.92838 -0.25444
vn 0.03559 -0.92563 0.37675
vn 0.27311 -0.59771 0.75376
vn 0.21355 -0.71057 0.67044
vn 0.19823 -0.73775 0.64531
vn 0.27947 -0.58181 0.7638
vn 0.45574 0.30363 0.83672
vn 0.26044 0.93743 0.23106
vn 0.1726 0.98438 0.0347
vn 0.19187 0.97837 0.07726
vn 0.24789 0.9476 0.20149
vn 0.00609 0.9555 -0.29494
vn -0.28912 0.55976 -0.77658
vn -0.19781 0.73828 -0.64483
vn -0.21402 0.7096 -0.67131
vn -0.30237 -0.32906 -0.89459
vn -0.16448 0.60697 -0.77752
vn -0.16783 -0.96405 -0.20599
vn -0.13855 -0.98545 -0.09845
vn -0.12481 -0.99087 -0.05095
vn -0.18887 -0.93998 -0.2842
vn 0.01395 -0.92015 0.39131
vn 0.1709 -0.58694 0.79139
vn 0.13245 -0.69614 0.70559
vn 0.1204 -0.72854 0.67435
vn 0.17737 -0.56297 0.80722
vn 0.30247 0.32786 0.895
vn 0.1821 0.94841 0.25955
vn 0.12481 0.99081 0.05222
vn 0.13791 0.98563 0.09754
vn 0.17377 0.95762 0.2297
vn 0.0165 0.95447 -0.29785
vn -0.18393 0.54029 -0.82113
vn -0.12008 0.72913 -0.67376
vn -0.13275 0.69517 -0.70648
vn -0.13554 -0.34177 -0.92996
vn -0.0761 0.60099 -0.79563
vn -0.07248 -0.97107 -0.22753
vn -0.05928 -0.99188 -0.11251
vn -0.0529 -0.99637 -0.06664
vn -0.08202 -0.94947 -0.30294
vn 0.01019 -0.91909 0.39391
vn 0.07895 -0.58081 0.8102
vn 0.06253 -0.68911 0.72195
vn 0.05663 -0.72377 0.68771
vn 0.08241 -0.55277 0.82925
vn 0.13543 0.3441 0.92911
vn 0.07896 0.95744 0.27762
vn 0.05289 0.99629 0.06788
vn 0.05897 0.99201 0.1115
vn 0.07521 0.96479 0.25204
vn 0.00455 0.95456 -0.29797
vn -0.08528 0.5296 -0.84395
vn -0.05649 0.7244 -0.68706
vn -0.06267 0.68818 -0.72283
vn 0.02781 -0.34244 -0.93913
vn -0.00584 0.5995 -0.80035
vn 0.03712 -0.97098 -0.23625
vn 0.03495 -0.99296 -0.1132
vn 0.03511 -0.99672 -0.07285
vn 0.03702 -0.95183 -0.3044
vn 0.02511 -0.92013 0.39081
vn 0.00491 -0.57932 0.81509
vn 0.01075 -0.68896 0.72472
vn 0.01181 -0.72252 0.69125
vn 0.00416 -0.55178 0.83398
vn -0.02824 0.34746 0.93727
vn -0.03676 0.9596 0.27897
vn -0.03508 0.99664 0.07406
vn -0.03491 0.99307 0.11219
vn -0.03725 0.96458 0.26113
vn -0.02566 0.95307 -0.30166
vn -0.00311 0.52843 -0.84897
vn -0.01188 0.72316 -0.69057
vn -0.01077 0.68806 -0.72557
vn 0.1735 -0.33108 -0.92751
vn 0.04405 0.60059 -0.79834
vn 0.14864 -0.96178 -0.22997
vn 0.13214 -0.98623 -0.09941
vn 0.12831 -0.98951 -0.06644
vn 0.15469 -0.94474 -0.28902
vn 0.05524 -0.91994 0.38815
vn -0.04873 -0.58059 0.81274
vn -0.02109 -0.69238 0.72122
vn -0.01436 -0.72237 0.69136
vn -0.05289 -0.55704 0.8288
vn -0.17424 0.33776 0.92496
vn -0.15153 0.95257 0.26391
vn -0.12802 0.98946 0.0677
vn -0.13161 0.98639 0.09857
vn -0.15094 0.9551 0.25495
vn -0.06691 0.94785 -0.31161
vn 0.05761 0.53381 -0.84364
vn 0.01392 0.72299 -0.69072
vn 0.02104 0.69145 -0.72212
vn 0.28722 -0.31996 -0.90285
vn 0.10039 0.59776 -0.79536
vn 0.22087 -0.95143 -0.21449
vn 0.19131 -0.97782 -0.08525
vn 0.185 -0.98117 -0.05559
vn 0.23198 -0.93322 -0.27438
vn 0.06418 -0.92379 0.37748
vn -0.10798 -0.57744 0.80926
vn -0.05914 -0.70534 0.7064
vn -0.05278 -0.72158 0.69032
vn -0.1083 -0.57649 0.8099
vn -0.28718 0.31621 0.90418
vn -0.22646 0.94159 0.24923
vn -0.18476 0.98113 0.0569
vn -0.19061 0.97802 0.08448
vn -0.22537 0.94454 0.23884
vn -0.079 0.94247 -0.32483
vn 0.11541 0.55424 -0.82431
vn 0.05197 0.72211 -0.68983
vn 0.05895 0.70441 -0.70734
vn 0.37049 -0.3115 -0.87504
vn 0.18955 0.60465 -0.77361
vn 0.22639 -0.95136 -0.20896
vn 0.18525 -0.97862 -0.08932
vn 0.17515 -0.98288 -0.05721
vn 0.24579 -0.92934 -0.27553
vn 0.01523 -0.93427 0.35624
vn -0.1983 -0.58384 0.78728
vn -0.13643 -0.7236 0.6766
vn -0.13252 -0.73076 0.66965
vn -0.19308 -0.5993 0.77689
vn -0.37045 0.29697 0.8801
vn -0.23784 0.93841 0.25065
vn -0.1753 0.98278 0.05842
vn -0.18473 0.9788 0.08851
vn -0.23355 0.94424 0.23211
vn -0.03173 0.94867 -0.31467
vn 0.2012 0.57789 -0.79092
vn 0.13171 0.73132 -0.66919
vn 0.13635 0.7228 -0.67747
vn 0.44496 -0.30171 -0.8432
vn 0.29142 0.61964 -0.72878
vn 0.20737 -0.95398 -0.21663
vn 0.15351 -0.98276 -0.10303
vn 0.13961 -0.9876 -0.07175
vn 0.2347 -0.93077 -0.28032
vn -0.06031 -0.94343 0.32605
vn -0.30062 -0.59879 0.74235
vn -0.23433 -0.73609 0.63503
vn -0.2291 -0.74462 0.62694
vn -0.29602 -0.61179 0.73355
vn -0.44597 0.28798 0.84745
vn -0.22393 0.94021 0.25663
vn -0.13992 0.98748 0.07289
vn -0.15293 0.98293 0.10223
vn -0.21719 0.9465 0.23868
vn 0.03861 0.95821 -0.28346
vn 0.30479 0.59032 -0.74741
vn 0.22834 0.74533 -0.62638
vn 0.23442 0.73537 -0.63583
vn 0.51992 -0.29564 -0.80142
vn 0.3859 0.62852 -0.67531
vn 0.19637 -0.95496 -0.22249
vn 0.13002 -0.98476 -0.11551
vn 0.11265 -0.98989 -0.0862
vn 0.23074 -0.93139 -0.28156
vn -0.12688 -0.94823 0.29114
vn -0.39583 -0.60772 0.68847
vn -0.32431 -0.74275 0.58578
vn -0.31767 -0.75258 0.57681
vn -0.39187 -0.61823 0.68135
vn -0.52158 0.28321 0.80483
vn -0.21723 0.94102 0.2594
vn -0.11305 0.98975 0.08728
vn -0.12933 0.98494 0.11476
vn -0.20869 0.94726 0.24322
vn 0.09991 0.96328 -0.2492
vn 0.40124 0.59677 -0.69489
vn 0.31677 0.75338 -0.57626
vn 0.32435 0.74213 -0.58655
vn 0.5921 -0.29309 -0.75068
vn 0.46992 0.63214 -0.61609
vn 0.19304 -0.95512 -0.22468
vn 0.11454 -0.98557 -0.1246
vn 0.09451 -0.99066 -0.09829
vn 0.23299 -0.93199 -0.27768
vn -0.18226 -0.94987 0.25401
vn -0.4807 -0.61131 0.62868
vn -0.40337 -0.74473 0.53167
vn -0.39541 -0.75549 0.52238
vn -0.47722 -0.61981 0.62298
vn -0.59407 0.28225 0.75327
vn -0.21701 0.94165 0.2573
vn -0.09498 0.99052 0.09929
vn -0.11373 0.98575 0.1239
vn -0.20767 0.94731 0.24388
vn 0.15083 0.96499 -0.21457
vn 0.48729 0.59836 -0.63601
vn 0.39436 0.75641 -0.52185
vn 0.40335 0.74422 -0.5324
vn 0.65887 -0.29335 -0.6927
vn 0.54151 0.63205 -0.55433
vn 0.19637 -0.95515 -0.22166
vn 0.10635 -0.98594 -0.12887
vn 0.08458 -0.99076 -0.10604
vn 0.24021 -0.93301 -0.26795
vn -0.22582 -0.94951 0.2178
vn -0.55315 -0.61115 0.56614
vn -0.46992 -0.74339 0.47598
vn -0.46071 -0.75493 0.46673
vn -0.55017 -0.61786 0.56174
vn -0.66084 0.28432 0.69459
vn -0.22212 0.94256 0.24949
vn -0.08511 0.99061 0.10695
vn -0.10544 0.98612 0.12824
vn -0.21306 0.94731 0.23921
vn 0.19083 0.96462 -0.18193
vn 0.56099 0.59644 -0.57406
vn 0.4595 0.75596 -0.46624
vn 0.46985 0.74299 -0.47666
vn 0.71888 -0.29548 -0.62921
vn 0.60017 0.62981 -0.4931
vn 0.20523 -0.95545 -0.2121
vn 0.10456 -0.98638 -0.12701
vn 0.08192 -0.9908 -0.10773
vn 0.2514 -0.93459 -0.25168
vn -0.25792 -0.94823 0.18533
vn -0.61268 -0.60883 0.50394
vn -0.52374 -0.74018 0.42169
vn -0.51331 -0.7524 0.41279
vn -0.61028 -0.61389 0.50069
vn -0.7206 0.28837 0.63054
vn -0.23155 0.94397 0.23519
vn -0.08251 0.99066 0.10857
vn -0.10356 0.98655 0.12645
vn -0.22368 0.94764 0.22793
vn 0.22024 0.96328 -0.15358
vn 0.62187 0.59247 -0.51211
vn 0.51196 0.75356 -0.41237
vn 0.52362 0.7399 -0.42235
vn 0.77156 -0.29847 -0.56179
vn 0.64655 0.62675 -0.43493
vn 0.21831 -0.95618 -0.19511
vn 0.10803 -0.98712 -0.11803
vn 0.08523 -0.99111 -0.10213
vn 0.26548 -0.93668 -0.22839
vn -0.2797 -0.94686 0.15881
vn -0.65989 -0.6057 0.4446
vn -0.56562 -0.73637 0.37126
vn -0.55403 -0.7492 0.36297
vn -0.65816 -0.60923 0.44234
vn -0.77288 0.29329 0.56271
vn -0.2442 0.94585 0.21385
vn -0.08585 0.99098 0.10289
vn -0.10694 0.98729 0.11756
vn -0.23824 0.9484 0.20923
vn 0.24013 0.96181 -0.1314
vn 0.67051 0.58779 -0.45268
vn 0.55255 0.75045 -0.36264
vn 0.56545 0.73618 -0.3719
vn 0.81692 -0.30135 -0.49177
vn 0.68196 0.62389 -0.3817
vn 0.23424 -0.95716 -0.17023
vn 0.11546 -0.98813 -0.10133
vn 0.09306 -0.99172 -0.08848
vn 0.28137 -0.93898 -0.19784
vn -0.29278 -0.9459 0.1398
vn -0.69608 -0.60278 0.39004
vn -0.59697 -0.73283 0.32648
vn -0.58428 -0.74621 0.31903
vn -0.6951 -0.60487 0.38855
vn -0.81775 0.29806 0.49239
vn -0.25896 0.94797 0.18517
vn -0.09368 0.9916 0.08918
vn -0.11428 0.98831 0.10094
vn -0.25536 0.94943 0.18269
vn 0.25199 0.96066 -0.11673
vn 0.70818 0.5834 -0.39765
vn 0.58268 0.74756 -0.31881
vn 0.59675 0.73272 -0.32711
vn 0.85525 -0.30326 -0.42021
vn 0.708 0.62186 -0.3347
vn 0.2517 -0.95801 -0.13734
vn 0.12557 -0.98912 -0.0766
vn 0.10394 -0.99236 -0.06642
vn 0.29806 -0.94104 -0.15999
vn -0.29895 -0.94547 0.12927
vn -0.72285 -0.6007 0.34154
vn -0.61946 -0.73008 0.28854
vn -0.60574 -0.74397 0.28213
vn -0.72267 -0.60144 0.34062
vn -0.85558 0.30178 0.42061
vn -0.27478 0.94988 0.14908
vn -0.10455 0.99226 0.06707
vn -0.12431 0.9893 0.07632
vn -0.27378 0.9503 0.14822
vn 0.25743 0.95997 -0.11038
vn 0.73643 0.57996 -0.34832
vn 0.60402 0.74539 -0.28206
vn 0.6192 0.73004 -0.28918
vn 0.88706 -0.30343 -0.34794
vn 0.72635 0.62093 -0.29472
vn 0.26957 -0.95813 -0.09653
vn 0.13717 -0.98958 -0.04382
vn 0.11661 -0.99253 -0.03591
vn 0.31467 -0.94222 -0.11493
vn -0.29993 -0.94537 0.12776
vn -0.74172 -0.5999 0.29995
vn -0.63465 -0.72839 0.2582
vn -0.6199 -0.74277 0.25303
vn -0.74237 -0.59935 0.29944
vn -0.88687 0.3037 0.34818
vn -0.29081 0.95093 0.10564
vn -0.11734 0.99242 0.03652
vn -0.13592 0.98976 0.04363
vn -0.29247 0.95039 0.10595
vn 0.25804 0.95953 -0.11281
vn 0.75686 0.57778 -0.3055
vn 0.61828 0.74411 -0.25306
vn 0.63451 0.72829 -0.25882
vn 0.91263 -0.30163 -0.27591
vn 0.73799 0.62173 -0.26233
vn 0.28738 -0.95657 -0.04878
vn 0.14978 -0.98871 -0.00376
vn 0.13076 -0.99141 0.00231
vn 0.33074 -0.94159 -0.06333
vn -0.29744 -0.94508 0.13547
vn -0.75372 -0.60093 0.26606
vn -0.64312 -0.72848 0.23605
vn -0.62729 -0.74329 0.23245
vn -0.75516 -0.59918 0.26594
vn -0.91204 0.30365 0.27564
vn -0.30682 0.95022 0.0543
vn -0.13212 0.99123 -0.00305
vn -0.14898 0.98884 0.00237
vn -0.31151 0.94861 0.05566
vn 0.25548 0.95869 -0.12507
vn 0.77052 0.57738 -0.27007
vn 0.62595 0.74442 -0.23242
vn 0.64331 0.72818 -0.23644
vn 0.9462 -0.27207 -0.17517
vn 0.70923 0.64173 -0.29186
vn 0.3383 -0.93618 0.09551
vn 0.18582 -0.97291 0.13753
vn 0.17248 -0.97472 0.14203
vn 0.36113 -0.92846 0.08692
vn -0.29237 -0.92493 0.24294
vn -0.72539 -0.62334 0.292
vn -0.64654 -0.7068 0.2871
vn -0.59679 -0.75004 0.2851
vn -0.76906 -0.56934 0.29052
vn -0.93712 0.30658 0.16677
vn -0.33833 0.9362 -0.09517
vn -0.17395 0.9743 -0.14314
vn -0.18505 0.97283 -0.13915
vn -0.36382 0.9272 -0.08914
vn 0.20843 0.95056 -0.23021
vn 0.78586 0.54606 -0.29024
vn 0.59546 0.75103 -0.28528
vn 0.64684 0.70644 -0.2873
vn 0.97246 -0.22686 -0.05338
vn 0.68327 0.60733 -0.40533
vn 0.39867 -0.85117 0.34142
vn 0.23475 -0.89159 0.38725
vn 0.23087 -0.89202 0.38858
vn 0.40708 -0.84873 0.33755
vn -0.24617 -0.85793 0.45096
vn -0.70041 -0.591 0.40018
vn -0.61948 -0.66323 0.41997
vn -0.5649 -0.70351 0.43123
vn -0.75195 -0.53731 0.38193
vn -0.96317 0.26673 0.03404
vn -0.38447 0.85655 -0.34424
vn -0.23162 0.89225 -0.38762
vn -0.23351 0.89209 -0.38685
vn -0.42366 0.84272 -0.33216
vn 0.16723 0.87813 -0.44824
vn 0.77013 0.51611 -0.37488
vn 0.56354 0.70439 -0.43157
vn 0.61966 0.66306 -0.41997
vn 0.98222 -0.18525 0.03049
vn 0.68352 0.53475 -0.49684
vn 0.42483 -0.73686 0.52589
vn 0.26129 -0.77534 0.57495
vn 0.26146 -0.77537 0.57483
vn 0.43668 -0.73314 0.52136
vn -0.19751 -0.76166 0.61714
vn -0.70181 -0.51969 0.48722
vn -0.58697 -0.60392 0.53922
vn -0.55782 -0.6216 0.54995
vn -0.72183 -0.50243 0.47594
vn -0.97754 0.20577 -0.0456
vn -0.41351 0.74126 -0.52872
vn -0.26229 0.77606 -0.57353
vn -0.25994 0.77634 -0.57422
vn -0.44924 0.72962 -0.5156
vn 0.159 0.76956 -0.61846
vn 0.74081 0.48514 -0.46458
vn 0.55656 0.62243 -0.55029
vn 0.58747 0.60368 -0.53893
vn 0.98556 -0.15629 0.06511
vn 0.6845 0.48005 -0.54865
vn 0.43573 -0.65382 0.6186
vn 0.27071 -0.6903 0.67097
vn 0.27384 -0.68988 0.67013
vn 0.44798 -0.65016 0.61368
vn -0.17374 -0.68519 0.70734
vn -0.70302 -0.46655 0.53674
vn -0.57199 -0.55 0.60854
vn -0.55587 -0.55844 0.61576
vn -0.70686 -0.46353 0.53431
vn -0.98272 0.16856 -0.07653
vn -0.4248 0.65743 -0.62235
vn -0.27486 0.6901 -0.66949
vn -0.26958 0.69085 -0.67086
vn -0.46004 0.64678 -0.60831
vn 0.1559 0.68807 -0.70869
vn 0.72602 0.44868 -0.52113
vn 0.55488 0.55898 -0.61615
vn 0.57276 0.54962 -0.60817
vn 0.98687 -0.14232 0.07642
vn 0.68368 0.43438 -0.58642
vn 0.44277 -0.59472 0.67102
vn 0.27539 -0.62846 0.72746
vn 0.28129 -0.62764 0.72591
vn 0.45371 -0.59175 0.66632
vn -0.15856 -0.62479 0.76453
vn -0.70237 -0.42195 0.57327
vn -0.56228 -0.5026 0.65668
vn -0.55351 -0.50674 0.66093
vn -0.6973 -0.42518 0.57706
vn -0.98481 0.15091 -0.08585
vn -0.4305 0.59829 -0.67581
vn -0.28232 0.62773 -0.72543
vn -0.27441 0.62882 -0.72752
vn -0.467 0.5882 -0.66025
vn 0.15353 0.62551 -0.76496
vn 0.71657 0.41184 -0.56295
vn 0.55262 0.50717 -0.66136
vn 0.56317 0.50218 -0.65625
vn 0.98722 -0.13968 0.07671
vn 0.68111 0.39161 -0.61865
vn 0.44787 -0.55018 0.70478
vn 0.27925 -0.57989 0.76534
vn 0.28658 -0.57901 0.7633
vn 0.45801 -0.54773 0.70015
vn -0.14848 -0.573 0.80599
vn -0.69998 -0.37991 0.60473
vn -0.55529 -0.45744 0.69455
vn -0.55012 -0.45974 0.69714
vn -0.69057 -0.38571 0.61183
vn -0.98555 0.14624 -0.08548
vn -0.43479 0.5534 -0.71042
vn -0.28752 0.57899 -0.76296
vn -0.27834 0.58008 -0.76553
vn -0.47189 0.5443 -0.69358
vn 0.1499 0.57283 -0.80585
vn 0.70993 0.37337 -0.59715
vn 0.54922 0.46013 -0.69759
vn 0.55618 0.45703 -0.69411
vn 0.98666 -0.14623 0.07159
vn 0.67807 0.34661 -0.64814
vn 0.45287 -0.51341 0.72891
vn 0.28213 -0.53799 0.79433
vn 0.29191 -0.5371 0.7914
vn 0.46047 -0.51183 0.72526
vn -0.13973 -0.52435 0.83996
vn -0.69701 -0.33548 0.63374
vn -0.54898 -0.41088 0.72787
vn -0.54665 -0.41189 0.72906
vn -0.68453 -0.34288 0.64331
vn -0.98512 0.15182 -0.08055
vn -0.43717 0.51653 -0.73626
vn -0.29294 0.53702 -0.79107
vn -0.28112 0.53809 -0.79463
vn -0.47689 0.50829 -0.71709
vn 0.14793 0.52311 -0.83933
vn 0.70397 0.33123 -0.62826
vn 0.54577 0.41225 -0.72951
vn 0.54987 0.41049 -0.72742
vn 0.98458 -0.16426 0.06017
vn 0.67321 0.29269 -0.67906
vn 0.45939 -0.48084 0.74683
vn 0.28447 -0.49826 0.81903
vn 0.2989 -0.49753 0.81432
vn 0.46142 -0.48051 0.74579
vn -0.12878 -0.4731 0.87154
vn -0.69216 -0.28198 0.66438
vn -0.54105 -0.35667 0.76161
vn -0.54168 -0.35641 0.76128
vn -0.67693 -0.29067 0.67622
vn -0.98298 0.16972 -0.07033
vn -0.4383 0.48398 -0.7574
vn -0.29992 0.49747 -0.81398
vn -0.28345 0.49832 -0.81935
vn -0.4833 0.47689 -0.73416
vn 0.1463 0.47009 -0.87041
vn 0.69645 0.27943 -0.66097
vn 0.54081 0.35673 -0.76175
vn 0.54195 0.35625 -0.76117
vn 0.97914 -0.19913 0.04041
vn 0.6632 0.22022 -0.71531
vn 0.46901 -0.44964 0.76017
vn 0.28736 -0.45564 0.84251
vn 0.30939 -0.45588 0.83453
vn 0.46146 -0.45025 0.76441
vn -0.11173 -0.41202 0.9043
vn -0.68213 -0.20984 0.70048
vn -0.52792 -0.28566 0.79981
vn -0.53204 -0.28389 0.79771
vn -0.6642 -0.21985 0.7145
vn -0.97731 0.20495 -0.05353
vn -0.43871 0.45195 -0.77671
vn -0.31039 0.45588 -0.83416
vn -0.28634 0.45561 -0.84287
vn -0.49274 0.44739 -0.74636
vn 0.14268 0.40551 -0.90289
vn 0.68382 0.20871 -0.69917
vn 0.53116 0.28412 -0.79822
vn 0.52879 0.28512 -0.79943
vn 0.96493 -0.26232 0.01001
vn 0.64061 0.11165 -0.7597
vn 0.48513 -0.41685 0.7687
vn 0.29234 -0.40209 0.86768
vn 0.32776 -0.40617 0.85299
vn 0.46034 -0.41594 0.78427
vn -0.07978 -0.33001 0.9406
vn -0.65948 -0.10173 0.74481
vn -0.50152 -0.18178 0.84583
vn -0.51088 -0.17754 0.84112
vn -0.63814 -0.11376 0.76147
vn -0.96281 0.26857 -0.02953
vn -0.43839 0.41491 -0.79729
vn -0.32874 0.40625 -0.85258
vn -0.29134 0.40194 -0.86808
vn -0.50841 0.41731 -0.75324
vn 0.13333 0.31484 -0.93973
vn 0.65777 0.10209 -0.74627
vn 0.50989 0.17734 -0.84176
vn 0.50223 0.18079 -0.84562
vn 0.92474 -0.37926 -0.03179
vn 0.58243 -0.06837 -0.81
vn 0.51482 -0.38124 0.76786
vn 0.30542 -0.32149 0.8963
vn 0.36474 -0.34011 0.86677
vn 0.45919 -0.36671 0.80912
vn -0.01008 -0.2093 0.9778
vn -0.60152 0.07684 0.79515
vn -0.43856 -0.0138 0.8986
vn -0.45718 -0.00413 0.88937
vn -0.57476 0.06058 0.81607
vn -0.92338 0.38388 -0.00128
vn -0.43912 0.36125 -0.8226
vn -0.36564 0.34031 -0.86631
vn -0.30448 0.32111 -0.89676
vn -0.53675 0.38654 -0.74999
vn 0.10437 0.16851 -0.98016
vn 0.59364 -0.07474 -0.80125
vn 0.4555 0.0022 -0.89023
vn 0.43827 0.011 -0.89878
vn 0.79649 -0.59339 -0.11614
vn 0.39002 -0.32591 -0.8612
vn 0.58017 -0.39785 0.71071
vn 0.38964 -0.24852 0.88681
vn 0.47266 -0.30023 0.82852
vn 0.51384 -0.3246 0.79411
vn 0.18036 -0.0682 0.98123
vn -0.39299 0.33336 0.85699
vn -0.22165 0.2277 0.94817
vn -0.24305 0.24913 0.93748
vn -0.35225 0.33424 0.87419
vn -0.802 0.59451 0.05789
vn -0.49822 0.29546 -0.81516
vn -0.48795 0.30032 -0.81958
vn -0.39266 0.22802 -0.89097
vn -0.60436 0.41804 -0.67823
vn -0.02793 -0.04637 -0.99853
vn 0.36685 -0.33317 -0.86857
vn 0.26045 -0.24648 -0.93349
vn 0.22375 -0.20915 -0.95194
vt 0.99849 0.00105
vt 0.99849 0.00762
vt 0.99778 0.00762
vt 0.99778 0.00105
vt 0.98488 0.00105
vt 0.98488 0.00762
vt 0.98416 0.00762
vt 0.98416 0.00105
vt 0.98559 0.00105
vt 0.98559 0.00762
vt 0.98631 0.00105
vt 0.98631 0.00762
vt 0.98703 0.00105
vt 0.98703 0.00762
vt 0.98774 0.00105
vt 0.98774 0.00762
vt 0.98846 0.00105
vt 0.98846 0.00762
vt 0.98918 0.00105
vt 0.98918 0.00762
vt 0.98989 0.00105
vt 0.98989 0.00762
vt 0.99061 0.00105
vt 0.99061 0.00762
vt 0.99133 0.00105
vt 0.99133 0.00762
vt 0.99204 0.00105
vt 0.99204 0.00762
vt 0.99276 0.00105
vt 0.99276 0.00762
vt 0.99348 0.00105
vt 0.99348 0.00762
vt 0.99419 0.00105
vt 0.99419 0.00762
vt 0.99491 0.00105
vt 0.99491 0.00762
vt 0.99563 0.00105
vt 0.99563 0.00762
vt 0.99634 0.00105
vt 0.99634 0.00762
vt 0.99706 0.00105
vt 0.99706 0.00762
vt 0.99849 0.01419
vt 0.99778 0.01419
vt 0.98488 0.01419
vt 0.98416 0.01419
vt 0.98559 0.01419
vt 0.98631 0.01419
vt 0.98703 0.01419
vt 0.98774 0.01419
vt 0.98846 0.01419
vt 0.98918 0.01419
vt 0.98989 0.01419
vt 0.99061 0.01419
vt 0.99133 0.01419
vt 0.99204 0.01419
vt 0.99276 0.01419
vt 0.99348 0.01419
vt 0.99419 0.01419
vt 0.99491 0.01419
vt 0.99563 0.01419
vt 0.99634 0.01419
vt 0.99706 0.01419
vt 0.99849 0.02076
vt 0.99778 0.02076
vt 0.98488 0.02076
vt 0.98416 0.02076
vt 0.98559 0.02076
vt 0.98631 0.02076
vt 0.98703 0.02076
vt 0.98774 0.02076
vt 0.98846 0.02076
vt 0.98918 0.02076
vt 0.98989 0.02076
vt 0.99061 0.02076
vt 0.99133 0.02076
vt 0.99204 0.02076
vt 0.99276 0.02076
vt 0.99348 0.02076
vt 0.99419 0.02076
vt 0.99491 0.02076
vt 0.99563 0.02076
vt 0.99634 0.02076
vt 0.99706 0.02076
vt 0.99849 0.02734
vt 0.99778 0.02734
vt 0.98488 0.02734
vt 0.98416 0.02734
vt 0.98559 0.02734
vt 0.98631 0.02734
vt 0.98703 0.02734
vt 0.98774 0.02734
vt 0.98846 0.02734
vt 0.98918 0.02734
vt 0.98989 0.02734
vt 0.99061 0.02734
vt 0.99133 0.02734
vt 0.99204 0.02734
vt 0.99276 0.02734
vt 0.99348 0.02734
vt 0.99419 0.02734
vt 0.99491 0.02734
vt 0.99563 0.02734
vt 0.99634 0.02734
vt 0.99706 0.02734
vt 0.99849 0.03391
vt 0.99778 0.03391
vt 0.98488 0.03391
vt 0.98416 0.03391
vt 0.98559 0.03391
vt 0.98631 0.03391
vt 0.98703 0.03391
vt 0.98774 0.03391
vt 0.98846 0.03391
vt 0.98918 0.03391
vt 0.98989 0.03391
vt 0.99061 0.03391
vt 0.99133 0.03391
vt 0.99204 0.03391
vt 0.99276 0.03391
vt 0.99348 0.03391
vt 0.99419 0.03391
vt 0.99491 0.03391
vt 0.99563 0.03391
vt 0.99634 0.03391
vt 0.99706 0.03391
vt 0.99849 0.04048
vt 0.99778 0.04048
vt 0.98488 0.04048
vt 0.98416 0.04048
vt 0.98559 0.04048
vt 0.98631 0.04048
vt 0.98703 0.04048
vt 0.98774 0.04048
vt 0.98846 0.04048
vt 0.98918 0.04048
vt 0.98989 0.04048
vt 0.99061 0.04048
vt 0.99133 0.04048
vt 0.99204 0.04048
vt 0.99276 0.04048
vt 0.99348 0.04048
vt 0.99419 0.04048
vt 0.99491 0.04048
vt 0.99563 0.04048
vt 0.99634 0.04048
vt 0.99706 0.04048
vt 0.99849 0.04705
vt 0.99778 0.04705
vt 0.98488 0.04705
vt 0.98416 0.04705
vt 0.98559 0.04705
vt 0.98631 0.04705
vt 0.98703 0.04705
vt 0.98774 0.04705
vt 0.98846 0.04705
vt 0.98918 0.04705
vt 0.98989 0.04705
vt 0.99061 0.04705
vt 0.99133 0.04705
vt 0.99204 0.04705
vt 0.99276 0.04705
vt 0.99348 0.04705
vt 0.99419 0.04705
vt 0.99491 0.04705
vt 0.99563 0.04705
vt 0.99634 0.04705
vt 0.99706 0.04705
vt 0.99849 0.05362
vt 0.99778 0.05362
vt 0.98488 0.05362
vt 0.98416 0.05362
vt 0.98559 0.05362
vt 0.98631 0.05362
vt 0.98703 0.05362
vt 0.98774 0.05362
vt 0.98846 0.05362
vt 0.98918 0.05362
vt 0.98989 0.05362
vt 0.99061 0.05362
vt 0.99133 0.05362
vt 0.99204 0.05362
vt 0.99276 0.05362
vt 0.99348 0.05362
vt 0.99419 0.05362
vt 0.99491 0.05362
vt 0.99563 0.05362
vt 0.99634 0.05362
vt 0.99706 0.05362
vt 0.99849 0.0602
vt 0.99778 0.0602
vt 0.98488 0.0602
vt 0.98416 0.0602
vt 0.98559 0.0602
vt 0.98631 0.0602
vt 0.98703 0.0602
vt 0.98774 0.0602
vt 0.98846 0.0602
vt 0.98918 0.0602
vt 0.98989 0.0602
vt 0.99061 0.0602
vt 0.99133 0.0602
vt 0.99204 0.0602
vt 0.99276 0.0602
vt 0.99348 0.0602
vt 0.99419 0.0602
vt 0.99491 0.0602
vt 0.99563 0.0602
vt 0.99634 0.0602
vt 0.99706 0.0602
vt 0.99849 0.06677
vt 0.99778 0.06677
vt 0.98488 0.06677
vt 0.98416 0.06677
vt 0.98559 0.06677
vt 0.98631 0.06677
vt 0.98703 0.06677
vt 0.98774 0.06677
vt 0.98846 0.06677
vt 0.98918 0.06677
vt 0.98989 0.06677
vt 0.99061 0.06677
vt 0.99133 0.06677
vt 0.99204 0.06677
vt 0.99276 0.06677
vt 0.99348 0.06677
vt 0.99419 0.06677
vt 0.99491 0.06677
vt 0.99563 0.06677
vt 0.99634 0.06677
vt 0.99706 0.06677
vt 0.99849 0.07334
vt 0.99778 0.07334
vt 0.98488 0.07334
vt 0.98416 0.07334
vt 0.98559 0.07334
vt 0.98631 0.07334
vt 0.98703 0.07334
vt 0.98774 0.07334
vt 0.98846 0.07334
vt 0.98918 0.07334
vt 0.98989 0.07334
vt 0.99061 0.07334
vt 0.99133 0.07334
vt 0.99204 0.07334
vt 0.99276 0.07334
vt 0.99348 0.07334
vt 0.99419 0.07334
vt 0.99491 0.07334
vt 0.99563 0.07334
vt 0.99634 0.07334
vt 0.99706 0.07334
vt 0.99849 0.07991
vt 0.99778 0.07991
vt 0.98488 0.07991
vt 0.98416 0.07991
vt 0.98559 0.07991
vt 0.98631 0.07991
vt 0.98703 0.07991
vt 0.98774 0.07991
vt 0.98846 0.07991
vt 0.98918 0.07991
vt 0.98989 0.07991
vt 0.99061 0.07991
vt 0.99133 0.07991
vt 0.99204 0.07991
vt 0.99276 0.07991
vt 0.99348 0.07991
vt 0.99419 0.07991
vt 0.99491 0.07991
vt 0.99563 0.07991
vt 0.99634 0.07991
vt 0.99706 0.07991
vt 0.99849 0.08649
vt 0.99778 0.08649
vt 0.98488 0.08649
vt 0.98416 0.08649
vt 0.98559 0.08649
vt 0.98631 0.08649
vt 0.98703 0.08649
vt 0.98774 0.08649
vt 0.98846 0.08649
vt 0.98918 0.08649
vt 0.98989 0.08649
vt 0.99061 0.08649
vt 0.99133 0.08649
vt 0.99204 0.08649
vt 0.99276 0.08649
vt 0.99348 0.08649
vt 0.99419 0.08649
vt 0.99491 0.08649
vt 0.99563 0.08649
vt 0.99634 0.08649
vt 0.99706 0.08649
vt 0.99849 0.09306
vt 0.99778 0.09306
vt 0.98488 0.09306
vt 0.98416 0.09306
vt 0.98559 0.09306
vt 0.98631 0.09306
vt 0.98703 0.09306
vt 0.98774 0.09306
vt 0.98846 0.09306
vt 0.98918 0.09306
vt 0.98989 0.09306
vt 0.99061 0.09306
vt 0.99133 0.09306
vt 0.99204 0.09306
vt 0.99276 0.09306
vt 0.99348 0.09306
vt 0.99419 0.09306
vt 0.99491 0.09306
vt 0.99563 0.09306
vt 0.99634 0.09306
vt 0.99706 0.09306
vt 0.99849 0.09963
vt 0.99778 0.09963
vt 0.98488 0.09963
vt 0.98416 0.09963
vt 0.98559 0.09963
vt 0.98631 0.09963
vt 0.98703 0.09963
vt 0.98774 0.09963
vt 0.98846 0.09963
vt 0.98918 0.09963
vt 0.98989 0.09963
vt 0.99061 0.09963
vt 0.99133 0.09963
vt 0.99204 0.09963
vt 0.99276 0.09963
vt 0.99348 0.09963
vt 0.99419 0.09963
vt 0.99491 0.09963
vt 0.99563 0.09963
vt 0.99634 0.09963
vt 0.99706 0.09963
vt 0.99849 0.1062
vt 0.99778 0.1062
vt 0.98488 0.1062
vt 0.98416 0.1062
vt 0.98559 0.1062
vt 0.98631 0.1062
vt 0.98703 0.1062
vt 0.98774 0.1062
vt 0.98846 0.1062
vt 0.98918 0.1062
vt 0.98989 0.1062
vt 0.99061 0.1062
vt 0.99133 0.1062
vt 0.99204 0.1062
vt 0.99276 0.1062
vt 0.99348 0.1062
vt 0.99419 0.1062
vt 0.99491 0.1062
vt 0.99563 0.1062
vt 0.99634 0.1062
vt 0.99706 0.1062
vt 0.99849 0.11278
vt 0.99778 0.11278
vt 0.98488 0.11278
vt 0.98416 0.11278
vt 0.98559 0.11278
vt 0.98631 0.11278
vt 0.98703 0.11278
vt 0.98774 0.11278
vt 0.98846 0.11278
vt 0.98918 0.11278
vt 0.98989 0.11278
vt 0.99061 0.11278
vt 0.99133 0.11278
vt 0.99204 0.11278
vt 0.99276 0.11278
vt 0.99348 0.11278
vt 0.99419 0.11278
vt 0.99491 0.11278
vt 0.99563 0.11278
vt 0.99634 0.11278
vt 0.99706 0.11278
vt 0.99849 0.11935
vt 0.99778 0.11935
vt 0.98488 0.11935
vt 0.98416 0.11935
vt 0.98559 0.11935
vt 0.98631 0.11935
vt 0.98703 0.11935
vt 0.98774 0.11935
vt 0.98846 0.11935
vt 0.98918 0.11935
vt 0.98989 0.11935
vt 0.99061 0.11935
vt 0.99133 0.11935
vt 0.99204 0.11935
vt 0.99276 0.11935
vt 0.99348 0.11935
vt 0.99419 0.11935
vt 0.99491 0.11935
vt 0.99563 0.11935
vt 0.99634 0.11935
vt 0.99706 0.11935
vt 0.99849 0.12592
vt 0.99778 0.12592
vt 0.98488 0.12592
vt 0.98416 0.12592
vt 0.98559 0.12592
vt 0.98631 0.12592
vt 0.98703 0.12592
vt 0.98774 0.12592
vt 0.98846 0.12592
vt 0.98918 0.12592
vt 0.98989 0.12592
vt 0.99061 0.12592
vt 0.99133 0.12592
vt 0.99204 0.12592
vt 0.99276 0.12592
vt 0.99348 0.12592
vt 0.99419 0.12592
vt 0.99491 0.12592
vt 0.99563 0.12592
vt 0.99634 0.12592
vt 0.99706 0.12592
vt 0.99849 0.13249
vt 0.99778 0.13249
vt 0.98488 0.13249
vt 0.98416 0.13249
vt 0.98559 0.13249
vt 0.98631 0.13249
vt 0.98703 0.13249
vt 0.98774 0.13249
vt 0.98846 0.13249
vt 0.98918 0.13249
vt 0.98989 0.13249
vt 0.99061 0.13249
vt 0.99133 0.13249
vt 0.99204 0.13249
vt 0.99276 0.13249
vt 0.99348 0.13249
vt 0.99419 0.13249
vt 0.99491 0.13249
vt 0.99563 0.13249
vt 0.99634 0.13249
vt 0.99706 0.13249
vt 0.99849 0.13906
vt 0.99778 0.13906
vt 0.98488 0.13906
vt 0.98416 0.13906
vt 0.98559 0.13906
vt 0.98631 0.13906
vt 0.98703 0.13906
vt 0.98774 0.13906
vt 0.98846 0.13906
vt 0.98918 0.13906
vt 0.98989 0.13906
vt 0.99061 0.13906
vt 0.99133 0.13906
vt 0.99204 0.13906
vt 0.99276 0.13906
vt 0.99348 0.13906
vt 0.99419 0.13906
vt 0.99491 0.13906
vt 0.99563 0.13906
vt 0.99634 0.13906
vt 0.99706 0.13906
vt 0.99849 0.14564
vt 0.99778 0.14564
vt 0.98488 0.14564
vt 0.98416 0.14564
vt 0.98559 0.14564
vt 0.98631 0.14564
vt 0.98703 0.14564
vt 0.98774 0.14564
vt 0.98846 0.14564
vt 0.98918 0.14564
vt 0.98989 0.14564
vt 0.99061 0.14564
vt 0.99133 0.14564
vt 0.99204 0.14564
vt 0.99276 0.14564
vt 0.99348 0.14564
vt 0.99419 0.14564
vt 0.99491 0.14564
vt 0.99563 0.14564
vt 0.99634 0.14564
vt 0.99706 0.14564
vt 0.99849 0.15221
vt 0.99778 0.15221
vt 0.98488 0.15221
vt 0.98416 0.15221
vt 0.98559 0.15221
vt 0.98631 0.15221
vt 0.98703 0.15221
vt 0.98774 0.15221
vt 0.98846 0.15221
vt 0.98918 0.15221
vt 0.98989 0.15221
vt 0.99061 0.15221
vt 0.99133 0.15221
vt 0.99204 0.15221
vt 0.99276 0.15221
vt 0.99348 0.15221
vt 0.99419 0.15221
vt 0.99491 0.15221
vt 0.99563 0.15221
vt 0.99634 0.15221
vt 0.99706 0.15221
vt 0.99849 0.15878
vt 0.99778 0.15878
vt 0.98488 0.15878
vt 0.98416 0.15878
vt 0.98559 0.15878
vt 0.98631 0.15878
vt 0.98703 0.15878
vt 0.98774 0.15878
vt 0.98846 0.15878
vt 0.98918 0.15878
vt 0.98989 0.15878
vt 0.99061 0.15878
vt 0.99133 0.15878
vt 0.99204 0.15878
vt 0.99276 0.15878
vt 0.99348 0.15878
vt 0.99419 0.15878
vt 0.99491 0.15878
vt 0.99563 0.15878
vt 0.99634 0.15878
vt 0.99706 0.15878
vt 0.99849 0.16535
vt 0.99778 0.16535
vt 0.98488 0.16535
vt 0.98416 0.16535
vt 0.98559 0.16535
vt 0.98631 0.16535
vt 0.98703 0.16535
vt 0.98774 0.16535
vt 0.98846 0.16535
vt 0.98918 0.16535
vt 0.98989 0.16535
vt 0.99061 0.16535
vt 0.99133 0.16535
vt 0.99204 0.16535
vt 0.99276 0.16535
vt 0.99348 0.16535
vt 0.99419 0.16535
vt 0.99491 0.16535
vt 0.99563 0.16535
vt 0.99634 0.16535
vt 0.99706 0.16535
vt 0.99849 0.17193
vt 0.99778 0.17193
vt 0.98488 0.17193
vt 0.98416 0.17193
vt 0.98559 0.17193
vt 0.98631 0.17193
vt 0.98703 0.17193
vt 0.98774 0.17193
vt 0.98846 0.17193
vt 0.98918 0.17193
vt 0.98989 0.17193
vt 0.99061 0.17193
vt 0.99133 0.17193
vt 0.99204 0.17193
vt 0.99276 0.17193
vt 0.99348 0.17193
vt 0.99419 0.17193
vt 0.99491 0.17193
vt 0.99563 0.17193
vt 0.99634 0.17193
vt 0.99706 0.17193
vt 0.99849 0.1785
vt 0.99778 0.1785
vt 0.98488 0.1785
vt 0.98416 0.1785
vt 0.98559 0.1785
vt 0.98631 0.1785
vt 0.98703 0.1785
vt 0.98774 0.1785
vt 0.98846 0.1785
vt 0.98918 0.1785
vt 0.98989 0.1785
vt 0.99061 0.1785
vt 0.99133 0.1785
vt 0.99204 0.1785
vt 0.99276 0.1785
vt 0.99348 0.1785
vt 0.99419 0.1785
vt 0.99491 0.1785
vt 0.99563 0.1785
vt 0.99634 0.1785
vt 0.99706 0.1785
vt 0.99849 0.18507
vt 0.99778 0.18507
vt 0.98488 0.18507
vt 0.98416 0.18507
vt 0.98559 0.18507
vt 0.98631 0.18507
vt 0.98703 0.18507
vt 0.98774 0.18507
vt 0.98846 0.18507
vt 0.98918 0.18507
vt 0.98989 0.18507
vt 0.99061 0.18507
vt 0.99133 0.18507
vt 0.99204 0.18507
vt 0.99276 0.18507
vt 0.99348 0.18507
vt 0.99419 0.18507
vt 0.99491 0.18507
vt 0.99563 0.18507
vt 0.99634 0.18507
vt 0.99706 0.18507
vt 0.99849 0.19164
vt 0.99778 0.19164
vt 0.98488 0.19164
vt 0.98416 0.19164
vt 0.98559 0.19164
vt 0.98631 0.19164
vt 0.98703 0.19164
vt 0.98774 0.19164
vt 0.98846 0.19164
vt 0.98918 0.19164
vt 0.98989 0.19164
vt 0.99061 0.19164
vt 0.99133 0.19164
vt 0.99204 0.19164
vt 0.99276 0.19164
vt 0.99348 0.19164
vt 0.99419 0.19164
vt 0.99491 0.19164
vt 0.99563 0.19164
vt 0.99634 0.19164
vt 0.99706 0.19164
vt 0.99849 0.19822
vt 0.99778 0.19822
vt 0.98488 0.19822
vt 0.98416 0.19822
vt 0.98559 0.19822
vt 0.98631 0.19822
vt 0.98703 0.19822
vt 0.98774 0.19822
vt 0.98846 0.19822
vt 0.98918 0.19822
vt 0.98989 0.19822
vt 0.99061 0.19822
vt 0.99133 0.19822
vt 0.99204 0.19822
vt 0.99276 0.19822
vt 0.99348 0.19822
vt 0.99419 0.19822
vt 0.99491 0.19822
vt 0.99563 0.19822
vt 0.99634 0.19822
vt 0.99706 0.19822
vt 0.99849 0.20479
vt 0.99778 0.20479
vt 0.98488 0.20479
vt 0.98416 0.20479
vt 0.98559 0.20479
vt 0.98631 0.20479
vt 0.98703 0.20479
vt 0.98774 0.20479
vt 0.98846 0.20479
vt 0.98918 0.20479
vt 0.98989 0.20479
vt 0.99061 0.20479
vt 0.99133 0.20479
vt 0.99204 0.20479
vt 0.99276 0.20479
vt 0.99348 0.20479
vt 0.99419 0.20479
vt 0.99491 0.20479
vt 0.99563 0.20479
vt 0.99634 0.20479
vt 0.99706 0.20479
vt 0.99849 0.21136
vt 0.99778 0.21136
vt 0.98488 0.21136
vt 0.98416 0.21136
vt 0.98559 0.21136
vt 0.98631 0.21136
vt 0.98703 0.21136
vt 0.98774 0.21136
vt 0.98846 0.21136
vt 0.98918 0.21136
vt 0.98989 0.21136
vt 0.99061 0.21136
vt 0.99133 0.21136
vt 0.99204 0.21136
vt 0.99276 0.21136
vt 0.99348 0.21136
vt 0.99419 0.21136
vt 0.99491 0.21136
vt 0.99563 0.21136
vt 0.99634 0.21136
vt 0.99706 0.21136
vt 0.99849 0.21793
vt 0.99778 0.21793
vt 0.98488 0.21793
vt 0.98416 0.21793
vt 0.98559 0.21793
vt 0.98631 0.21793
vt 0.98703 0.21793
vt 0.98774 0.21793
vt 0.98846 0.21793
vt 0.98918 0.21793
vt 0.98989 0.21793
vt 0.99061 0.21793
vt 0.99133 0.21793
vt 0.99204 0.21793
vt 0.99276 0.21793
vt 0.99348 0.21793
vt 0.99419 0.21793
vt 0.99491 0.21793
vt 0.99563 0.21793
vt 0.99634 0.21793
vt 0.99706 0.21793
vt 0.99849 0.2245
vt 0.99778 0.2245
vt 0.98488 0.2245
vt 0.98416 0.2245
vt 0.98559 0.2245
vt 0.98631 0.2245
vt 0.98703 0.2245
vt 0.98774 0.2245
vt 0.98846 0.2245
vt 0.98918 0.2245
vt 0.98989 0.2245
vt 0.99061 0.2245
vt 0.99133 0.2245
vt 0.99204 0.2245
vt 0.99276 0.2245
vt 0.99348 0.2245
vt 0.99419 0.2245
vt 0.99491 0.2245
vt 0.99563 0.2245
vt 0.99634 0.2245
vt 0.99706 0.2245
vt 0.99849 0.23108
vt 0.99778 0.23108
vt 0.98488 0.23108
vt 0.98416 0.23108
vt 0.98559 0.23108
vt 0.98631 0.23108
vt 0.98703 0.23108
vt 0.98774 0.23108
vt 0.98846 0.23108
vt 0.98918 0.23108
vt 0.98989 0.23108
vt 0.99061 0.23108
vt 0.99133 0.23108
vt 0.99204 0.23108
vt 0.99276 0.23108
vt 0.99348 0.23108
vt 0.99419 0.23108
vt 0.99491 0.23108
vt 0.99563 0.23108
vt 0.99634 0.23108
vt 0.99706 0.23108
vt 0.99849 0.23765
vt 0.99778 0.23765
vt 0.98488 0.23765
vt 0.98416 0.23765
vt 0.98559 0.23765
vt 0.98631 0.23765
vt 0.98703 0.23765
vt 0.98774 0.23765
vt 0.98846 0.23765
vt 0.98918 0.23765
vt 0.98989 0.23765
vt 0.99061 0.23765
vt 0.99133 0.23765
vt 0.99204 0.23765
vt 0.99276 0.23765
vt 0.99348 0.23765
vt 0.99419 0.23765
vt 0.99491 0.23765
vt 0.99563 0.23765
vt 0.99634 0.23765
vt 0.99706 0.23765
vt 0.99849 0.24422
vt 0.99778 0.24422
vt 0.98488 0.24422
vt 0.98416 0.24422
vt 0.98559 0.24422
vt 0.98631 0.24422
vt 0.98703 0.24422
vt 0.98774 0.24422
vt 0.98846 0.24422
vt 0.98918 0.24422
vt 0.98989 0.24422
vt 0.99061 0.24422
vt 0.99133 0.24422
vt 0.99204 0.24422
vt 0.99276 0.24422
vt 0.99348 0.24422
vt 0.99419 0.24422
vt 0.99491 0.24422
vt 0.99563 0.24422
vt 0.99634 0.24422
vt 0.99706 0.24422
vt 0.99849 0.25079
vt 0.99778 0.25079
vt 0.98488 0.25079
vt 0.98416 0.25079
vt 0.98559 0.25079
vt 0.98631 0.25079
vt 0.98703 0.25079
vt 0.98774 0.25079
vt 0.98846 0.25079
vt 0.98918 0.25079
vt 0.98989 0.25079
vt 0.99061 0.25079
vt 0.99133 0.25079
vt 0.99204 0.25079
vt 0.99276 0.25079
vt 0.99348 0.25079
vt 0.99419 0.25079
vt 0.99491 0.25079
vt 0.99563 0.25079
vt 0.99634 0.25079
vt 0.99706 0.25079
vt 0.99849 0.25737
vt 0.99778 0.25737
vt 0.98488 0.25737
vt 0.98416 0.25737
vt 0.98559 0.25737
vt 0.98631 0.25737
vt 0.98703 0.25737
vt 0.98774 0.25737
vt 0.98846 0.25737
vt 0.98918 0.25737
vt 0.98989 0.25737
vt 0.99061 0.25737
vt 0.99133 0.25737
vt 0.99204 0.25737
vt 0.99276 0.25737
vt 0.99348 0.25737
vt 0.99419 0.25737
vt 0.99491 0.25737
vt 0.99563 0.25737
vt 0.99634 0.25737
vt 0.99706 0.25737
vt 0.99849 0.26394
vt 0.99778 0.26394
vt 0.98488 0.26394
vt 0.98416 0.26394
vt 0.98559 0.26394
vt 0.98631 0.26394
vt 0.98703 0.26394
vt 0.98774 0.26394
vt 0.98846 0.26394
vt 0.98918 0.26394
vt 0.98989 0.26394
vt 0.99061 0.26394
vt 0.99133 0.26394
vt 0.99204 0.26394
vt 0.99276 0.26394
vt 0.99348 0.26394
vt 0.99419 0.26394
vt 0.99491 0.26394
vt 0.99563 0.26394
vt 0.99634 0.26394
vt 0.99706 0.26394
vt 0.99849 0.27051
vt 0.99778 0.27051
vt 0.98488 0.27051
vt 0.98416 0.27051
vt 0.98559 0.27051
vt 0.98631 0.27051
vt 0.98703 0.27051
vt 0.98774 0.27051
vt 0.98846 0.27051
vt 0.98918 0.27051
vt 0.98989 0.27051
vt 0.99061 0.27051
vt 0.99133 0.27051
vt 0.99204 0.27051
vt 0.99276 0.27051
vt 0.99348 0.27051
vt 0.99419 0.27051
vt 0.99491 0.27051
vt 0.99563 0.27051
vt 0.99634 0.27051
vt 0.99706 0.27051
vt 0.99849 0.27708
vt 0.99778 0.27708
vt 0.98488 0.27708
vt 0.98416 0.27708
vt 0.98559 0.27708
vt 0.98631 0.27708
vt 0.98703 0.27708
vt 0.98774 0.27708
vt 0.98846 0.27708
vt 0.98918 0.27708
vt 0.98989 0.27708
vt 0.99061 0.27708
vt 0.99133 0.27708
vt 0.99204 0.27708
vt 0.99276 0.27708
vt 0.99348 0.27708
vt 0.99419 0.27708
vt 0.99491 0.27708
vt 0.99563 0.27708
vt 0.99634 0.27708
vt 0.99706 0.27708
vt 0.99849 0.28366
vt 0.99778 0.28366
vt 0.98488 0.28366
vt 0.98416 0.28366
vt 0.98559 0.28366
vt 0.98631 0.28366
vt 0.98703 0.28366
vt 0.98774 0.28366
vt 0.98846 0.28366
vt 0.98918 0.28366
vt 0.98989 0.28366
vt 0.99061 0.28366
vt 0.99133 0.28366
vt 0.99204 0.28366
vt 0.99276 0.28366
vt 0.99348 0.28366
vt 0.99419 0.28366
vt 0.99491 0.28366
vt 0.99563 0.28366
vt 0.99634 0.28366
vt 0.99706 0.28366
vt 0.99849 0.29023
vt 0.99778 0.29023
vt 0.98488 0.29023
vt 0.98416 0.29023
vt 0.98559 0.29023
vt 0.98631 0.29023
vt 0.98703 0.29023
vt 0.98774 0.29023
vt 0.98846 0.29023
vt 0.98918 0.29023
vt 0.98989 0.29023
vt 0.99061 0.29023
vt 0.99133 0.29023
vt 0.99204 0.29023
vt 0.99276 0.29023
vt 0.99348 0.29023
vt 0.99419 0.29023
vt 0.99491 0.29023
vt 0.99563 0.29023
vt 0.99634 0.29023
vt 0.99706 0.29023
vt 0.99849 0.2968
vt 0.99778 0.2968
vt 0.98488 0.2968
vt 0.98416 0.2968
vt 0.98559 0.2968
vt 0.98631 0.2968
vt 0.98703 0.2968
vt 0.98774 0.2968
vt 0.98846 0.2968
vt 0.98918 0.2968
vt 0.98989 0.2968
vt 0.99061 0.2968
vt 0.99133 0.2968
vt 0.99204 0.2968
vt 0.99276 0.2968
vt 0.99348 0.2968
vt 0.99419 0.2968
vt 0.99491 0.2968
vt 0.99563 0.2968
vt 0.99634 0.2968
vt 0.99706 0.2968
vt 0.99849 0.30337
vt 0.99778 0.30337
vt 0.98488 0.30337
vt 0.98416 0.30337
vt 0.98559 0.30337
vt 0.98631 0.30337
vt 0.98703 0.30337
vt 0.98774 0.30337
vt 0.98846 0.30337
vt 0.98918 0.30337
vt 0.98989 0.30337
vt 0.99061 0.30337
vt 0.99133 0.30337
vt 0.99204 0.30337
vt 0.99276 0.30337
vt 0.99348 0.30337
vt 0.99419 0.30337
vt 0.99491 0.30337
vt 0.99563 0.30337
vt 0.99634 0.30337
vt 0.99706 0.30337
vt 0.99849 0.30994
vt 0.99778 0.30994
vt 0.98488 0.30994
vt 0.98416 0.30994
vt 0.98559 0.30994
vt 0.98631 0.30994
vt 0.98703 0.30994
vt 0.98774 0.30994
vt 0.98846 0.30994
vt 0.98918 0.30994
vt 0.98989 0.30994
vt 0.99061 0.30994
vt 0.99133 0.30994
vt 0.99204 0.30994
vt 0.99276 0.30994
vt 0.99348 0.30994
vt 0.99419 0.30994
vt 0.99491 0.30994
vt 0.99563 0.30994
vt 0.99634 0.30994
vt 0.99706 0.30994
vt 0.99849 0.31652
vt 0.99778 0.31652
vt 0.98488 0.31652
vt 0.98416 0.31652
vt 0.98559 0.31652
vt 0.98631 0.31652
vt 0.98703 0.31652
vt 0.98774 0.31652
vt 0.98846 0.31652
vt 0.98918 0.31652
vt 0.98989 0.31652
vt 0.99061 0.31652
vt 0.99133 0.31652
vt 0.99204 0.31652
vt 0.99276 0.31652
vt 0.99348 0.31652
vt 0.99419 0.31652
vt 0.99491 0.31652
vt 0.99563 0.31652
vt 0.99634 0.31652
vt 0.99706 0.31652
vt 0.99849 0.32309
vt 0.99778 0.32309
vt 0.98488 0.32309
vt 0.98416 0.32309
vt 0.98559 0.32309
vt 0.98631 0.32309
vt 0.98703 0.32309
vt 0.98774 0.32309
vt 0.98846 0.32309
vt 0.98918 0.32309
vt 0.98989 0.32309
vt 0.99061 0.32309
vt 0.99133 0.32309
vt 0.99204 0.32309
vt 0.99276 0.32309
vt 0.99348 0.32309
vt 0.99419 0.32309
vt 0.99491 0.32309
vt 0.99563 0.32309
vt 0.99634 0.32309
vt 0.99706 0.32309
vt 0.99849 0.32966
vt 0.99778 0.32966
vt 0.98488 0.32966
vt 0.98416 0.32966
vt 0.98559 0.32966
vt 0.98631 0.32966
vt 0.98703 0.32966
vt 0.98774 0.32966
vt 0.98846 0.32966
vt 0.98918 0.32966
vt 0.98989 0.32966
vt 0.99061 0.32966
vt 0.99133 0.32966
vt 0.99204 0.32966
vt 0.99276 0.32966
vt 0.99348 0.32966
vt 0.99419 0.32966
vt 0.99491 0.32966
vt 0.99563 0.32966
vt 0.99634 0.32966
vt 0.99706 0.32966
vt 0.99849 0.33623
vt 0.99778 0.33623
vt 0.98488 0.33623
vt 0.98416 0.33623
vt 0.98559 0.33623
vt 0.98631 0.33623
vt 0.98703 0.33623
vt 0.98774 0.33623
vt 0.98846 0.33623
vt 0.98918 0.33623
vt 0.98989 0.33623
vt 0.99061 0.33623
vt 0.99133 0.33623
vt 0.99204 0.33623
vt 0.99276 0.33623
vt 0.99348 0.33623
vt 0.99419 0.33623
vt 0.99491 0.33623
vt 0.99563 0.33623
vt 0.99634 0.33623
vt 0.99706 0.33623
vt 0.99849 0.34281
vt 0.99778 0.34281
vt 0.98488 0.34281
vt 0.98416 0.34281
vt 0.98559 0.34281
vt 0.98631 0.34281
vt 0.98703 0.34281
vt 0.98774 0.34281
vt 0.98846 0.34281
vt 0.98918 0.34281
vt 0.98989 0.34281
vt 0.99061 0.34281
vt 0.99133 0.34281
vt 0.99204 0.34281
vt 0.99276 0.34281
vt 0.99348 0.34281
vt 0.99419 0.34281
vt 0.99491 0.34281
vt 0.99563 0.34281
vt 0.99634 0.34281
vt 0.99706 0.34281
vt 0.99849 0.34938
vt 0.99778 0.34938
vt 0.98488 0.34938
vt 0.98416 0.34938
vt 0.98559 0.34938
vt 0.98631 0.34938
vt 0.98703 0.34938
vt 0.98774 0.34938
vt 0.98846 0.34938
vt 0.98918 0.34938
vt 0.98989 0.34938
vt 0.99061 0.34938
vt 0.99133 0.34938
vt 0.99204 0.34938
vt 0.99276 0.34938
vt 0.99348 0.34938
vt 0.99419 0.34938
vt 0.99491 0.34938
vt 0.99563 0.34938
vt 0.99634 0.34938
vt 0.99706 0.34938
vt 0.99849 0.35595
vt 0.99778 0.35595
vt 0.98488 0.35595
vt 0.98416 0.35595
vt 0.98559 0.35595
vt 0.98631 0.35595
vt 0.98703 0.35595
vt 0.98774 0.35595
vt 0.98846 0.35595
vt 0.98918 0.35595
vt 0.98989 0.35595
vt 0.99061 0.35595
vt 0.99133 0.35595
vt 0.99204 0.35595
vt 0.99276 0.35595
vt 0.99348 0.35595
vt 0.99419 0.35595
vt 0.99491 0.35595
vt 0.99563 0.35595
vt 0.99634 0.35595
vt 0.99706 0.35595
vt 0.99849 0.36252
vt 0.99778 0.36252
vt 0.98488 0.36252
vt 0.98416 0.36252
vt 0.98559 0.36252
vt 0.98631 0.36252
vt 0.98703 0.36252
vt 0.98774 0.36252
vt 0.98846 0.36252
vt 0.98918 0.36252
vt 0.98989 0.36252
vt 0.99061 0.36252
vt 0.99133 0.36252
vt 0.99204 0.36252
vt 0.99276 0.36252
vt 0.99348 0.36252
vt 0.99419 0.36252
vt 0.99491 0.36252
vt 0.99563 0.36252
vt 0.99634 0.36252
vt 0.99706 0.36252
vt 0.99849 0.3691
vt 0.99778 0.3691
vt 0.98488 0.3691
vt 0.98416 0.3691
vt 0.98559 0.3691
vt 0.98631 0.3691
vt 0.98703 0.3691
vt 0.98774 0.3691
vt 0.98846 0.3691
vt 0.98918 0.3691
vt 0.98989 0.3691
vt 0.99061 0.3691
vt 0.99133 0.3691
vt 0.99204 0.3691
vt 0.99276 0.3691
vt 0.99348 0.3691
vt 0.99419 0.3691
vt 0.99491 0.3691
vt 0.99563 0.3691
vt 0.99634 0.3691
vt 0.99706 0.3691
vt 0.99849 0.37567
vt 0.99778 0.37567
vt 0.98488 0.37567
vt 0.98416 0.37567
vt 0.98559 0.37567
vt 0.98631 0.37567
vt 0.98703 0.37567
vt 0.98774 0.37567
vt 0.98846 0.37567
vt 0.98918 0.37567
vt 0.98989 0.37567
vt 0.99061 0.37567
vt 0.99133 0.37567
vt 0.99204 0.37567
vt 0.99276 0.37567
vt 0.99348 0.37567
vt 0.99419 0.37567
vt 0.99491 0.37567
vt 0.99563 0.37567
vt 0.99634 0.37567
vt 0.99706 0.37567
vt 0.99849 0.38224
vt 0.99778 0.38224
vt 0.98488 0.38224
vt 0.98416 0.38224
vt 0.98559 0.38224
vt 0.98631 0.38224
vt 0.98703 0.38224
vt 0.98774 0.38224
vt 0.98846 0.38224
vt 0.98918 0.38224
vt 0.98989 0.38224
vt 0.99061 0.38224
vt 0.99133 0.38224
vt 0.99204 0.38224
vt 0.99276 0.38224
vt 0.99348 0.38224
vt 0.99419 0.38224
vt 0.99491 0.38224
vt 0.99563 0.38224
vt 0.99634 0.38224
vt 0.99706 0.38224
vt 0.99849 0.38881
vt 0.99778 0.38881
vt 0.98488 0.38881
vt 0.98416 0.38881
vt 0.98559 0.38881
vt 0.98631 0.38881
vt 0.98703 0.38881
vt 0.98774 0.38881
vt 0.98846 0.38881
vt 0.98918 0.38881
vt 0.98989 0.38881
vt 0.99061 0.38881
vt 0.99133 0.38881
vt 0.99204 0.38881
vt 0.99276 0.38881
vt 0.99348 0.38881
vt 0.99419 0.38881
vt 0.99491 0.38881
vt 0.99563 0.38881
vt 0.99634 0.38881
vt 0.99706 0.38881
vt 0.99849 0.39538
vt 0.99778 0.39538
vt 0.98488 0.39538
vt 0.98416 0.39538
vt 0.98559 0.39538
vt 0.98631 0.39538
vt 0.98703 0.39538
vt 0.98774 0.39538
vt 0.98846 0.39538
vt 0.98918 0.39538
vt 0.98989 0.39538
vt 0.99061 0.39538
vt 0.99133 0.39538
vt 0.99204 0.39538
vt 0.99276 0.39538
vt 0.99348 0.39538
vt 0.99419 0.39538
vt 0.99491 0.39538
vt 0.99563 0.39538
vt 0.99634 0.39538
vt 0.99706 0.39538
vt 0.99849 0.40196
vt 0.99778 0.40196
vt 0.98488 0.40196
vt 0.98416 0.40196
vt 0.98559 0.40196
vt 0.98631 0.40196
vt 0.98703 0.40196
vt 0.98774 0.40196
vt 0.98846 0.40196
vt 0.98918 0.40196
vt 0.98989 0.40196
vt 0.99061 0.40196
vt 0.99133 0.40196
vt 0.99204 0.40196
vt 0.99276 0.40196
vt 0.99348 0.40196
vt 0.99419 0.40196
vt 0.99491 0.40196
vt 0.99563 0.40196
vt 0.99634 0.40196
vt 0.99706 0.40196
vt 0.99849 0.40853
vt 0.99778 0.40853
vt 0.98488 0.40853
vt 0.98416 0.40853
vt 0.98559 0.40853
vt 0.98631 0.40853
vt 0.98703 0.40853
vt 0.98774 0.40853
vt 0.98846 0.40853
vt 0.98918 0.40853
vt 0.98989 0.40853
vt 0.99061 0.40853
vt 0.99133 0.40853
vt 0.99204 0.40853
vt 0.99276 0.40853
vt 0.99348 0.40853
vt 0.99419 0.40853
vt 0.99491 0.40853
vt 0.99563 0.40853
vt 0.99634 0.40853
vt 0.99706 0.40853
vt 0.99849 0.4151
vt 0.99778 0.4151
vt 0.98488 0.4151
vt 0.98416 0.4151
vt 0.98559 0.4151
vt 0.98631 0.4151
vt 0.98703 0.4151
vt 0.98774 0.4151
vt 0.98846 0.4151
vt 0.98918 0.4151
vt 0.98989 0.4151
vt 0.99061 0.4151
vt 0.99133 0.4151
vt 0.99204 0.4151
vt 0.99276 0.4151
vt 0.99348 0.4151
vt 0.99419 0.4151
vt 0.99491 0.4151
vt 0.99563 0.4151
vt 0.99634 0.4151
vt 0.99706 0.4151
vt 0.99849 0.42167
vt 0.99778 0.42167
vt 0.98488 0.42167
vt 0.98416 0.42167
vt 0.98559 0.42167
vt 0.98631 0.42167
vt 0.98703 0.42167
vt 0.98774 0.42167
vt 0.98846 0.42167
vt 0.98918 0.42167
vt 0.98989 0.42167
vt 0.99061 0.42167
vt 0.99133 0.42167
vt 0.99204 0.42167
vt 0.99276 0.42167
vt 0.99348 0.42167
vt 0.99419 0.42167
vt 0.99491 0.42167
vt 0.99563 0.42167
vt 0.99634 0.42167
vt 0.99706 0.42167
vt 0.99849 0.42825
vt 0.99778 0.42825
vt 0.98488 0.42825
vt 0.98416 0.42825
vt 0.98559 0.42825
vt 0.98631 0.42825
vt 0.98703 0.42825
vt 0.98774 0.42825
vt 0.98846 0.42825
vt 0.98918 0.42825
vt 0.98989 0.42825
vt 0.99061 0.42825
vt 0.99133 0.42825
vt 0.99204 0.42825
vt 0.99276 0.42825
vt 0.99348 0.42825
vt 0.99419 0.42825
vt 0.99491 0.42825
vt 0.99563 0.42825
vt 0.99634 0.42825
vt 0.99706 0.42825
vt 0.99849 0.43482
vt 0.99778 0.43482
vt 0.98488 0.43482
vt 0.98416 0.43482
vt 0.98559 0.43482
vt 0.98631 0.43482
vt 0.98703 0.43482
vt 0.98774 0.43482
vt 0.98846 0.43482
vt 0.98918 0.43482
vt 0.98989 0.43482
vt 0.99061 0.43482
vt 0.99133 0.43482
vt 0.99204 0.43482
vt 0.99276 0.43482
vt 0.99348 0.43482
vt 0.99419 0.43482
vt 0.99491 0.43482
vt 0.99563 0.43482
vt 0.99634 0.43482
vt 0.99706 0.43482
vt 0.99849 0.44139
vt 0.99778 0.44139
vt 0.98488 0.44139
vt 0.98416 0.44139
vt 0.98559 0.44139
vt 0.98631 0.44139
vt 0.98703 0.44139
vt 0.98774 0.44139
vt 0.98846 0.44139
vt 0.98918 0.44139
vt 0.98989 0.44139
vt 0.99061 0.44139
vt 0.99133 0.44139
vt 0.99204 0.44139
vt 0.99276 0.44139
vt 0.99348 0.44139
vt 0.99419 0.44139
vt 0.99491 0.44139
vt 0.99563 0.44139
vt 0.99634 0.44139
vt 0.99706 0.44139
vt 0.99849 0.44796
vt 0.99778 0.44796
vt 0.98488 0.44796
vt 0.98416 0.44796
vt 0.98559 0.44796
vt 0.98631 0.44796
vt 0.98703 0.44796
vt 0.98774 0.44796
vt 0.98846 0.44796
vt 0.98918 0.44796
vt 0.98989 0.44796
vt 0.99061 0.44796
vt 0.99133 0.44796
vt 0.99204 0.44796
vt 0.99276 0.44796
vt 0.99348 0.44796
vt 0.99419 0.44796
vt 0.99491 0.44796
vt 0.99563 0.44796
vt 0.99634 0.44796
vt 0.99706 0.44796
vt 0.99849 0.45454
vt 0.99778 0.45454
vt 0.98488 0.45454
vt 0.98416 0.45454
vt 0.98559 0.45454
vt 0.98631 0.45454
vt 0.98703 0.45454
vt 0.98774 0.45454
vt 0.98846 0.45454
vt 0.98918 0.45454
vt 0.98989 0.45454
vt 0.99061 0.45454
vt 0.99133 0.45454
vt 0.99204 0.45454
vt 0.99276 0.45454
vt 0.99348 0.45454
vt 0.99419 0.45453
vt 0.99491 0.45454
vt 0.99563 0.45454
vt 0.99634 0.45454
vt 0.99706 0.45454
vt 0.99849 0.46111
vt 0.99778 0.46111
vt 0.98488 0.46111
vt 0.98416 0.46111
vt 0.98559 0.46111
vt 0.98631 0.46111
vt 0.98703 0.46111
vt 0.98774 0.46111
vt 0.98846 0.46111
vt 0.98918 0.46111
vt 0.98989 0.46111
vt 0.99061 0.46111
vt 0.99133 0.46111
vt 0.99204 0.46111
vt 0.99276 0.46111
vt 0.99348 0.46111
vt 0.99419 0.46111
vt 0.99491 0.46111
vt 0.99563 0.46111
vt 0.99634 0.46111
vt 0.99706 0.46111
vt 0.99849 0.46768
vt 0.99778 0.46768
vt 0.98488 0.46768
vt 0.98416 0.46768
vt 0.98559 0.46768
vt 0.98631 0.46768
vt 0.98703 0.46768
vt 0.98774 0.46768
vt 0.98846 0.46768
vt 0.98918 0.46768
vt 0.98989 0.46768
vt 0.99061 0.46768
vt 0.99133 0.46768
vt 0.99204 0.46768
vt 0.99276 0.46768
vt 0.99348 0.46768
vt 0.99419 0.46768
vt 0.99491 0.46768
vt 0.99563 0.46768
vt 0.99634 0.46768
vt 0.99706 0.46768
vt 0.99849 0.47425
vt 0.99778 0.47425
vt 0.98488 0.47425
vt 0.98416 0.47425
vt 0.98559 0.47425
vt 0.98631 0.47425
vt 0.98703 0.47425
vt 0.98774 0.47425
vt 0.98846 0.47425
vt 0.98918 0.47425
vt 0.98989 0.47425
vt 0.99061 0.47425
vt 0.99133 0.47425
vt 0.99204 0.47425
vt 0.99276 0.47425
vt 0.99348 0.47425
vt 0.99419 0.47425
vt 0.99491 0.47425
vt 0.99563 0.47425
vt 0.99634 0.47425
vt 0.99706 0.47425
vt 0.99849 0.48082
vt 0.99778 0.48082
vt 0.98488 0.48082
vt 0.98416 0.48082
vt 0.98559 0.48082
vt 0.98631 0.48082
vt 0.98703 0.48082
vt 0.98774 0.48082
vt 0.98846 0.48082
vt 0.98918 0.48082
vt 0.98989 0.48082
vt 0.99061 0.48082
vt 0.99133 0.48082
vt 0.99204 0.48082
vt 0.99276 0.48082
vt 0.99348 0.48082
vt 0.99419 0.48082
vt 0.99491 0.48082
vt 0.99563 0.48082
vt 0.99634 0.48082
vt 0.99706 0.48082
vt 0.99849 0.4874
vt 0.99778 0.4874
vt 0.98488 0.4874
vt 0.98416 0.4874
vt 0.98559 0.4874
vt 0.98631 0.4874
vt 0.98703 0.4874
vt 0.98774 0.4874
vt 0.98846 0.4874
vt 0.98918 0.4874
vt 0.98989 0.4874
vt 0.99061 0.4874
vt 0.99133 0.4874
vt 0.99204 0.4874
vt 0.99276 0.4874
vt 0.99348 0.4874
vt 0.99419 0.4874
vt 0.99491 0.4874
vt 0.99563 0.4874
vt 0.99634 0.4874
vt 0.99706 0.4874
vt 0.99849 0.49397
vt 0.99778 0.49397
vt 0.98488 0.49397
vt 0.98416 0.49397
vt 0.98559 0.49397
vt 0.98631 0.49397
vt 0.98703 0.49397
vt 0.98774 0.49397
vt 0.98846 0.49397
vt 0.98918 0.49397
vt 0.98989 0.49397
vt 0.99061 0.49397
vt 0.99133 0.49397
vt 0.99204 0.49397
vt 0.99276 0.49397
vt 0.99348 0.49397
vt 0.99419 0.49397
vt 0.99491 0.49397
vt 0.99563 0.49397
vt 0.99634 0.49397
vt 0.99706 0.49397
vt 0.99849 0.50054
vt 0.99778 0.50054
vt 0.98488 0.50054
vt 0.98416 0.50054
vt 0.98559 0.50054
vt 0.98631 0.50054
vt 0.98703 0.50054
vt 0.98774 0.50054
vt 0.98846 0.50054
vt 0.98918 0.50054
vt 0.98989 0.50054
vt 0.99061 0.50054
vt 0.99133 0.50054
vt 0.99204 0.50054
vt 0.99276 0.50054
vt 0.99348 0.50054
vt 0.99419 0.50054
vt 0.99491 0.50054
vt 0.99563 0.50054
vt 0.99634 0.50054
vt 0.99706 0.50054
vt 0.99849 0.50711
vt 0.99778 0.50711
vt 0.98488 0.50711
vt 0.98416 0.50711
vt 0.98559 0.50711
vt 0.98631 0.50711
vt 0.98703 0.50711
vt 0.98774 0.50711
vt 0.98846 0.50711
vt 0.98918 0.50711
vt 0.98989 0.50711
vt 0.99061 0.50711
vt 0.99133 0.50711
vt 0.99204 0.50711
vt 0.99276 0.50711
vt 0.99348 0.50711
vt 0.99419 0.50711
vt 0.99491 0.50711
vt 0.99563 0.50711
vt 0.99634 0.50711
vt 0.99706 0.50711
vt 0.99849 0.51369
vt 0.99778 0.51369
vt 0.98488 0.51369
vt 0.98416 0.51369
vt 0.98559 0.51369
vt 0.98631 0.51369
vt 0.98703 0.51369
vt 0.98774 0.51369
vt 0.98846 0.51369
vt 0.98918 0.51369
vt 0.98989 0.51369
vt 0.99061 0.51369
vt 0.99133 0.51369
vt 0.99204 0.51369
vt 0.99276 0.51369
vt 0.99348 0.51369
vt 0.99419 0.51369
vt 0.99491 0.51369
vt 0.99563 0.51369
vt 0.99634 0.51369
vt 0.99706 0.51369
vt 0.99849 0.52026
vt 0.99778 0.52026
vt 0.98488 0.52026
vt 0.98416 0.52026
vt 0.98559 0.52026
vt 0.98631 0.52026
vt 0.98703 0.52026
vt 0.98774 0.52026
vt 0.98846 0.52026
vt 0.98918 0.52026
vt 0.98989 0.52026
vt 0.99061 0.52026
vt 0.99133 0.52026
vt 0.99204 0.52026
vt 0.99276 0.52026
vt 0.99348 0.52026
vt 0.99419 0.52026
vt 0.99491 0.52026
vt 0.99563 0.52026
vt 0.99634 0.52026
vt 0.99706 0.52026
vt 0.99849 0.52683
vt 0.99778 0.52683
vt 0.98488 0.52683
vt 0.98416 0.52683
vt 0.98559 0.52683
vt 0.98631 0.52683
vt 0.98703 0.52683
vt 0.98774 0.52683
vt 0.98846 0.52683
vt 0.98918 0.52683
vt 0.98989 0.52683
vt 0.99061 0.52683
vt 0.99133 0.52683
vt 0.99204 0.52683
vt 0.99276 0.52683
vt 0.99348 0.52683
vt 0.99419 0.52683
vt 0.99491 0.52683
vt 0.99563 0.52683
vt 0.99634 0.52683
vt 0.99706 0.52683
vt 0.99849 0.5334
vt 0.99778 0.5334
vt 0.98488 0.5334
vt 0.98416 0.5334
vt 0.98559 0.5334
vt 0.98631 0.5334
vt 0.98703 0.5334
vt 0.98774 0.5334
vt 0.98846 0.5334
vt 0.98918 0.5334
vt 0.98989 0.5334
vt 0.99061 0.5334
vt 0.99133 0.5334
vt 0.99204 0.5334
vt 0.99276 0.5334
vt 0.99348 0.5334
vt 0.99419 0.5334
vt 0.99491 0.5334
vt 0.99563 0.5334
vt 0.99634 0.5334
vt 0.99706 0.5334
vt 0.99849 0.53997
vt 0.99778 0.53997
vt 0.98488 0.53997
vt 0.98416 0.53997
vt 0.98559 0.53997
vt 0.98631 0.53997
vt 0.98703 0.53997
vt 0.98774 0.53997
vt 0.98846 0.53997
vt 0.98918 0.53997
vt 0.98989 0.53997
vt 0.99061 0.53997
vt 0.99133 0.53997
vt 0.99204 0.53997
vt 0.99276 0.53997
vt 0.99348 0.53997
vt 0.99419 0.53997
vt 0.99491 0.53997
vt 0.99563 0.53997
vt 0.99634 0.53997
vt 0.99706 0.53997
vt 0.99849 0.54655
vt 0.99778 0.54655
vt 0.98488 0.54655
vt 0.98416 0.54655
vt 0.98559 0.54655
vt 0.98631 0.54655
vt 0.98703 0.54655
vt 0.98774 0.54655
vt 0.98846 0.54655
vt 0.98918 0.54655
vt 0.98989 0.54655
vt 0.99061 0.54655
vt 0.99133 0.54655
vt 0.99204 0.54655
vt 0.99276 0.54655
vt 0.99348 0.54655
vt 0.99419 0.54655
vt 0.99491 0.54655
vt 0.99563 0.54655
vt 0.99634 0.54655
vt 0.99706 0.54655
vt 0.99849 0.55312
vt 0.99778 0.55312
vt 0.98488 0.55312
vt 0.98416 0.55312
vt 0.98559 0.55312
vt 0.98631 0.55312
vt 0.98703 0.55312
vt 0.98774 0.55312
vt 0.98846 0.55312
vt 0.98918 0.55312
vt 0.98989 0.55312
vt 0.99061 0.55312
vt 0.99133 0.55312
vt 0.99204 0.55312
vt 0.99276 0.55312
vt 0.99348 0.55312
vt 0.99419 0.55312
vt 0.99491 0.55312
vt 0.99563 0.55312
vt 0.99634 0.55312
vt 0.99706 0.55312
vt 0.99849 0.55969
vt 0.99778 0.55969
vt 0.98488 0.55969
vt 0.98416 0.55969
vt 0.98559 0.55969
vt 0.98631 0.55969
vt 0.98703 0.55969
vt 0.98774 0.55969
vt 0.98846 0.55969
vt 0.98918 0.55969
vt 0.98989 0.55969
vt 0.99061 0.55969
vt 0.99133 0.55969
vt 0.99204 0.55969
vt 0.99276 0.55969
vt 0.99348 0.55969
vt 0.99419 0.55969
vt 0.99491 0.55969
vt 0.99563 0.55969
vt 0.99634 0.55969
vt 0.99706 0.55969
vt 0.99849 0.56626
vt 0.99778 0.56626
vt 0.98488 0.56626
vt 0.98416 0.56626
vt 0.98559 0.56626
vt 0.98631 0.56626
vt 0.98703 0.56626
vt 0.98774 0.56626
vt 0.98846 0.56626
vt 0.98918 0.56626
vt 0.98989 0.56626
vt 0.99061 0.56626
vt 0.99133 0.56626
vt 0.99204 0.56626
vt 0.99276 0.56626
vt 0.99348 0.56626
vt 0.99419 0.56626
vt 0.99491 0.56626
vt 0.99563 0.56626
vt 0.99634 0.56626
vt 0.99706 0.56626
vt 0.99849 0.57284
vt 0.99778 0.57284
vt 0.98488 0.57284
vt 0.98416 0.57284
vt 0.98559 0.57284
vt 0.98631 0.57284
vt 0.98703 0.57284
vt 0.98774 0.57284
vt 0.98846 0.57284
vt 0.98918 0.57284
vt 0.98989 0.57284
vt 0.99061 0.57284
vt 0.99133 0.57284
vt 0.99204 0.57284
vt 0.99276 0.57284
vt 0.99348 0.57284
vt 0.99419 0.57284
vt 0.99491 0.57284
vt 0.99563 0.57284
vt 0.99634 0.57284
vt 0.99706 0.57284
vt 0.99849 0.57941
vt 0.99778 0.57941
vt 0.98488 0.57941
vt 0.98416 0.57941
vt 0.98559 0.57941
vt 0.98631 0.57941
vt 0.98703 0.57941
vt 0.98774 0.57941
vt 0.98846 0.57941
vt 0.98918 0.57941
vt 0.98989 0.57941
vt 0.99061 0.57941
vt 0.99133 0.57941
vt 0.99204 0.57941
vt 0.99276 0.57941
vt 0.99348 0.57941
vt 0.99419 0.57941
vt 0.99491 0.57941
vt 0.99563 0.57941
vt 0.99634 0.57941
vt 0.99706 0.57941
vt 0.99849 0.58598
vt 0.99778 0.58598
vt 0.98488 0.58598
vt 0.98416 0.58598
vt 0.98559 0.58598
vt 0.98631 0.58598
vt 0.98703 0.58598
vt 0.98774 0.58598
vt 0.98846 0.58598
vt 0.98918 0.58598
vt 0.98989 0.58598
vt 0.99061 0.58598
vt 0.99133 0.58598
vt 0.99204 0.58598
vt 0.99276 0.58598
vt 0.99348 0.58598
vt 0.99419 0.58598
vt 0.99491 0.58598
vt 0.99563 0.58598
vt 0.99634 0.58598
vt 0.99706 0.58598
vt 0.99849 0.59255
vt 0.99778 0.59255
vt 0.98488 0.59255
vt 0.98416 0.59255
vt 0.98559 0.59255
vt 0.98631 0.59255
vt 0.98703 0.59255
vt 0.98774 0.59255
vt 0.98846 0.59255
vt 0.98918 0.59255
vt 0.98989 0.59255
vt 0.99061 0.59255
vt 0.99133 0.59255
vt 0.99204 0.59255
vt 0.99276 0.59255
vt 0.99348 0.59255
vt 0.99419 0.59255
vt 0.99491 0.59255
vt 0.99563 0.59255
vt 0.99634 0.59255
vt 0.99706 0.59255
vt 0.99849 0.59913
vt 0.99778 0.59913
vt 0.98488 0.59913
vt 0.98416 0.59913
vt 0.98559 0.59913
vt 0.98631 0.59913
vt 0.98703 0.59913
vt 0.98774 0.59913
vt 0.98846 0.59913
vt 0.98918 0.59913
vt 0.98989 0.59913
vt 0.99061 0.59913
vt 0.99133 0.59913
vt 0.99204 0.59913
vt 0.99276 0.59913
vt 0.99348 0.59913
vt 0.99419 0.59913
vt 0.99491 0.59913
vt 0.99563 0.59913
vt 0.99634 0.59913
vt 0.99706 0.59913
vt 0.99849 0.6057
vt 0.99778 0.6057
vt 0.98488 0.6057
vt 0.98416 0.6057
vt 0.98559 0.6057
vt 0.98631 0.6057
vt 0.98703 0.6057
vt 0.98774 0.6057
vt 0.98846 0.6057
vt 0.98918 0.6057
vt 0.98989 0.6057
vt 0.99061 0.6057
vt 0.99133 0.6057
vt 0.99204 0.6057
vt 0.99276 0.6057
vt 0.99348 0.6057
vt 0.99419 0.6057
vt 0.99491 0.6057
vt 0.99563 0.6057
vt 0.99634 0.6057
vt 0.99706 0.6057
vt 0.99849 0.61227
vt 0.99778 0.61227
vt 0.98488 0.61227
vt 0.98416 0.61227
vt 0.98559 0.61227
vt 0.98631 0.61227
vt 0.98703 0.61227
vt 0.98774 0.61227
vt 0.98846 0.61227
vt 0.98918 0.61227
vt 0.98989 0.61227
vt 0.99061 0.61227
vt 0.99133 0.61227
vt 0.99204 0.61227
vt 0.99276 0.61227
vt 0.99348 0.61227
vt 0.99419 0.61227
vt 0.99491 0.61227
vt 0.99563 0.61227
vt 0.99634 0.61227
vt 0.99706 0.61227
vt 0.99849 0.61884
vt 0.99778 0.61884
vt 0.98488 0.61884
vt 0.98416 0.61884
vt 0.98559 0.61884
vt 0.98631 0.61884
vt 0.98703 0.61884
vt 0.98774 0.61884
vt 0.98846 0.61884
vt 0.98918 0.61884
vt 0.98989 0.61884
vt 0.99061 0.61884
vt 0.99133 0.61884
vt 0.99204 0.61884
vt 0.99276 0.61884
vt 0.99348 0.61884
vt 0.99419 0.61884
vt 0.99491 0.61884
vt 0.99563 0.61884
vt 0.99634 0.61884
vt 0.99706 0.61884
vt 0.99849 0.62541
vt 0.99778 0.62541
vt 0.98488 0.62541
vt 0.98416 0.62541
vt 0.98559 0.62541
vt 0.98631 0.62541
vt 0.98703 0.62541
vt 0.98774 0.62541
vt 0.98846 0.62541
vt 0.98918 0.62541
vt 0.98989 0.62541
vt 0.99061 0.62541
vt 0.99133 0.62541
vt 0.99204 0.62541
vt 0.99276 0.62541
vt 0.99348 0.62541
vt 0.99419 0.62541
vt 0.99491 0.62541
vt 0.99563 0.62541
vt 0.99634 0.62541
vt 0.99706 0.62541
vt 0.99849 0.63199
vt 0.99778 0.63199
vt 0.98488 0.63199
vt 0.98416 0.63199
vt 0.98559 0.63199
vt 0.98631 0.63199
vt 0.98703 0.63199
vt 0.98774 0.63199
vt 0.98846 0.63199
vt 0.98918 0.63199
vt 0.98989 0.63199
vt 0.99061 0.63199
vt 0.99133 0.63199
vt 0.99204 0.63199
vt 0.99276 0.63199
vt 0.99348 0.63199
vt 0.99419 0.63199
vt 0.99491 0.63199
vt 0.99563 0.63199
vt 0.99634 0.63199
vt 0.99706 0.63199
usemtl mat0
f 397/397/350 398/398/351 399/399/352
f 397/397/350 399/399/352 400/400/353
f 401/401/354 402/402/355 403/403/351
f 401/401/354 403/403/351 404/404/350
f 405/405/356 406/406/357 402/402/355
f 405/405/356 402/402/355 401/401/354
f 407/407/358 408/408/359 406/406/357
f 407/407/358 406/406/357 405/405/356
f 409/409/360 410/410/361 408/408/359
f 409/409/360 408/408/359 407/407/358
f 411/411/362 412/412/363 410/410/361
f 411/411/362 410/410/361 409/409/360
f 413/413/364 414/414/365 412/412/363
f 413/413/364 412/412/363 411/411/362
f 415/415/366 416/416/367 414/414/365
f 415/415/366 414/414/365 413/413/364
f 417/417/368 418/418/369 416/416/367
f 417/417/368 416/416/367 415/415/366
f 419/419/370 420/420/371 418/418/369
f 419/419/370 418/418/369 417/417/368
f 421/421/372 422/422/373 420/420/371
f 421/421/372 420/420/371 419/419/370
f 423/423/374 424/424/375 422/422/373
f 423/423/374 422/422/373 421/421/372
f 425/425/376 426/426/377 424/424/375
f 425/425/376 424/424/375 423/423/374
f 427/427/378 428/428/379 426/426/377
f 427/427/378 426/426/377 425/425/376
f 429/429/380 430/430/381 428/428/379
f 429/429/380 428/428/379 427/427/378
f 431/431/382 432/432/383 430/430/381
f 431/431/382 430/430/381 429/429/380
f 433/433/384 434/434/385 432/432/383
f 433/433/384 432/432/383 431/431/382
f 435/435/386 436/436/387 434/434/385
f 435/435/386 434/434/385 433/433/384
f 437/437/388 438/438/389 436/436/387
f 437/437/388 436/436/387 435/435/386
f 400/400/353 399/399/352 438/438/389
f 400/400/353 438/438/389 437/437/388
f 398/398/351 439/439/390 440/440/391
f 398/398/351 440/440/391 399/399/352
f 402/402/355 441/441/392 442/442/390
f 402/402/355 442/442/390 403/403/351
f 406/406/357 443/443/393 441/441/392
f 406/406/357 441/441/392 402/402/355
f 408/408/359 444/444/394 443/443/393
f 408/408/359 443/443/393 406/406/357
f 410/410/361 445/445/395 444/444/394
f 410/410/361 444/444/394 408/408/359
f 412/412/363 446/446/396 445/445/395
f 412/412/363 445/445/395 410/410/361
f 414/414/365 447/447/397 446/446/396
f 414/414/365 446/446/396 412/412/363
f 416/416/367 448/448/398 447/447/397
f 416/416/367 447/447/397 414/414/365
f 418/418/369 449/449/399 448/448/398
f 418/418/369 448/448/398 416/416/367
f 420/420/371 450/450/400 449/449/399
f 420/420/371 449/449/399 418/418/369
f 422/422/373 451/451/401 450/450/400
f 422/422/373 450/450/400 420/420/371
f 424/424/375 452/452/402 451/451/401
f 424/424/375 451/451/401 422/422/373
f 426/426/377 453/453/403 452/452/402
f 426/426/377 452/452/402 424/424/375
f 428/428/379 454/454/404 453/453/403
f 428/428/379 453/453/403 426/426/377
f 430/430/381 455/455/405 454/454/404
f 430/430/381 454/454/404 428/428/379
f 432/432/383 456/456/406 455/455/405
f 432/432/383 455/455/405 430/430/381
f 434/434/385 457/457/407 456/456/406
f 434/434/385 456/456/406 432/432/383
f 436/436/387 458/458/408 457/457/407
f 436/436/387 457/457/407 434/434/385
f 438/438/389 459/459/409 458/458/408
f 438/438/389 458/458/408 436/436/387
f 399/399/352 440/440/391 459/459/409
f 399/399/352 459/459/409 438/438/389
f 439/439/390 460/460/410 461/461/411
f 439/439/390 461/461/411 440/440/391
f 441/441/392 462/462/412 463/463/410
f 441/441/392 463/463/410 442/442/390
f 443/443/393 464/464/413 462/462/412
f 443/443/393 462/462/412 441/441/392
f 444/444/394 465/465/414 464/464/413
f 444/444/394 464/464/413 443/443/393
f 445/445/395 466/466/415 465/465/414
f 445/445/395 465/465/414 444/444/394
f 446/446/396 467/467/416 466/466/415
f 446/446/396 466/466/415 445/445/395
f 447/447/397 468/468/417 467/467/416
f 447/447/397 467/467/416 446/446/396
f 448/448/398 469/469/418 468/468/417
f 448/448/398 468/468/417 447/447/397
f 449/449/399 470/470/419 469/469/418
f 449/449/399 469/469/418 448/448/398
f 450/450/400 471/471/420 470/470/419
f 450/450/400 470/470/419 449/449/399
f 451/451/401 472/472/421 471/471/420
f 451/451/401 471/471/420 450/450/400
f 452/452/402 473/473/422 472/472/421
f 452/452/402 472/472/421 451/451/401
f 453/453/403 474/474/423 473/473/422
f 453/453/403 473/473/422 452/452/402
f 454/454/404 475/475/424 474/474/423
f 454/454/404 474/474/423 453/453/403
f 455/455/405 476/476/425 475/475/424
f 455/455/405 475/475/424 454/454/404
f 456/456/406 477/477/426 476/476/425
f 456/456/406 476/476/425 455/455/405
f 457/457/407 478/478/427 477/477/426
f 457/457/407 477/477/426 456/456/406
f 458/458/408 479/479/428 478/478/427
f 458/458/408 478/478/427 457/457/407
f 459/459/409 480/480/429 479/479/428
f 459/459/409 479/479/428 458/458/408
f 440/440/391 461/461/411 480/480/429
f 440/440/391 480/480/429 459/459/409
f 460/460/410 481/481/430 482/482/431
f 460/460/410 482/482/431 461/461/411
f 462/462/412 483/483/432 484/484/430
f 462/462/412 484/484/430 463/463/410
f 464/464/413 485/485/433 483/483/432
f 464/464/413 483/483/432 462/462/412
f 465/465/414 486/486/434 485/485/433
f 465/465/414 485/485/433 464/464/413
f 466/466/415 487/487/435 486/486/434
f 466/466/415 486/486/434 465/465/414
f 467/467/416 488/488/436 487/487/435
f 467/467/416 487/487/435 466/466/415
f 468/468/417 489/489/437 488/488/436
f 468/468/417 488/488/436 467/467/416
f 469/469/418 490/490/438 489/489/437
f 469/469/418 489/489/437 468/468/417
f 470/470/419 491/491/439 490/490/438
f 470/470/419 490/490/438 469/469/418
f 471/471/420 492/492/440 491/491/439
f 471/471/420 491/491/439 470/470/419
f 472/472/421 493/493/441 492/492/440
f 472/472/421 492/492/440 471/471/420
f 473/473/422 494/494/442 493/493/441
f 473/473/422 493/493/441 472/472/421
f 474/474/423 495/495/443 494/494/442
f 474/474/423 494/494/442 473/473/422
f 475/475/424 496/496/444 495/495/443
f 475/475/424 495/495/443 474/474/423
f 476/476/425 497/497/445 496/496/444
f 476/476/425 496/496/444 475/475/424
f 477/477/426 498/498/446 497/497/445
f 477/477/426 497/497/445 476/476/425
f 478/478/427 499/499/447 498/498/446
f 478/478/427 498/498/446 477/477/426
f 479/479/428 500/500/448 499/499/447
f 479/479/428 499/499/447 478/478/427
f 480/480/429 501/501/449 500/500/448
f 480/480/429 500/500/448 479/479/428
f 461/461/411 482/482/431 501/501/449
f 461/461/411 501/501/449 480/480/429
f 481/481/430 502/502/450 503/503/451
f 481/481/430 503/503/451 482/482/431
f 483/483/432 504/504/452 505/505/450
f 483/483/432 505/505/450 484/484/430
f 485/485/433 506/506/453 504/504/452
f 485/485/433 504/504/452 483/483/432
f 486/486/434 507/507/454 506/506/453
f 486/486/434 506/506/453 485/485/433
f 487/487/435 508/508/455 507/507/454
f 487/487/435 507/507/454 486/486/434
f 488/488/436 509/509/456 508/508/455
f 488/488/436 508/508/455 487/487/435
f 489/489/437 510/510/457 509/509/456
f 489/489/437 509/509/456 488/488/436
f 490/490/438 511/511/458 510/510/457
f 490/490/438 510/510/457 489/489/437
f 491/491/439 512/512/459 511/511/458
f 491/491/439 511/511/458 490/490/438
f 492/492/440 513/513/460 512/512/459
f 492/492/440 512/512/459 491/491/439
f 493/493/441 514/514/461 513/513/460
f 493/493/441 513/513/460 492/492/440
f 494/494/442 515/515/462 514/514/461
f 494/494/442 514/514/461 493/493/441
f 495/495/443 516/516/463 515/515/462
f 495/495/443 515/515/462 494/494/442
f 496/496/444 517/517/464 516/516/463
f 496/496/444 516/516/463 495/495/443
f 497/497/445 518/518/465 517/517/464
f 497/497/445 517/517/464 496/496/444
f 498/498/446 519/519/466 518/518/465
f 498/498/446 518/518/465 497/497/445
f 499/499/447 520/520/467 519/519/466
f 499/499/447 519/519/466 498/498/446
f 500/500/448 521/521/468 520/520/467
f 500/500/448 520/520/467 499/499/447
f 501/501/449 522/522/469 521/521/468
f 501/501/449 521/521/468 500/500/448
f 482/482/431 503/503/451 522/522/469
f 482/482/431 522/522/469 501/501/449
f 502/502/450 523/523/470 524/524/471
f 502/502/450 524/524/471 503/503/451
f 504/504/452 525/525/472 526/526/470
f 504/504/452 526/526/470 505/505/450
f 506/506/453 527/527/473 525/525/472
f 506/506/453 525/525/472 504/504/452
f 507/507/454 528/528/474 527/527/473
f 507/507/454 527/527/473 506/506/453
f 508/508/455 529/529/475 528/528/474
f 508/508/455 528/528/474 507/507/454
f 509/509/456 530/530/476 529/529/475
f 509/509/456 529/529/475 508/508/455
f 510/510/457 531/531/477 530/530/476
f 510/510/457 530/530/476 509/509/456
f 511/511/458 532/532/478 531/531/477
f 511/511/458 531/531/477 510/510/457
f 512/512/459 533/533/479 532/532/478
f 512/512/459 532/532/478 511/511/458
f 513/513/460 534/534/480 533/533/479
f 513/513/460 533/533/479 512/512/459
f 514/514/461 535/535/481 534/534/480
f 514/514/461 534/534/480 513/513/460
f 515/515/462 536/536/482 535/535/481
f 515/515/462 535/535/481 514/514/461
f 516/516/463 537/537/483 536/536/482
f 516/516/463 536/536/482 515/515/462
f 517/517/464 538/538/484 537/537/483
f 517/517/464 537/537/483 516/516/463
f 518/518/465 539/539/485 538/538/484
f 518/518/465 538/538/484 517/517/464
f 519/519/466 540/540/486 539/539/485
f 519/519/466 539/539/485 518/518/465
f 520/520/467 541/541/487 540/540/486
f 520/520/467 540/540/486 519/519/466
f 521/521/468 542/542/488 541/541/487
f 521/521/468 541/541/487 520/520/467
f 522/522/469 543/543/489 542/542/488
f 522/522/469 542/542/488 521/521/468
f 503/503/451 524/524/471 543/543/489
f 503/503/451 543/543/489 522/522/469
f 523/523/470 544/544/490 545/545/491
f 523/523/470 545/545/491 524/524/471
f 525/525/472 546/546/492 547/547/490
f 525/525/472 547/547/490 526/526/470
f 527/527/473 548/548/493 546/546/492
f 527/527/473 546/546/492 525/525/472
f 528/528/474 549/549/494 548/548/493
f 528/528/474 548/548/493 527/527/473
f 529/529/475 550/550/495 549/549/494
f 529/529/475 549/549/494 528/528/474
f 530/530/476 551/551/496 550/550/495
f 530/530/476 550/550/495 529/529/475
f 531/531/477 552/552/497 551/551/496
f 531/531/477 551/551/496 530/530/476
f 532/532/478 553/553/498 552/552/497
f 532/532/478 552/552/497 531/531/477
f 533/533/479 554/554/499 553/553/498
f 533/533/479 553/553/498 532/532/478
f 534/534/480 555/555/500 554/554/499
f 534/534/480 554/554/499 533/533/479
f 535/535/481 556/556/501 555/555/500
f 535/535/481 555/555/500 534/534/480
f 536/536/482 557/557/502 556/556/501
f 536/536/482 556/556/501 535/535/481
f 537/537/483 558/558/503 557/557/502
f 537/537/483 557/557/502 536/536/482
f 538/538/484 559/559/504 558/558/503
f 538/538/484 558/558/503 537/537/483
f 539/539/485 560/560/505 559/559/504
f 539/539/485 559/559/504 538/538/484
f 540/540/486 561/561/506 560/560/505
f 540/540/486 560/560/505 539/539/485
f 541/541/487 562/562/507 561/561/506
f 541/541/487 561/561/506 540/540/486
f 542/542/488 563/563/508 562/562/507
f 542/542/488 562/562/507 541/541/487
f 543/543/489 564/564/509 563/563/508
f 543/543/489 563/563/508 542/542/488
f 524/524/471 545/545/491 564/564/509
f 524/524/471 564/564/509 543/543/489
f 544/544/490 565/565/510 566/566/511
f 544/544/490 566/566/511 545/545/491
f 546/546/492 567/567/512 568/568/510
f 546/546/492 568/568/510 547/547/490
f 548/548/493 569/569/513 567/567/512
f 548/548/493 567/567/512 546/546/492
f 549/549/494 570/570/514 569/569/513
f 549/549/494 569/569/513 548/548/493
f 550/550/495 571/571/515 570/570/514
f 550/550/495 570/570/514 549/549/494
f 551/551/496 572/572/516 571/571/515
f 551/551/496 571/571/515 550/550/495
f 552/552/497 573/573/517 572/572/516
f 552/552/497 572/572/516 551/551/496
f 553/553/498 574/574/518 573/573/517
f 553/553/498 573/573/517 552/552/497
f 554/554/499 575/575/519 574/574/518
f 554/554/499 574/574/518 553/553/498
f 555/555/500 576/576/520 575/575/519
f 555/555/500 575/575/519 554/554/499
f 556/556/501 577/577/521 576/576/520
f 556/556/501 576/576/520 555/555/500
f 557/557/502 578/578/522 577/577/521
f 557/557/502 577/577/521 556/556/501
f 558/558/503 579/579/523 578/578/522
f 558/558/503 578/578/522 557/557/502
f 559/559/504 580/580/524 579/579/523
f 559/559/504 579/579/523 558/558/503
f 560/560/505 581/581/525 580/580/524
f 560/560/505 580/580/524 559/559/504
f 561/561/506 582/582/526 581/581/525
f 561/561/506 581/581/525 560/560/505
f 562/562/507 583/583/527 582/582/526
f 562/562/507 582/582/526 561/561/506
f 563/563/508 584/584/528 583/583/527
f 563/563/508 583/583/527 562/562/507
f 564/564/509 585/585/529 584/584/528
f 564/564/509 584/584/528 563/563/508
f 545/545/491 566/566/511 585/585/529
f 545/545/491 585/585/529 564/564/509
f 565/565/510 586/586/530 587/587/531
f 565/565/510 587/587/531 566/566/511
f 567/567/512 588/588/532 589/589/530
f 567/567/512 589/589/530 568/568/510
f 569/569/513 590/590/533 588/588/532
f 569/569/513 588/588/532 567/567/512
f 570/570/514 591/591/534 590/590/533
f 570/570/514 590/590/533 569/569/513
f 571/571/515 592/592/535 591/591/534
f 571/571/515 591/591/534 570/570/514
f 572/572/516 593/593/536 592/592/535
f 572/572/516 592/592/535 571/571/515
f 573/573/517 594/594/537 593/593/536
f 573/573/517 593/593/536 572/572/516
f 574/574/518 595/595/538 594/594/537
f 574/574/518 594/594/537 573/573/517
f 575/575/519 596/596/539 595/595/538
f 575/575/519 595/595/538 574/574/518
f 576/576/520 597/597/540 596/596/539
f 576/576/520 596/596/539 575/575/519
f 577/577/521 598/598/541 597/597/540
f 577/577/521 597/597/540 576/576/520
f 578/578/522 599/599/542 598/598/541
f 578/578/522 598/598/541 577/577/521
f 579/579/523 600/600/543 599/599/542
f 579/579/523 599/599/542 578/578/522
f 580/580/524 601/601/544 600/600/543
f 580/580/524 600/600/543 579/579/523
f 581/581/525 602/602/545 601/601/544
f 581/581/525 601/601/544 580/580/524
f 582/582/526 603/603/546 602/602/545
f 582/582/526 602/602/545 581/581/525
f 583/583/527 604/604/547 603/603/546
f 583/583/527 603/603/546 582/582/526
f 584/584/528 605/605/548 604/604/547
f 584/584/528 604/604/547 583/583/527
f 585/585/529 606/606/549 605/605/548
f 585/585/529 605/605/548 584/584/528
f 566/566/511 587/587/531 606/606/549
f 566/566/511 606/606/549 585/585/529
f 586/586/530 607/607/550 608/608/551
f 586/586/530 608/608/551 587/587/531
f 588/588/532 609/609/552 610/610/550
f 588/588/532 610/610/550 589/589/530
f 590/590/533 611/611/553 609/609/552
f 590/590/533 609/609/552 588/588/532
f 591/591/534 612/612/554 611/611/553
f 591/591/534 611/611/553 590/590/533
f 592/592/535 613/613/555 612/612/554
f 592/592/535 612/612/554 591/591/534
f 593/593/536 614/614/556 613/613/555
f 593/593/536 613/613/555 592/592/535
f 594/594/537 615/615/557 614/614/556
f 594/594/537 614/614/556 593/593/536
f 595/595/538 616/616/558 615/615/557
f 595/595/538 615/615/557 594/594/537
f 596/596/539 617/617/559 616/616/558
f 596/596/539 616/616/558 595/595/538
f 597/597/540 618/618/560 617/617/559
f 597/597/540 617/617/559 596/596/539
f 598/598/541 619/619/561 618/618/560
f 598/598/541 618/618/560 597/597/540
f 599/599/542 620/620/562 619/619/561
f 599/599/542 619/619/561 598/598/541
f 600/600/543 621/621/563 620/620/562
f 600/600/543 620/620/562 599/599/542
f 601/601/544 622/622/564 621/621/563
f 601/601/544 621/621/563 600/600/543
f 602/602/545 623/623/565 622/622/564
f 602/602/545 622/622/564 601/601/544
f 603/603/546 624/624/566 623/623/565
f 603/603/546 623/623/565 602/602/545
f 604/604/547 625/625/567 624/624/566
f 604/604/547 624/624/566 603/603/546
f 605/605/548 626/626/568 625/625/567
f 605/605/548 625/625/567 604/604/547
f 606/606/549 627/627/569 626/626/568
f 606/606/549 626/626/568 605/605/548
f 587/587/531 608/608/551 627/627/569
f 587/587/531 627/627/569 606/606/549
f 607/607/550 628/628/570 629/629/571
f 607/607/550 629/629/571 608/608/551
f 609/609/552 630/630/572 631/631/570
f 609/609/552 631/631/570 610/610/550
f 611/611/553 632/632/573 630/630/572
f 611/611/553 630/630/572 609/609/552
f 612/612/554 633/633/574 632/632/573
f 612/612/554 632/632/573 611/611/553
f 613/613/555 634/634/575 633/633/574
f 613/613/555 633/633/574 612/612/554
f 614/614/556 635/635/576 634/634/575
f 614/614/556 634/634/575 613/613/555
f 615/615/557 636/636/577 635/635/576
f 615/615/557 635/635/576 614/614/556
f 616/616/558 637/637/578 636/636/577
f 616/616/558 636/636/577 615/615/557
f 617/617/559 638/638/579 637/637/578
f 617/617/559 637/637/578 616/616/558
f 618/618/560 639/639/580 638/638/579
f 618/618/560 638/638/579 617/617/559
f 619/619/561 640/640/581 639/639/580
f 619/619/561 639/639/580 618/618/560
f 620/620/562 641/641/582 640/640/581
f 620/620/562 640/640/581 619/619/561
f 621/621/563 642/642/583 641/641/582
f 621/621/563 641/641/582 620/620/562
f 622/622/564 643/643/584 642/642/583
f 622/622/564 642/642/583 621/621/563
f 623/623/565 644/644/585 643/643/584
f 623/623/565 643/643/584 622/622/564
f 624/624/566 645/645/586 644/644/585
f 624/624/566 644/644/585 623/623/565
f 625/625/567 646/646/587 645/645/586
f 625/625/567 645/645/586 624/624/566
f 626/626/568 647/647/588 646/646/587
f 626/626/568 646/646/587 625/625/567
f 627/627/569 648/648/589 647/647/588
f 627/627/569 647/647/588 626/626/568
f 608/608/551 629/629/571 648/648/589
f 608/608/551 648/648/589 627/627/569
f 628/628/570 649/649/590 650/650/591
f 628/628/570 650/650/591 629/629/571
f 630/630/572 651/651/592 652/652/590
f 630/630/572 652/652/590 631/631/570
f 632/632/573 653/653/593 651/651/592
f 632/632/573 651/651/592 630/630/572
f 633/633/574 654/654/594 653/653/593
f 633/633/574 653/653/593 632/632/573
f 634/634/575 655/655/595 654/654/594
f 634/634/575 654/654/594 633/633/574
f 635/635/576 656/656/596 655/655/595
f 635/635/576 655/655/595 634/634/575
f 636/636/577 657/657/597 656/656/596
f 636/636/577 656/656/596 635/635/576
f 637/637/578 658/658/598 657/657/597
f 637/637/578 657/657/597 636/636/577
f 638/638/579 659/659/599 658/658/598
f 638/638/579 658/658/598 637/637/578
f 639/639/580 660/660/600 659/659/599
f 639/639/580 659/659/599 638/638/579
f 640/640/581 661/661/601 660/660/600
f 640/640/581 660/660/600 639/639/580
f 641/641/582 662/662/602 661/661/601
f 641/641/582 661/661/601 640/640/581
f 642/642/583 663/663/603 662/662/602
f 642/642/583 662/662/602 641/641/582
f 643/643/584 664/664/604 663/663/603
f 643/643/584 663/663/603 642/642/583
f 644/644/585 665/665/605 664/664/604
f 644/644/585 664/664/604 643/643/584
f 645/645/586 666/666/606 665/665/605
f 645/645/586 665/665/605 644/644/585
f 646/646/587 667/667/607 666/666/606
f 646/646/587 666/666/606 645/645/586
f 647/647/588 668/668/608 667/667/607
f 647/647/588 667/667/607 646/646/587
f 648/648/589 669/669/609 668/668/608
f 648/648/589 668/668/608 647/647/588
f 629/629/571 650/650/591 669/669/609
f 629/629/571 669/669/609 648/648/589
f 649/649/590 670/670/610 671/671/611
f 649/649/590 671/671/611 650/650/591
f 651/651/592 672/672/612 673/673/610
f 651/651/592 673/673/610 652/652/590
f 653/653/593 674/674/613 672/672/612
f 653/653/593 672/672/612 651/651/592
f 654/654/594 675/675/614 674/674/613
f 654/654/594 674/674/613 653/653/593
f 655/655/595 676/676/615 675/675/614
f 655/655/595 675/675/614 654/654/594
f 656/656/596 677/677/616 676/676/615
f 656/656/596 676/676/615 655/655/595
f 657/657/597 678/678/617 677/677/616
f 657/657/597 677/677/616 656/656/596
f 658/658/598 679/679/618 678/678/617
f 658/658/598 678/678/617 657/657/597
f 659/659/599 680/680/619 679/679/618
f 659/659/599 679/679/618 658/658/598
f 660/660/600 681/681/620 680/680/619
f 660/660/600 680/680/619 659/659/599
f 661/661/601 682/682/621 681/681/620
f 661/661/601 681/681/620 660/660/600
f 662/662/602 683/683/622 682/682/621
f 662/662/602 682/682/621 661/661/601
f 663/663/603 684/684/623 683/683/622
f 663/663/603 683/683/622 662/662/602
f 664/664/604 685/685/624 684/684/623
f 664/664/604 684/684/623 663/663/603
f 665/665/605 686/686/625 685/685/624
f 665/665/605 685/685/624 664/664/604
f 666/666/606 687/687/626 686/686/625
f 666/666/606 686/686/625 665/665/605
f 667/667/607 688/688/627 687/687/626
f 667/667/607 687/687/626 666/666/606
f 668/668/608 689/689/628 688/688/627
f 668/668/608 688/688/627 667/667/607
f 669/669/609 690/690/629 689/689/628
f 669/669/609 689/689/628 668/668/608
f 650/650/591 671/671/611 690/690/629
f 650/650/591 690/690/629 669/669/609
f 670/670/610 691/691/630 692/692/631
f 670/670/610 692/692/631 671/671/611
f 672/672/612 693/693/632 694/694/630
f 672/672/612 694/694/630 673/673/610
f 674/674/613 695/695/633 693/693/632
f 674/674/613 693/693/632 672/672/612
f 675/675/614 696/696/634 695/695/633
f 675/675/614 695/695/633 674/674/613
f 676/676/615 697/697/635 696/696/634
f 676/676/615 696/696/634 675/675/614
f 677/677/616 698/698/636 697/697/635
f 677/677/616 697/697/635 676/676/615
f 678/678/617 699/699/637 698/698/636
f 678/678/617 698/698/636 677/677/616
f 679/679/618 700/700/638 699/699/637
f 679/679/618 699/699/637 678/678/617
f 680/680/619 701/701/639 700/700/638
f 680/680/619 700/700/638 679/679/618
f 681/681/620 702/702/640 701/701/639
f 681/681/620 701/701/639 680/680/619
f 682/682/621 703/703/641 702/702/640
f 682/682/621 702/702/640 681/681/620
f 683/683/622 704/704/642 703/703/641
f 683/683/622 703/703/641 682/682/621
f 684/684/623 705/705/643 704/704/642
f 684/684/623 704/704/642 683/683/622
f 685/685/624 706/706/644 705/705/643
f 685/685/624 705/705/643 684/684/623
f 686/686/625 707/707/645 706/706/644
f 686/686/625 706/706/644 685/685/624
f 687/687/626 708/708/646 707/707/645
f 687/687/626 707/707/645 686/686/625
f 688/688/627 709/709/647 708/708/646
f 688/688/627 708/708/646 687/687/626
f 689/689/628 710/710/648 709/709/647
f 689/689/628 709/709/647 688/688/627
f 690/690/629 711/711/649 710/710/648
f 690/690/629 710/710/648 689/689/628
f 671/671/611 692/692/631 711/711/649
f 671/671/611 711/711/649 690/690/629
f 691/691/630 712/712/650 713/713/651
f 691/691/630 713/713/651 692/692/631
f 693/693/632 714/714/652 715/715/650
f 693/693/632 715/715/650 694/694/630
f 695/695/633 716/716/653 714/714/652
f 695/695/633 714/714/652 693/693/632
f 696/696/634 717/717/654 716/716/653
f 696/696/634 716/716/653 695/695/633
f 697/697/635 718/718/655 717/717/654
f 697/697/635 717/717/654 696/696/634
f 698/698/636 719/719/656 718/718/655
f 698/698/636 718/718/655 697/697/635
f 699/699/637 720/720/657 719/719/656
f 699/699/637 719/719/656 698/698/636
f 700/700/638 721/721/658 720/720/657
f 700/700/638 720/720/657 699/699/637
f 701/701/639 722/722/659 721/721/658
f 701/701/639 721/721/658 700/700/638
f 702/702/640 723/723/660 722/722/659
f 702/702/640 722/722/659 701/701/639
f 703/703/641 724/724/661 723/723/660
f 703/703/641 723/723/660 702/702/640
f 704/704/642 725/725/662 724/724/661
f 704/704/642 724/724/661 703/703/641
f 705/705/643 726/726/663 725/725/662
f 705/705/643 725/725/662 704/704/642
f 706/706/644 727/727/664 726/726/663
f 706/706/644 726/726/663 705/705/643
f 707/707/645 728/728/665 727/727/664
f 707/707/645 727/727/664 706/706/644
f 708/708/646 729/729/666 728/728/665
f 708/708/646 728/728/665 707/707/645
f 709/709/647 730/730/667 729/729/666
f 709/709/647 729/729/666 708/708/646
f 710/710/648 731/731/668 730/730/667
f 710/710/648 730/730/667 709/709/647
f 711/711/649 732/732/669 731/731/668
f 711/711/649 731/731/668 710/710/648
f 692/692/631 713/713/651 732/732/669
f 692/692/631 732/732/669 711/711/649
f 712/712/650 733/733/670 734/734/671
f 712/712/650 734/734/671 713/713/651
f 714/714/652 735/735/672 736/736/670
f 714/714/652 736/736/670 715/715/650
f 716/716/653 737/737/673 735/735/672
f 716/716/653 735/735/672 714/714/652
f 717/717/654 738/738/674 737/737/673
f 717/717/654 737/737/673 716/716/653
f 718/718/655 739/739/675 738/738/674
f 718/718/655 738/738/674 717/717/654
f 719/719/656 740/740/676 739/739/675
f 719/719/656 739/739/675 718/718/655
f 720/720/657 741/741/677 740/740/676
f 720/720/657 740/740/676 719/719/656
f 721/721/658 742/742/678 741/741/677
f 721/721/658 741/741/677 720/720/657
f 722/722/659 743/743/679 742/742/678
f 722/722/659 742/742/678 721/721/658
f 723/723/660 744/744/680 743/743/679
f 723/723/660 743/743/679 722/722/659
f 724/724/661 745/745/681 744/744/680
f 724/724/661 744/744/680 723/723/660
f 725/725/662 746/746/682 745/745/681
f 725/725/662 745/745/681 724/724/661
f 726/726/663 747/747/683 746/746/682
f 726/726/663 746/746/682 725/725/662
f 727/727/664 748/748/684 747/747/683
f 727/727/664 747/747/683 726/726/663
f 728/728/665 749/749/685 748/748/684
f 728/728/665 748/748/684 727/727/664
f 729/729/666 750/750/686 749/749/685
f 729/729/666 749/749/685 728/728/665
f 730/730/667 751/751/687 750/750/686
f 730/730/667 750/750/686 729/729/666
f 731/731/668 752/752/688 751/751/687
f 731/731/668 751/751/687 730/730/667
f 732/732/669 753/753/689 752/752/688
f 732/732/669 752/752/688 731/731/668
f 713/713/651 734/734/671 753/753/689
f 713/713/651 753/753/689 732/732/669
f 733/733/670 754/754/690 755/755/691
f 733/733/670 755/755/691 734/734/671
f 735/735/672 756/756/692 757/757/690
f 735/735/672 757/757/690 736/736/670
f 737/737/673 758/758/693 756/756/692
f 737/737/673 756/756/692 735/735/672
f 738/738/674 759/759/694 758/758/693
f 738/738/674 758/758/693 737/737/673
f 739/739/675 760/760/695 759/759/694
f 739/739/675 759/759/694 738/738/674
f 740/740/676 761/761/696 760/760/695
f 740/740/676 760/760/695 739/739/675
f 741/741/677 762/762/697 761/761/696
f 741/741/677 761/761/696 740/740/676
f 742/742/678 763/763/698 762/762/697
f 742/742/678 762/762/697 741/741/677
f 743/743/679 764/764/699 763/763/698
f 743/743/679 763/763/698 742/742/678
f 744/744/680 765/765/700 764/764/699
f 744/744/680 764/764/699 743/743/679
f 745/745/681 766/766/701 765/765/700
f 745/745/681 765/765/700 744/744/680
f 746/746/682 767/767/702 766/766/701
f 746/746/682 766/766/701 745/745/681
f 747/747/683 768/768/703 767/767/702
f 747/747/683 767/767/702 746/746/682
f 748/748/684 769/769/704 768/768/703
f 748/748/684 768/768/703 747/747/683
f 749/749/685 770/770/705 769/769/704
f 749/749/685 769/769/704 748/748/684
f 750/750/686 771/771/706 770/770/705
f 750/750/686 770/770/705 749/749/685
f 751/751/687 772/772/707 771/771/706
f 751/751/687 771/771/706 750/750/686
f 752/752/688 773/773/708 772/772/707
f 752/752/688 772/772/707 751/751/687
f 753/753/689 774/774/709 773/773/708
f 753/753/689 773/773/708 752/752/688
f 734/734/671 755/755/691 774/774/709
f 734/734/671 774/774/709 753/753/689
f 754/754/690 775/775/710 776/776/711
f 754/754/690 776/776/711 755/755/691
f 756/756/692 777/777/712 778/778/710
f 756/756/692 778/778/710 757/757/690
f 758/758/693 779/779/713 777/777/712
f 758/758/693 777/777/712 756/756/692
f 759/759/694 780/780/714 779/779/713
f 759/759/694 779/779/713 758/758/693
f 760/760/695 781/781/715 780/780/714
f 760/760/695 780/780/714 759/759/694
f 761/761/696 782/782/716 781/781/715
f 761/761/696 781/781/715 760/760/695
f 762/762/697 783/783/717 782/782/716
f 762/762/697 782/782/716 761/761/696
f 763/763/698 784/784/718 783/783/717
f 763/763/698 783/783/717 762/762/697
f 764/764/699 785/785/719 784/784/718
f 764/764/699 784/784/718 763/763/698
f 765/765/700 786/786/720 785/785/719
f 765/765/700 785/785/719 764/764/699
f 766/766/701 787/787/721 786/786/720
f 766/766/701 786/786/720 765/765/700
f 767/767/702 788/788/722 787/787/721
f 767/767/702 787/787/721 766/766/701
f 768/768/703 789/789/723 788/788/722
f 768/768/703 788/788/722 767/767/702
f 769/769/704 790/790/724 789/789/723
f 769/769/704 789/789/723 768/768/703
f 770/770/705 791/791/725 790/790/724
f 770/770/705 790/790/724 769/769/704
f 771/771/706 792/792/726 791/791/725
f 771/771/706 791/791/725 770/770/705
f 772/772/707 793/793/727 792/792/726
f 772/772/707 792/792/726 771/771/706
f 773/773/708 794/794/728 793/793/727
f 773/773/708 793/793/727 772/772/707
f 774/774/709 795/795/729 794/794/728
f 774/774/709 794/794/728 773/773/708
f 755/755/691 776/776/711 795/795/729
f 755/755/691 795/795/729 774/774/709
f 775/775/710 796/796/730 797/797/731
f 775/775/710 797/797/731 776/776/711
f 777/777/712 798/798/732 799/799/730
f 777/777/712 799/799/730 778/778/710
f 779/779/713 800/800/733 798/798/732
f 779/779/713 798/798/732 777/777/712
f 780/780/714 801/801/734 800/800/733
f 780/780/714 800/800/733 779/779/713
f 781/781/715 802/802/735 801/801/734
f 781/781/715 801/801/734 780/780/714
f 782/782/716 803/803/736 802/802/735
f 782/782/716 802/802/735 781/781/715
f 783/783/717 804/804/737 803/803/736
f 783/783/717 803/803/736 782/782/716
f 784/784/718 805/805/738 804/804/737
f 784/784/718 804/804/737 783/783/717
f 785/785/719 806/806/739 805/805/738
f 785/785/719 805/805/738 784/784/718
f 786/786/720 807/807/740 806/806/739
f 786/786/720 806/806/739 785/785/719
f 787/787/721 808/808/741 807/807/740
f 787/787/721 807/807/740 786/786/720
f 788/788/722 809/809/742 808/808/741
f 788/788/722 808/808/741 787/787/721
f 789/789/723 810/810/743 809/809/742
f 789/789/723 809/809/742 788/788/722
f 790/790/724 811/811/744 810/810/743
f 790/790/724 810/810/743 789/789/723
f 791/791/725 812/812/745 811/811/744
f 791/791/725 811/811/744 790/790/724
f 792/792/726 813/813/746 812/812/745
f 792/792/726 812/812/745 791/791/725
f 793/793/727 814/814/747 813/813/746
f 793/793/727 813/813/746 792/792/726
f 794/794/728 815/815/748 814/814/747
f 794/794/728 814/814/747 793/793/727
f 795/795/729 816/816/749 815/815/748
f 795/795/729 815/815/748 794/794/728
f 776/776/711 797/797/731 816/816/749
f 776/776/711 816/816/749 795/795/729
f 796/796/730 817/817/750 818/818/751
f 796/796/730 818/818/751 797/797/731
f 798/798/732 819/819/752 820/820/750
f 798/798/732 820/820/750 799/799/730
f 800/800/733 821/821/753 819/819/752
f 800/800/733 819/819/752 798/798/732
f 801/801/734 822/822/754 821/821/753
f 801/801/734 821/821/753 800/800/733
f 802/802/735 823/823/755 822/822/754
f 802/802/735 822/822/754 801/801/734
f 803/803/736 824/824/756 823/823/755
f 803/803/736 823/823/755 802/802/735
f 804/804/737 825/825/757 824/824/756
f 804/804/737 824/824/756 803/803/736
f 805/805/738 826/826/758 825/825/757
f 805/805/738 825/825/757 804/804/737
f 806/806/739 827/827/759 826/826/758
f 806/806/739 826/826/758 805/805/738
f 807/807/740 828/828/760 827/827/759
f 807/807/740 827/827/759 806/806/739
f 808/808/741 829/829/761 828/828/760
f 808/808/741 828/828/760 807/807/740
f 809/809/742 830/830/762 829/829/761
f 809/809/742 829/829/761 808/808/741
f 810/810/743 831/831/763 830/830/762
f 810/810/743 830/830/762 809/809/742
f 811/811/744 832/832/764 831/831/763
f 811/811/744 831/831/763 810/810/743
f 812/812/745 833/833/765 832/832/764
f 812/812/745 832/832/764 811/811/744
f 813/813/746 834/834/766 833/833/765
f 813/813/746 833/833/765 812/812/745
f 814/814/747 835/835/767 834/834/766
f 814/814/747 834/834/766 813/813/746
f 815/815/748 836/836/768 835/835/767
f 815/815/748 835/835/767 814/814/747
f 816/816/749 837/837/769 836/836/768
f 816/816/749 836/836/768 815/815/748
f 797/797/731 818/818/751 837/837/769
f 797/797/731 837/837/769 816/816/749
f 817/817/750 838/838/770 839/839/771
f 817/817/750 839/839/771 818/818/751
f 819/819/752 840/840/772 841/841/770
f 819/819/752 841/841/770 820/820/750
f 821/821/753 842/842/773 840/840/772
f 821/821/753 840/840/772 819/819/752
f 822/822/754 843/843/774 842/842/773
f 822/822/754 842/842/773 821/821/753
f 823/823/755 844/844/775 843/843/774
f 823/823/755 843/843/774 822/822/754
f 824/824/756 845/845/776 844/844/775
f 824/824/756 844/844/775 823/823/755
f 825/825/757 846/846/777 845/845/776
f 825/825/757 845/845/776 824/824/756
f 826/826/758 847/847/778 846/846/777
f 826/826/758 846/846/777 825/825/757
f 827/827/759 848/848/779 847/847/778
f 827/827/759 847/847/778 826/826/758
f 828/828/760 849/849/780 848/848/779
f 828/828/760 848/848/779 827/827/759
f 829/829/761 850/850/781 849/849/780
f 829/829/761 849/849/780 828/828/760
f 830/830/762 851/851/782 850/850/781
f 830/830/762 850/850/781 829/829/761
f 831/831/763 852/852/783 851/851/782
f 831/831/763 851/851/782 830/830/762
f 832/832/764 853/853/784 852/852/783
f 832/832/764 852/852/783 831/831/763
f 833/833/765 854/854/785 853/853/784
f 833/833/765 853/853/784 832/832/764
f 834/834/766 855/855/786 854/854/785
f 834/834/766 854/854/785 833/833/765
f 835/835/767 856/856/787 855/855/786
f 835/835/767 855/855/786 834/834/766
f 836/836/768 857/857/788 856/856/787
f 836/836/768 856/856/787 835/835/767
f 837/837/769 858/858/789 857/857/788
f 837/837/769 857/857/788 836/836/768
f 818/818/751 839/839/771 858/858/789
f 818/818/751 858/858/789 837/837/769
f 838/838/770 859/859/790 860/860/791
f 838/838/770 860/860/791 839/839/771
f 840/840/772 861/861/792 862/862/790
f 840/840/772 862/862/790 841/841/770
f 842/842/773 863/863/793 861/861/792
f 842/842/773 861/861/792 840/840/772
f 843/843/774 864/864/794 863/863/793
f 843/843/774 863/863/793 842/842/773
f 844/844/775 865/865/795 864/864/794
f 844/844/775 864/864/794 843/843/774
f 845/845/776 866/866/796 865/865/795
f 845/845/776 865/865/795 844/844/775
f 846/846/777 867/867/797 866/866/796
f 846/846/777 866/866/796 845/845/776
f 847/847/778 868/868/798 867/867/797
f 847/847/778 867/867/797 846/846/777
f 848/848/779 869/869/799 868/868/798
f 848/848/779 868/868/798 847/847/778
f 849/849/780 870/870/800 869/869/799
f 849/849/780 869/869/799 848/848/779
f 850/850/781 871/871/801 870/870/800
f 850/850/781 870/870/800 849/849/780
f 851/851/782 872/872/802 871/871/801
f 851/851/782 871/871/801 850/850/781
f 852/852/783 873/873/803 872/872/802
f 852/852/783 872/872/802 851/851/782
f 853/853/784 874/874/804 873/873/803
f 853/853/784 873/873/803 852/852/783
f 854/854/785 875/875/805 874/874/804
f 854/854/785 874/874/804 853/853/784
f 855/855/786 876/876/806 875/875/805
f 855/855/786 875/875/805 854/854/785
f 856/856/787 877/877/807 876/876/806
f 856/856/787 876/876/806 855/855/786
f 857/857/788 878/878/808 877/877/807
f 857/857/788 877/877/807 856/856/787
f 858/858/789 879/879/809 878/878/808
f 858/858/789 878/878/808 857/857/788
f 839/839/771 860/860/791 879/879/809
f 839/839/771 879/879/809 858/858/789
f 859/859/790 880/880/810 881/881/811
f 859/859/790 881/881/811 860/860/791
f 861/861/792 882/882/812 883/883/810
f 861/861/792 883/883/810 862/862/790
f 863/863/793 884/884/813 882/882/812
f 863/863/793 882/882/812 861/861/792
f 864/864/794 885/885/814 884/884/813
f 864/864/794 884/884/813 863/863/793
f 865/865/795 886/886/815 885/885/814
f 865/865/795 885/885/814 864/864/794
f 866/866/796 887/887/816 886/886/815
f 866/866/796 886/886/815 865/865/795
f 867/867/797 888/888/817 887/887/816
f 867/867/797 887/887/816 866/866/796
f 868/868/798 889/889/818 888/888/817
f 868/868/798 888/888/817 867/867/797
f 869/869/799 890/890/819 889/889/818
f 869/869/799 889/889/818 868/868/798
f 870/870/800 891/891/820 890/890/819
f 870/870/800 890/890/819 869/869/799
f 871/871/801 892/892/821 891/891/820
f 871/871/801 891/891/820 870/870/800
f 872/872/802 893/893/822 892/892/821
f 872/872/802 892/892/821 871/871/801
f 873/873/803 894/894/823 893/893/822
f 873/873/803 893/893/822 872/872/802
f 874/874/804 895/895/824 894/894/823
f 874/874/804 894/894/823 873/873/803
f 875/875/805 896/896/825 895/895/824
f 875/875/805 895/895/824 874/874/804
f 876/876/806 897/897/826 896/896/825
f 876/876/806 896/896/825 875/875/805
f 877/877/807 898/898/827 897/897/826
f 877/877/807 897/897/826 876/876/806
f 878/878/808 899/899/828 898/898/827
f 878/878/808 898/898/827 877/877/807
f 879/879/809 900/900/829 899/899/828
f 879/879/809 899/899/828 878/878/808
f 860/860/791 881/881/811 900/900/829
f 860/860/791 900/900/829 879/879/809
f 880/880/810 901/901/830 902/902/831
f 880/880/810 902/902/831 881/881/811
f 882/882/812 903/903/832 904/904/830
f 882/882/812 904/904/830 883/883/810
f 884/884/813 905/905/833 903/903/832
f 884/884/813 903/903/832 882/882/812
f 885/885/814 906/906/834 905/905/833
f 885/885/814 905/905/833 884/884/813
f 886/886/815 907/907/835 906/906/834
f 886/886/815 906/906/834 885/885/814
f 887/887/816 908/908/836 907/907/835
f 887/887/816 907/907/835 886/886/815
f 888/888/817 909/909/837 908/908/836
f 888/888/817 908/908/836 887/887/816
f 889/889/818 910/910/838 909/909/837
f 889/889/818 909/909/837 888/888/817
f 890/890/819 911/911/839 910/910/838
f 890/890/819 910/910/838 889/889/818
f 891/891/820 912/912/840 911/911/839
f 891/891/820 911/911/839 890/890/819
f 892/892/821 913/913/841 912/912/840
f 892/892/821 912/912/840 891/891/820
f 893/893/822 914/914/842 913/913/841
f 893/893/822 913/913/841 892/892/821
f 894/894/823 915/915/843 914/914/842
f 894/894/823 914/914/842 893/893/822
f 895/895/824 916/916/844 915/915/843
f 895/895/824 915/915/843 894/894/823
f 896/896/825 917/917/845 916/916/844
f 896/896/825 916/916/844 895/895/824
f 897/897/826 918/918/846 917/917/845
f 897/897/826 917/917/845 896/896/825
f 898/898/827 919/919/847 918/918/846
f 898/898/827 918/918/846 897/897/826
f 899/899/828 920/920/848 919/919/847
f 899/899/828 919/919/847 898/898/827
f 900/900/829 921/921/849 920/920/848
f 900/900/829 920/920/848 899/899/828
f 881/881/811 902/902/831 921/921/849
f 881/881/811 921/921/849 900/900/829
f 901/901/830 922/922/850 923/923/851
f 901/901/830 923/923/851 902/902/831
f 903/903/832 924/924/852 925/925/850
f 903/903/832 925/925/850 904/904/830
f 905/905/833 926/926/853 924/924/852
f 905/905/833 924/924/852 903/903/832
f 906/906/834 927/927/854 926/926/853
f 906/906/834 926/926/853 905/905/833
f 907/907/835 928/928/855 927/927/854
f 907/907/835 927/927/854 906/906/834
f 908/908/836 929/929/856 928/928/855
f 908/908/836 928/928/855 907/907/835
f 909/909/837 930/930/857 929/929/856
f 909/909/837 929/929/856 908/908/836
f 910/910/838 931/931/858 930/930/857
f 910/910/838 930/930/857 909/909/837
f 911/911/839 932/932/859 931/931/858
f 911/911/839 931/931/858 910/910/838
f 912/912/840 933/933/860 932/932/859
f 912/912/840 932/932/859 911/911/839
f 913/913/841 934/934/861 933/933/860
f 913/913/841 933/933/860 912/912/840
f 914/914/842 935/935/862 934/934/861
f 914/914/842 934/934/861 913/913/841
f 915/915/843 936/936/863 935/935/862
f 915/915/843 935/935/862 914/914/842
f 916/916/844 937/937/864 936/936/863
f 916/916/844 936/936/863 915/915/843
f 917/917/845 938/938/865 937/937/864
f 917/917/845 937/937/864 916/916/844
f 918/918/846 939/939/866 938/938/865
f 918/918/846 938/938/865 917/917/845
f 919/919/847 940/940/867 939/939/866
f 919/919/847 939/939/866 918/918/846
f 920/920/848 941/941/868 940/940/867
f 920/920/848 940/940/867 919/919/847
f 921/921/849 942/942/869 941/941/868
f 921/921/849 941/941/868 920/920/848
f 902/902/831 923/923/851 942/942/869
f 902/902/831 942/942/869 921/921/849
f 922/922/850 943/943/870 944/944/871
f 922/922/850 944/944/871 923/923/851
f 924/924/852 945/945/872 946/946/870
f 924/924/852 946/946/870 925/925/850
f 926/926/853 947/947/873 945/945/872
f 926/926/853 945/945/872 924/924/852
f 927/927/854 948/948/874 947/947/873
f 927/927/854 947/947/873 926/926/853
f 928/928/855 949/949/875 948/948/874
f 928/928/855 948/948/874 927/927/854
f 929/929/856 950/950/876 949/949/875
f 929/929/856 949/949/875 928/928/855
f 930/930/857 951/951/877 950/950/876
f 930/930/857 950/950/876 929/929/856
f 931/931/858 952/952/878 951/951/877
f 931/931/858 951/951/877 930/930/857
f 932/932/859 953/953/879 952/952/878
f 932/932/859 952/952/878 931/931/858
f 933/933/860 954/954/880 953/953/879
f 933/933/860 953/953/879 932/932/859
f 934/934/861 955/955/881 954/954/880
f 934/934/861 954/954/880 933/933/860
f 935/935/862 956/956/882 955/955/881
f 935/935/862 955/955/881 934/934/861
f 936/936/863 957/957/883 956/956/882
f 936/936/863 956/956/882 935/935/862
f 937/937/864 958/958/884 957/957/883
f 937/937/864 957/957/883 936/936/863
f 938/938/865 959/959/885 958/958/884
f 938/938/865 958/958/884 937/937/864
f 939/939/866 960/960/886 959/959/885
f 939/939/866 959/959/885 938/938/865
f 940/940/867 961/961/887 960/960/886
f 940/940/867 960/960/886 939/939/866
f 941/941/868 962/962/888 961/961/887
f 941/941/868 961/961/887 940/940/867
f 942/942/869 963/963/889 962/962/888
f 942/942/869 962/962/888 941/941/868
f 923/923/851 944/944/871 963/963/889
f 923/923/851 963/963/889 942/942/869
f 943/943/870 964/964/890 965/965/891
f 943/943/870 965/965/891 944/944/871
f 945/945/872 966/966/892 967/967/890
f 945/945/872 967/967/890 946/946/870
f 947/947/873 968/968/893 966/966/892
f 947/947/873 966/966/892 945/945/872
f 948/948/874 969/969/894 968/968/893
f 948/948/874 968/968/893 947/947/873
f 949/949/875 970/970/895 969/969/894
f 949/949/875 969/969/894 948/948/874
f 950/950/876 971/971/896 970/970/895
f 950/950/876 970/970/895 949/949/875
f 951/951/877 972/972/897 971/971/896
f 951/951/877 971/971/896 950/950/876
f 952/952/878 973/973/898 972/972/897
f 952/952/878 972/972/897 951/951/877
f 953/953/879 974/974/899 973/973/898
f 953/953/879 973/973/898 952/952/878
f 954/954/880 975/975/900 974/974/899
f 954/954/880 974/974/899 953/953/879
f 955/955/881 976/976/901 975/975/900
f 955/955/881 975/975/900 954/954/880
f 956/956/882 977/977/902 976/976/901
f 956/956/882 976/976/901 955/955/881
f 957/957/883 978/978/903 977/977/902
f 957/957/883 977/977/902 956/956/882
f 958/958/884 979/979/904 978/978/903
f 958/958/884 978/978/903 957/957/883
f 959/959/885 980/980/905 979/979/904
f 959/959/885 979/979/904 958/958/884
f 960/960/886 981/981/906 980/980/905
f 960/960/886 980/980/905 959/959/885
f 961/961/887 982/982/907 981/981/906
f 961/961/887 981/981/906 960/960/886
f 962/962/888 983/983/908 982/982/907
f 962/962/888 982/982/907 961/961/887
f 963/963/889 984/984/909 983/983/908
f 963/963/889 983/983/908 962/962/888
f 944/944/871 965/965/891 984/984/909
f 944/944/871 984/984/909 963/963/889
f 964/964/890 985/985/910 986/986/911
f 964/964/890 986/986/911 965/965/891
f 966/966/892 987/987/912 988/988/910
f 966/966/892 988/988/910 967/967/890
f 968/968/893 989/989/913 987/987/912
f 968/968/893 987/987/912 966/966/892
f 969/969/894 990/990/914 989/989/913
f 969/969/894 989/989/913 968/968/893
f 970/970/895 991/991/915 990/990/914
f 970/970/895 990/990/914 969/969/894
f 971/971/896 992/992/916 991/991/915
f 971/971/896 991/991/915 970/970/895
f 972/972/897 993/993/917 992/992/916
f 972/972/897 992/992/916 971/971/896
f 973/973/898 994/994/918 993/993/917
f 973/973/898 993/993/917 972/972/897
f 974/974/899 995/995/919 994/994/918
f 974/974/899 994/994/918 973/973/898
f 975/975/900 996/996/920 995/995/919
f 975/975/900 995/995/919 974/974/899
f 976/976/901 997/997/921 996/996/920
f 976/976/901 996/996/920 975/975/900
f 977/977/902 998/998/922 997/997/921
f 977/977/902 997/997/921 976/976/901
f 978/978/903 999/999/923 998/998/922
f 978/978/903 998/998/922 977/977/902
f 979/979/904 1000/1000/924 999/999/923
f 979/979/904 999/999/923 978/978/903
f 980/980/905 1001/1001/925 1000/1000/924
f 980/980/905 1000/1000/924 979/979/904
f 981/981/906 1002/1002/926 1001/1001/925
f 981/981/906 1001/1001/925 980/980/905
f 982/982/907 1003/1003/927 1002/1002/926
f 982/982/907 1002/1002/926 981/981/906
f 983/983/908 1004/1004/928 1003/1003/927
f 983/983/908 1003/1003/927 982/982/907
f 984/984/909 1005/1005/929 1004/1004/928
f 984/984/909 1004/1004/928 983/983/908
f 965/965/891 986/986/911 1005/1005/929
f 965/965/891 1005/1005/929 984/984/909
f 985/985/910 1006/1006/930 1007/1007/931
f 985/985/910 1007/1007/931 986/986/911
f 987/987/912 1008/1008/932 1009/1009/930
f 987/987/912 1009/1009/930 988/988/910
f 989/989/913 1010/1010/933 1008/1008/932
f 989/989/913 1008/1008/932 987/987/912
f 990/990/914 1011/1011/934 1010/1010/933
f 990/990/914 1010/1010/933 989/989/913
f 991/991/915 1012/1012/935 1011/1011/934
f 991/991/915 1011/1011/934 990/990/914
f 992/992/916 1013/1013/936 1012/1012/935
f 992/992/916 1012/1012/935 991/991/915
f 993/993/917 1014/1014/937 1013/1013/936
f 993/993/917 1013/1013/936 992/992/916
f 994/994/918 1015/1015/938 1014/1014/937
f 994/994/918 1014/1014/937 993/993/917
f 995/995/919 1016/1016/939 1015/1015/938
f 995/995/919 1015/1015/938 994/994/918
f 996/996/920 1017/1017/940 1016/1016/939
f 996/996/920 1016/1016/939 995/995/919
f 997/997/921 1018/1018/941 1017/1017/940
f 997/997/921 1017/1017/940 996/996/920
f 998/998/922 1019/1019/942 1018/1018/941
f 998/998/922 1018/1018/941 997/997/921
f 999/999/923 1020/1020/943 1019/1019/942
f 999/999/923 1019/1019/942 998/998/922
f 1000/1000/924 1021/1021/944 1020/1020/943
f 1000/1000/924 1020/1020/943 999/999/923
f 1001/1001/925 1022/1022/945 1021/1021/944
f 1001/1001/925 1021/1021/944 1000/1000/924
f 1002/1002/926 1023/1023/946 1022/1022/945
f 1002/1002/926 1022/1022/945 1001/1001/925
f 1003/1003/927 1024/1024/947 1023/1023/946
f 1003/1003/927 1023/1023/946 1002/1002/926
f 1004/1004/928 1025/1025/948 1024/1024/947
f 1004/1004/928 1024/1024/947 1003/1003/927
f 1005/1005/929 1026/1026/949 1025/1025/948
f 1005/1005/929 1025/1025/948 1004/1004/928
f 986/986/911 1007/1007/931 1026/1026/949
f 986/986/911 1026/1026/949 1005/1005/929
f 1006/1006/930 1027/1027/950 1028/1028/951
f 1006/1006/930 1028/1028/951 1007/1007/931
f 1008/1008/932 1029/1029/952 1030/1030/950
f 1008/1008/932 1030/1030/950 1009/1009/930
f 1010/1010/933 1031/1031/953 1029/1029/952
f 1010/1010/933 1029/1029/952 1008/1008/932
f 1011/1011/934 1032/1032/954 1031/1031/953
f 1011/1011/934 1031/1031/953 1010/1010/933
f 1012/1012/935 1033/1033/955 1032/1032/954
f 1012/1012/935 1032/1032/954 1011/1011/934
f 1013/1013/936 1034/1034/956 1033/1033/955
f 1013/1013/936 1033/1033/955 1012/1012/935
f 1014/1014/937 1035/1035/957 1034/1034/956
f 1014/1014/937 1034/1034/956 1013/1013/936
f 1015/1015/938 1036/1036/958 1035/1035/957
f 1015/1015/938 1035/1035/957 1014/1014/937
f 1016/1016/939 1037/1037/959 1036/1036/958
f 1016/1016/939 1036/1036/958 1015/1015/938
f 1017/1017/940 1038/1038/960 1037/1037/959
f 1017/1017/940 1037/1037/959 1016/1016/939
f 1018/1018/941 1039/1039/961 1038/1038/960
f 1018/1018/941 1038/1038/960 1017/1017/940
f 1019/1019/942 1040/1040/962 1039/1039/961
f 1019/1019/942 1039/1039/961 1018/1018/941
f 1020/1020/943 1041/1041/963 1040/1040/962
f 1020/1020/943 1040/1040/962 1019/1019/942
f 1021/1021/944 1042/1042/964 1041/1041/963
f 1021/1021/944 1041/1041/963 1020/1020/943
f 1022/1022/945 1043/1043/965 1042/1042/964
f 1022/1022/945 1042/1042/964 1021/1021/944
f 1023/1023/946 1044/1044/966 1043/1043/965
f 1023/1023/946 1043/1043/965 1022/1022/945
f 1024/1024/947 1045/1045/967 1044/1044/966
f 1024/1024/947 1044/1044/966 1023/1023/946
f 1025/1025/948 1046/1046/968 1045/1045/967
f 1025/1025/948 1045/1045/967 1024/1024/947
f 1026/1026/949 1047/1047/969 1046/1046/968
f 1026/1026/949 1046/1046/968 1025/1025/948
f 1007/1007/931 1028/1028/951 1047/1047/969
f 1007/1007/931 1047/1047/969 1026/1026/949
f 1027/1027/950 1048/1048/970 1049/1049/971
f 1027/1027/950 1049/1049/971 1028/1028/951
f 1029/1029/952 1050/1050/972 1051/1051/970
f 1029/1029/952 1051/1051/970 1030/1030/950
f 1031/1031/953 1052/1052/973 1050/1050/972
f 1031/1031/953 1050/1050/972 1029/1029/952
f 1032/1032/954 1053/1053/974 1052/1052/973
f 1032/1032/954 1052/1052/973 1031/1031/953
f 1033/1033/955 1054/1054/975 1053/1053/974
f 1033/1033/955 1053/1053/974 1032/1032/954
f 1034/1034/956 1055/1055/976 1054/1054/975
f 1034/1034/956 1054/1054/975 1033/1033/955
f 1035/1035/957 1056/1056/977 1055/1055/976
f 1035/1035/957 1055/1055/976 1034/1034/956
f 1036/1036/958 1057/1057/978 1056/1056/977
f 1036/1036/958 1056/1056/977 1035/1035/957
f 1037/1037/959 1058/1058/979 1057/1057/978
f 1037/1037/959 1057/1057/978 1036/1036/958
f 1038/1038/960 1059/1059/980 1058/1058/979
f 1038/1038/960 1058/1058/979 1037/1037/959
f 1039/1039/961 1060/1060/981 1059/1059/980
f 1039/1039/961 1059/1059/980 1038/1038/960
f 1040/1040/962 1061/1061/982 1060/1060/981
f 1040/1040/962 1060/1060/981 1039/1039/961
f 1041/1041/963 1062/1062/983 1061/1061/982
f 1041/1041/963 1061/1061/982 1040/1040/962
f 1042/1042/964 1063/1063/984 1062/1062/983
f 1042/1042/964 1062/1062/983 1041/1041/963
f 1043/1043/965 1064/1064/985 1063/1063/984
f 1043/1043/965 1063/1063/984 1042/1042/964
f 1044/1044/966 1065/1065/986 1064/1064/985
f 1044/1044/966 1064/1064/985 1043/1043/965
f 1045/1045/967 1066/1066/987 1065/1065/986
f 1045/1045/967 1065/1065/986 1044/1044/966
f 1046/1046/968 1067/1067/988 1066/1066/987
f 1046/1046/968 1066/1066/987 1045/1045/967
f 1047/1047/969 1068/1068/989 1067/1067/988
f 1047/1047/969 1067/1067/988 1046/1046/968
f 1028/1028/951 1049/1049/971 1068/1068/989
f 1028/1028/951 1068/1068/989 1047/1047/969
f 1048/1048/970 1069/1069/990 1070/1070/991
f 1048/1048/970 1070/1070/991 1049/1049/971
f 1050/1050/972 1071/1071/992 1072/1072/990
f 1050/1050/972 1072/1072/990 1051/1051/970
f 1052/1052/973 1073/1073/993 1071/1071/992
f 1052/1052/973 1071/1071/992 1050/1050/972
f 1053/1053/974 1074/1074/994 1073/1073/993
f 1053/1053/974 1073/1073/993 1052/1052/973
f 1054/1054/975 1075/1075/995 1074/1074/994
f 1054/1054/975 1074/1074/994 1053/1053/974
f 1055/1055/976 1076/1076/996 1075/1075/995
f 1055/1055/976 1075/1075/995 1054/1054/975
f 1056/1056/977 1077/1077/997 1076/1076/996
f 1056/1056/977 1076/1076/996 1055/1055/976
f 1057/1057/978 1078/1078/998 1077/1077/997
f 1057/1057/978 1077/1077/997 1056/1056/977
f 1058/1058/979 1079/1079/999 1078/1078/998
f 1058/1058/979 1078/1078/998 1057/1057/978
f 1059/1059/980 1080/1080/1000 1079/1079/999
f 1059/1059/980 1079/1079/999 1058/1058/979
f 1060/1060/981 1081/1081/1001 1080/1080/1000
f 1060/1060/981 1080/1080/1000 1059/1059/980
f 1061/1061/982 1082/1082/1002 1081/1081/1001
f 1061/1061/982 1081/1081/1001 1060/1060/981
f 1062/1062/983 1083/1083/1003 1082/1082/1002
f 1062/1062/983 1082/1082/1002 1061/1061/982
f 1063/1063/984 1084/1084/1004 1083/1083/1003
f 1063/1063/984 1083/1083/1003 1062/1062/983
f 1064/1064/985 1085/1085/1005 1084/1084/1004
f 1064/1064/985 1084/1084/1004 1063/1063/984
f 1065/1065/986 1086/1086/1006 1085/1085/1005
f 1065/1065/986 1085/1085/1005 1064/1064/985
f 1066/1066/987 1087/1087/1007 1086/1086/1006
f 1066/1066/987 1086/1086/1006 1065/1065/986
f 1067/1067/988 1088/1088/1008 1087/1087/1007
f 1067/1067/988 1087/1087/1007 1066/1066/987
f 1068/1068/989 1089/1089/1009 1088/1088/1008
f 1068/1068/989 1088/1088/1008 1067/1067/988
f 1049/1049/971 1070/1070/991 1089/1089/1009
f 1049/1049/971 1089/1089/1009 1068/1068/989
f 1069/1069/990 1090/1090/1010 1091/1091/1011
f 1069/1069/990 1091/1091/1011 1070/1070/991
f 1071/1071/992 1092/1092/1012 1093/1093/1010
f 1071/1071/992 1093/1093/1010 1072/1072/990
f 1073/1073/993 1094/1094/1013 1092/1092/1012
f 1073/1073/993 1092/1092/1012 1071/1071/992
f 1074/1074/994 1095/1095/1014 1094/1094/1013
f 1074/1074/994 1094/1094/1013 1073/1073/993
f 1075/1075/995 1096/1096/1015 1095/1095/1014
f 1075/1075/995 1095/1095/1014 1074/1074/994
f 1076/1076/996 1097/1097/1016 1096/1096/1015
f 1076/1076/996 1096/1096/1015 1075/1075/995
f 1077/1077/997 1098/1098/1017 1097/1097/1016
f 1077/1077/997 1097/1097/1016 1076/1076/996
f 1078/1078/998 1099/1099/1018 1098/1098/1017
f 1078/1078/998 1098/1098/1017 1077/1077/997
f 1079/1079/999 1100/1100/1019 1099/1099/1018
f 1079/1079/999 1099/1099/1018 1078/1078/998
f 1080/1080/1000 1101/1101/1020 1100/1100/1019
f 1080/1080/1000 1100/1100/1019 1079/1079/999
f 1081/1081/1001 1102/1102/1021 1101/1101/1020
f 1081/1081/1001 1101/1101/1020 1080/1080/1000
f 1082/1082/1002 1103/1103/1022 1102/1102/1021
f 1082/1082/1002 1102/1102/1021 1081/1081/1001
f 1083/1083/1003 1104/1104/1023 1103/1103/1022
f 1083/1083/1003 1103/1103/1022 1082/1082/1002
f 1084/1084/1004 1105/1105/1024 1104/1104/1023
f 1084/1084/1004 1104/1104/1023 1083/1083/1003
f 1085/1085/1005 1106/1106/1025 1105/1105/1024
f 1085/1085/1005 1105/1105/1024 1084/1084/1004
f 1086/1086/1006 1107/1107/1026 1106/1106/1025
f 1086/1086/1006 1106/1106/1025 1085/1085/1005
f 1087/1087/1007 1108/1108/1027 1107/1107/1026
f 1087/1087/1007 1107/1107/1026 1086/1086/1006
f 1088/1088/1008 1109/1109/1028 1108/1108/1027
f 1088/1088/1008 1108/1108/1027 1087/1087/1007
f 1089/1089/1009 1110/1110/1029 1109/1109/1028
f 1089/1089/1009 1109/1109/1028 1088/1088/1008
f 1070/1070/991 1091/1091/1011 1110/1110/1029
f 1070/1070/991 1110/1110/1029 1089/1089/1009
f 1090/1090/1010 1111/1111/1030 1112/1112/1031
f 1090/1090/1010 1112/1112/1031 1091/1091/1011
f 1092/1092/1012 1113/1113/1032 1114/1114/1030
f 1092/1092/1012 1114/1114/1030 1093/1093/1010
f 1094/1094/1013 1115/1115/1033 1113/1113/1032
f 1094/1094/1013 1113/1113/1032 1092/1092/1012
f 1095/1095/1014 1116/1116/1034 1115/1115/1033
f 1095/1095/1014 1115/1115/1033 1094/1094/1013
f 1096/1096/1015 1117/1117/1035 1116/1116/1034
f 1096/1096/1015 1116/1116/1034 1095/1095/1014
f 1097/1097/1016 1118/1118/1036 1117/1117/1035
f 1097/1097/1016 1117/1117/1035 1096/1096/1015
f 1098/1098/1017 1119/1119/1037 1118/1118/1036
f 1098/1098/1017 1118/1118/1036 1097/1097/1016
f 1099/1099/1018 1120/1120/1038 1119/1119/1037
f 1099/1099/1018 1119/1119/1037 1098/1098/1017
f 1100/1100/1019 1121/1121/1039 1120/1120/1038
f 1100/1100/1019 1120/1120/1038 1099/1099/1018
f 1101/1101/1020 1122/1122/1040 1121/1121/1039
f 1101/1101/1020 1121/1121/1039 1100/1100/1019
f 1102/1102/1021 1123/1123/1041 1122/1122/1040
f 1102/1102/1021 1122/1122/1040 1101/1101/1020
f 1103/1103/1022 1124/1124/1042 1123/1123/1041
f 1103/1103/1022 1123/1123/1041 1102/1102/1021
f 1104/1104/1023 1125/1125/1043 1124/1124/1042
f 1104/1104/1023 1124/1124/1042 1103/1103/1022
f 1105/1105/1024 1126/1126/1044 1125/1125/1043
f 1105/1105/1024 1125/1125/1043 1104/1104/1023
f 1106/1106/1025 1127/1127/1045 1126/1126/1044
f 1106/1106/1025 1126/1126/1044 1105/1105/1024
f 1107/1107/1026 1128/1128/1046 1127/1127/1045
f 1107/1107/1026 1127/1127/1045 1106/1106/1025
f 1108/1108/1027 1129/1129/1047 1128/1128/1046
f 1108/1108/1027 1128/1128/1046 1107/1107/1026
f 1109/1109/1028 1130/1130/1048 1129/1129/1047
f 1109/1109/1028 1129/1129/1047 1108/1108/1027
f 1110/1110/1029 1131/1131/1049 1130/1130/1048
f 1110/1110/1029 1130/1130/1048 1109/1109/1028
f 1091/1091/1011 1112/1112/1031 1131/1131/1049
f 1091/1091/1011 1131/1131/1049 1110/1110/1029
f 1111/1111/1030 1132/1132/1050 1133/1133/1051
f 1111/1111/1030 1133/1133/1051 1112/1112/1031
f 1113/1113/1032 1134/1134/1052 1135/1135/1050
f 1113/1113/1032 1135/1135/1050 1114/1114/1030
f 1115/1115/1033 1136/1136/1053 1134/1134/1052
f 1115/1115/1033 1134/1134/1052 1113/1113/1032
f 1116/1116/1034 1137/1137/1054 1136/1136/1053
f 1116/1116/1034 1136/1136/1053 1115/1115/1033
f 1117/1117/1035 1138/1138/1055 1137/1137/1054
f 1117/1117/1035 1137/1137/1054 1116/1116/1034
f 1118/1118/1036 1139/1139/1056 1138/1138/1055
f 1118/1118/1036 1138/1138/1055 1117/1117/1035
f 1119/1119/1037 1140/1140/1057 1139/1139/1056
f 1119/1119/1037 1139/1139/1056 1118/1118/1036
f 1120/1120/1038 1141/1141/1058 1140/1140/1057
f 1120/1120/1038 1140/1140/1057 1119/1119/1037
f 1121/1121/1039 1142/1142/1059 1141/1141/1058
f 1121/1121/1039 1141/1141/1058 1120/1120/1038
f 1122/1122/1040 1143/1143/1060 1142/1142/1059
f 1122/1122/1040 1142/1142/1059 1121/1121/1039
f 1123/1123/1041 1144/1144/1061 1143/1143/1060
f 1123/1123/1041 1143/1143/1060 1122/1122/1040
f 1124/1124/1042 1145/1145/1062 1144/1144/1061
f 1124/1124/1042 1144/1144/1061 1123/1123/1041
f 1125/1125/1043 1146/1146/1063 1145/1145/1062
f 1125/1125/1043 1145/1145/1062 1124/1124/1042
f 1126/1126/1044 1147/1147/1064 1146/1146/1063
f 1126/1126/1044 1146/1146/1063 1125/1125/1043
f 1127/1127/1045 1148/1148/1065 1147/1147/1064
f 1127/1127/1045 1147/1147/1064 1126/1126/1044
f 1128/1128/1046 1149/1149/1066 1148/1148/1065
f 1128/1128/1046 1148/1148/1065 1127/1127/1045
f 1129/1129/1047 1150/1150/1067 1149/1149/1066
f 1129/1129/1047 1149/1149/1066 1128/1128/1046
f 1130/1130/1048 1151/1151/1068 1150/1150/1067
f 1130/1130/1048 1150/1150/1067 1129/1129/1047
f 1131/1131/1049 1152/1152/1069 1151/1151/1068
f 1131/1131/1049 1151/1151/1068 1130/1130/1048
f 1112/1112/1031 1133/1133/1051 1152/1152/1069
f 1112/1112/1031 1152/1152/1069 1131/1131/1049
f 1132/1132/1050 1153/1153/1070 1154/1154/1071
f 1132/1132/1050 1154/1154/1071 1133/1133/1051
f 1134/1134/1052 1155/1155/1072 1156/1156/1070
f 1134/1134/1052 1156/1156/1070 1135/1135/1050
f 1136/1136/1053 1157/1157/1073 1155/1155/1072
f 1136/1136/1053 1155/1155/1072 1134/1134/1052
f 1137/1137/1054 1158/1158/1074 1157/1157/1073
f 1137/1137/1054 1157/1157/1073 1136/1136/1053
f 1138/1138/1055 1159/1159/1075 1158/1158/1074
f 1138/1138/1055 1158/1158/1074 1137/1137/1054
f 1139/1139/1056 1160/1160/1076 1159/1159/1075
f 1139/1139/1056 1159/1159/1075 1138/1138/1055
f 1140/1140/1057 1161/1161/1077 1160/1160/1076
f 1140/1140/1057 1160/1160/1076 1139/1139/1056
f 1141/1141/1058 1162/1162/1078 1161/1161/1077
f 1141/1141/1058 1161/1161/1077 1140/1140/1057
f 1142/1142/1059 1163/1163/1079 1162/1162/1078
f 1142/1142/1059 1162/1162/1078 1141/1141/1058
f 1143/1143/1060 1164/1164/1080 1163/1163/1079
f 1143/1143/1060 1163/1163/1079 1142/1142/1059
f 1144/1144/1061 1165/1165/1081 1164/1164/1080
f 1144/1144/1061 1164/1164/1080 1143/1143/1060
f 1145/1145/1062 1166/1166/1082 1165/1165/1081
f 1145/1145/1062 1165/1165/1081 1144/1144/1061
f 1146/1146/1063 1167/1167/1083 1166/1166/1082
f 1146/1146/1063 1166/1166/1082 1145/1145/1062
f 1147/1147/1064 1168/1168/1084 1167/1167/1083
f 1147/1147/1064 1167/1167/1083 1146/1146/1063
f 1148/1148/1065 1169/1169/1085 1168/1168/1084
f 1148/1148/1065 1168/1168/1084 1147/1147/1064
f 1149/1149/1066 1170/1170/1086 1169/1169/1085
f 1149/1149/1066 1169/1169/1085 1148/1148/1065
f 1150/1150/1067 1171/1171/1087 1170/1170/1086
f 1150/1150/1067 1170/1170/1086 1149/1149/1066
f 1151/1151/1068 1172/1172/1088 1171/1171/1087
f 1151/1151/1068 1171/1171/1087 1150/1150/1067
f 1152/1152/1069 1173/1173/1089 1172/1172/1088
f 1152/1152/1069 1172/1172/1088 1151/1151/1068
f 1133/1133/1051 1154/1154/1071 1173/1173/1089
f 1133/1133/1051 1173/1173/1089 1152/1152/1069
f 1153/1153/1070 1174/1174/1090 1175/1175/1091
f 1153/1153/1070 1175/1175/1091 1154/1154/1071
f 1155/1155/1072 1176/1176/1092 1177/1177/1090
f 1155/1155/1072 1177/1177/1090 1156/1156/1070
f 1157/1157/1073 1178/1178/1093 1176/1176/1092
f 1157/1157/1073 1176/1176/1092 1155/1155/1072
f 1158/1158/1074 1179/1179/1094 1178/1178/1093
f 1158/1158/1074 1178/1178/1093 1157/1157/1073
f 1159/1159/1075 1180/1180/1095 1179/1179/1094
f 1159/1159/1075 1179/1179/1094 1158/1158/1074
f 1160/1160/1076 1181/1181/1096 1180/1180/1095
f 1160/1160/1076 1180/1180/1095 1159/1159/1075
f 1161/1161/1077 1182/1182/1097 1181/1181/1096
f 1161/1161/1077 1181/1181/1096 1160/1160/1076
f 1162/1162/1078 1183/1183/1098 1182/1182/1097
f 1162/1162/1078 1182/1182/1097 1161/1161/1077
f 1163/1163/1079 1184/1184/1099 1183/1183/1098
f 1163/1163/1079 1183/1183/1098 1162/1162/1078
f 1164/1164/1080 1185/1185/1100 1184/1184/1099
f 1164/1164/1080 1184/1184/1099 1163/1163/1079
f 1165/1165/1081 1186/1186/1101 1185/1185/1100
f 1165/1165/1081 1185/1185/1100 1164/1164/1080
f 1166/1166/1082 1187/1187/1102 1186/1186/1101
f 1166/1166/1082 1186/1186/1101 1165/1165/1081
f 1167/1167/1083 1188/1188/1103 1187/1187/1102
f 1167/1167/1083 1187/1187/1102 1166/1166/1082
f 1168/1168/1084 1189/1189/1104 1188/1188/1103
f 1168/1168/1084 1188/1188/1103 1167/1167/1083
f 1169/1169/1085 1190/1190/1105 1189/1189/1104
f 1169/1169/1085 1189/1189/1104 1168/1168/1084
f 1170/1170/1086 1191/1191/1106 1190/1190/1105
f 1170/1170/1086 1190/1190/1105 1169/1169/1085
f 1171/1171/1087 1192/1192/1107 1191/1191/1106
f 1171/1171/1087 1191/1191/1106 1170/1170/1086
f 1172/1172/1088 1193/1193/1108 1192/1192/1107
f 1172/1172/1088 1192/1192/1107 1171/1171/1087
f 1173/1173/1089 1194/1194/1109 1193/1193/1108
f 1173/1173/1089 1193/1193/1108 1172/1172/1088
f 1154/1154/1071 1175/1175/1091 1194/1194/1109
f 1154/1154/1071 1194/1194/1109 1173/1173/1089
f 1174/1174/1090 1195/1195/1110 1196/1196/1111
f 1174/1174/1090 1196/1196/1111 1175/1175/1091
f 1176/1176/1092 1197/1197/1112 1198/1198/1110
f 1176/1176/1092 1198/1198/1110 1177/1177/1090
f 1178/1178/1093 1199/1199/1113 1197/1197/1112
f 1178/1178/1093 1197/1197/1112 1176/1176/1092
f 1179/1179/1094 1200/1200/1114 1199/1199/1113
f 1179/1179/1094 1199/1199/1113 1178/1178/1093
f 1180/1180/1095 1201/1201/1115 1200/1200/1114
f 1180/1180/1095 1200/1200/1114 1179/1179/1094
f 1181/1181/1096 1202/1202/1116 1201/1201/1115
f 1181/1181/1096 1201/1201/1115 1180/1180/1095
f 1182/1182/1097 1203/1203/1117 1202/1202/1116
f 1182/1182/1097 1202/1202/1116 1181/1181/1096
f 1183/1183/1098 1204/1204/1118 1203/1203/1117
f 1183/1183/1098 1203/1203/1117 1182/1182/1097
f 1184/1184/1099 1205/1205/1119 1204/1204/1118
f 1184/1184/1099 1204/1204/1118 1183/1183/1098
f 1185/1185/1100 1206/1206/1120 1205/1205/1119
f 1185/1185/1100 1205/1205/1119 1184/1184/1099
f 1186/1186/1101 1207/1207/1121 1206/1206/1120
f 1186/1186/1101 1206/1206/1120 1185/1185/1100
f 1187/1187/1102 1208/1208/1122 1207/1207/1121
f 1187/1187/1102 1207/1207/1121 1186/1186/1101
f 1188/1188/1103 1209/1209/1123 1208/1208/1122
f 1188/1188/1103 1208/1208/1122 1187/1187/1102
f 1189/1189/1104 1210/1210/1124 1209/1209/1123
f 1189/1189/1104 1209/1209/1123 1188/1188/1103
f 1190/1190/1105 1211/1211/1125 1210/1210/1124
f 1190/1190/1105 1210/1210/1124 1189/1189/1104
f 1191/1191/1106 1212/1212/1126 1211/1211/1125
f 1191/1191/1106 1211/1211/1125 1190/1190/1105
f 1192/1192/1107 1213/1213/1127 1212/1212/1126
f 1192/1192/1107 1212/1212/1126 1191/1191/1106
f 1193/1193/1108 1214/1214/1128 1213/1213/1127
f 1193/1193/1108 1213/1213/1127 1192/1192/1107
f 1194/1194/1109 1215/1215/1129 1214/1214/1128
f 1194/1194/1109 1214/1214/1128 1193/1193/1108
f 1175/1175/1091 1196/1196/1111 1215/1215/1129
f 1175/1175/1091 1215/1215/1129 1194/1194/1109
f 1195/1195/1110 1216/1216/1130 1217/1217/1131
f 1195/1195/1110 1217/1217/1131 1196/1196/1111
f 1197/1197/1112 1218/1218/1132 1219/1219/1130
f 1197/1197/1112 1219/1219/1130 1198/1198/1110
f 1199/1199/1113 1220/1220/1133 1218/1218/1132
f 1199/1199/1113 1218/1218/1132 1197/1197/1112
f 1200/1200/1114 1221/1221/1134 1220/1220/1133
f 1200/1200/1114 1220/1220/1133 1199/1199/1113
f 1201/1201/1115 1222/1222/1135 1221/1221/1134
f 1201/1201/1115 1221/1221/1134 1200/1200/1114
f 1202/1202/1116 1223/1223/1136 1222/1222/1135
f 1202/1202/1116 1222/1222/1135 1201/1201/1115
f 1203/1203/1117 1224/1224/1137 1223/1223/1136
f 1203/1203/1117 1223/1223/1136 1202/1202/1116
f 1204/1204/1118 1225/1225/1138 1224/1224/1137
f 1204/1204/1118 1224/1224/1137 1203/1203/1117
f 1205/1205/1119 1226/1226/1139 1225/1225/1138
f 1205/1205/1119 1225/1225/1138 1204/1204/1118
f 1206/1206/1120 1227/1227/1140 1226/1226/1139
f 1206/1206/1120 1226/1226/1139 1205/1205/1119
f 1207/1207/1121 1228/1228/1141 1227/1227/1140
f 1207/1207/1121 1227/1227/1140 1206/1206/1120
f 1208/1208/1122 1229/1229/1142 1228/1228/1141
f 1208/1208/1122 1228/1228/1141 1207/1207/1121
f 1209/1209/1123 1230/1230/1143 1229/1229/1142
f 1209/1209/1123 1229/1229/1142 1208/1208/1122
f 1210/1210/1124 1231/1231/1144 1230/1230/1143
f 1210/1210/1124 1230/1230/1143 1209/1209/1123
f 1211/1211/1125 1232/1232/1145 1231/1231/1144
f 1211/1211/1125 1231/1231/1144 1210/1210/1124
f 1212/1212/1126 1233/1233/1146 1232/1232/1145
f 1212/1212/1126 1232/1232/1145 1211/1211/1125
f 1213/1213/1127 1234/1234/1147 1233/1233/1146
f 1213/1213/1127 1233/1233/1146 1212/1212/1126
f 1214/1214/1128 1235/1235/1148 1234/1234/1147
f 1214/1214/1128 1234/1234/1147 1213/1213/1127
f 1215/1215/1129 1236/1236/1149 1235/1235/1148
f 1215/1215/1129 1235/1235/1148 1214/1214/1128
f 1196/1196/1111 1217/1217/1131 1236/1236/1149
f 1196/1196/1111 1236/1236/1149 1215/1215/1129
f 1216/1216/1130 1237/1237/1150 1238/1238/1151
f 1216/1216/1130 1238/1238/1151 1217/1217/1131
f 1218/1218/1132 1239/1239/1152 1240/1240/1150
f 1218/1218/1132 1240/1240/1150 1219/1219/1130
f 1220/1220/1133 1241/1241/1153 1239/1239/1152
f 1220/1220/1133 1239/1239/1152 1218/1218/1132
f 1221/1221/1134 1242/1242/1154 1241/1241/1153
f 1221/1221/1134 1241/1241/1153 1220/1220/1133
f 1222/1222/1135 1243/1243/1155 1242/1242/1154
f 1222/1222/1135 1242/1242/1154 1221/1221/1134
f 1223/1223/1136 1244/1244/1156 1243/1243/1155
f 1223/1223/1136 1243/1243/1155 1222/1222/1135
f 1224/1224/1137 1245/1245/1157 1244/1244/1156
f 1224/1224/1137 1244/1244/1156 1223/1223/1136
f 1225/1225/1138 1246/1246/1158 1245/1245/1157
f 1225/1225/1138 1245/1245/1157 1224/1224/1137
f 1226/1226/1139 1247/1247/1159 1246/1246/1158
f 1226/1226/1139 1246/1246/1158 1225/1225/1138
f 1227/1227/1140 1248/1248/1160 1247/1247/1159
f 1227/1227/1140 1247/1247/1159 1226/1226/1139
f 1228/1228/1141 1249/1249/1161 1248/1248/1160
f 1228/1228/1141 1248/1248/1160 1227/1227/1140
f 1229/1229/1142 1250/1250/1162 1249/1249/1161
f 1229/1229/1142 1249/1249/1161 1228/1228/1141
f 1230/1230/1143 1251/1251/1163 1250/1250/1162
f 1230/1230/1143 1250/1250/1162 1229/1229/1142
f 1231/1231/1144 1252/1252/1164 1251/1251/1163
f 1231/1231/1144 1251/1251/1163 1230/1230/1143
f 1232/1232/1145 1253/1253/1165 1252/1252/1164
f 1232/1232/1145 1252/1252/1164 1231/1231/1144
f 1233/1233/1146 1254/1254/1166 1253/1253/1165
f 1233/1233/1146 1253/1253/1165 1232/1232/1145
f 1234/1234/1147 1255/1255/1167 1254/1254/1166
f 1234/1234/1147 1254/1254/1166 1233/1233/1146
f 1235/1235/1148 1256/1256/1168 1255/1255/1167
f 1235/1235/1148 1255/1255/1167 1234/1234/1147
f 1236/1236/1149 1257/1257/1169 1256/1256/1168
f 1236/1236/1149 1256/1256/1168 1235/1235/1148
f 1217/1217/1131 1238/1238/1151 1257/1257/1169
f 1217/1217/1131 1257/1257/1169 1236/1236/1149
f 1237/1237/1150 1258/1258/1170 1259/1259/1171
f 1237/1237/1150 1259/1259/1171 1238/1238/1151
f 1239/1239/1152 1260/1260/1172 1261/1261/1170
f 1239/1239/1152 1261/1261/1170 1240/1240/1150
f 1241/1241/1153 1262/1262/1173 1260/1260/1172
f 1241/1241/1153 1260/1260/1172 1239/1239/1152
f 1242/1242/1154 1263/1263/1174 1262/1262/1173
f 1242/1242/1154 1262/1262/1173 1241/1241/1153
f 1243/1243/1155 1264/1264/1175 1263/1263/1174
f 1243/1243/1155 1263/1263/1174 1242/1242/1154
f 1244/1244/1156 1265/1265/1176 1264/1264/1175
f 1244/1244/1156 1264/1264/1175 1243/1243/1155
f 1245/1245/1157 1266/1266/1177 1265/1265/1176
f 1245/1245/1157 1265/1265/1176 1244/1244/1156
f 1246/1246/1158 1267/1267/1178 1266/1266/1177
f 1246/1246/1158 1266/1266/1177 1245/1245/1157
f 1247/1247/1159 1268/1268/1179 1267/1267/1178
f 1247/1247/1159 1267/1267/1178 1246/1246/1158
f 1248/1248/1160 1269/1269/1180 1268/1268/1179
f 1248/1248/1160 1268/1268/1179 1247/1247/1159
f 1249/1249/1161 1270/1270/1181 1269/1269/1180
f 1249/1249/1161 1269/1269/1180 1248/1248/1160
f 1250/1250/1162 1271/1271/1182 1270/1270/1181
f 1250/1250/1162 1270/1270/1181 1249/1249/1161
f 1251/1251/1163 1272/1272/1183 1271/1271/1182
f 1251/1251/1163 1271/1271/1182 1250/1250/1162
f 1252/1252/1164 1273/1273/1184 1272/1272/1183
f 1252/1252/1164 1272/1272/1183 1251/1251/1163
f 1253/1253/1165 1274/1274/1185 1273/1273/1184
f 1253/1253/1165 1273/1273/1184 1252/1252/1164
f 1254/1254/1166 1275/1275/1186 1274/1274/1185
f 1254/1254/1166 1274/1274/1185 1253/1253/1165
f 1255/1255/1167 1276/1276/1187 1275/1275/1186
f 1255/1255/1167 1275/1275/1186 1254/1254/1166
f 1256/1256/1168 1277/1277/1188 1276/1276/1187
f 1256/1256/1168 1276/1276/1187 1255/1255/1167
f 1257/1257/1169 1278/1278/1189 1277/1277/1188
f 1257/1257/1169 1277/1277/1188 1256/1256/1168
f 1238/1238/1151 1259/1259/1171 1278/1278/1189
f 1238/1238/1151 1278/1278/1189 1257/1257/1169
f 1258/1258/1170 1279/1279/1190 1280/1280/1191
f 1258/1258/1170 1280/1280/1191 1259/1259/1171
f 1260/1260/1172 1281/1281/1192 1282/1282/1190
f 1260/1260/1172 1282/1282/1190 1261/1261/1170
f 1262/1262/1173 1283/1283/1193 1281/1281/1192
f 1262/1262/1173 1281/1281/1192 1260/1260/1172
f 1263/1263/1174 1284/1284/1194 1283/1283/1193
f 1263/1263/1174 1283/1283/1193 1262/1262/1173
f 1264/1264/1175 1285/1285/1195 1284/1284/1194
f 1264/1264/1175 1284/1284/1194 1263/1263/1174
f 1265/1265/1176 1286/1286/1196 1285/1285/1195
f 1265/1265/1176 1285/1285/1195 1264/1264/1175
f 1266/1266/1177 1287/1287/1197 1286/1286/1196
f 1266/1266/1177 1286/1286/1196 1265/1265/1176
f 1267/1267/1178 1288/1288/1198 1287/1287/1197
f 1267/1267/1178 1287/1287/1197 1266/1266/1177
f 1268/1268/1179 1289/1289/1199 1288/1288/1198
f 1268/1268/1179 1288/1288/1198 1267/1267/1178
f 1269/1269/1180 1290/1290/1200 1289/1289/1199
f 1269/1269/1180 1289/1289/1199 1268/1268/1179
f 1270/1270/1181 1291/1291/1201 1290/1290/1200
f 1270/1270/1181 1290/1290/1200 1269/1269/1180
f 1271/1271/1182 1292/1292/1202 1291/1291/1201
f 1271/1271/1182 1291/1291/1201 1270/1270/1181
f 1272/1272/1183 1293/1293/1203 1292/1292/1202
f 1272/1272/1183 1292/1292/1202 1271/1271/1182
f 1273/1273/1184 1294/1294/1204 1293/1293/1203
f 1273/1273/1184 1293/1293/1203 1272/1272/1183
f 1274/1274/1185 1295/1295/1205 1294/1294/1204
f 1274/1274/1185 1294/1294/1204 1273/1273/1184
f 1275/1275/1186 1296/1296/1206 1295/1295/1205
f 1275/1275/1186 1295/1295/1205 1274/1274/1185
f 1276/1276/1187 1297/1297/1207 1296/1296/1206
f 1276/1276/1187 1296/1296/1206 1275/1275/1186
f 1277/1277/1188 1298/1298/1208 1297/1297/1207
f 1277/1277/1188 1297/1297/1207 1276/1276/1187
f 1278/1278/1189 1299/1299/1209 1298/1298/1208
f 1278/1278/1189 1298/1298/1208 1277/1277/1188
f 1259/1259/1171 1280/1280/1191 1299/1299/1209
f 1259/1259/1171 1299/1299/1209 1278/1278/1189
f 1279/1279/1190 1300/1300/1210 1301/1301/1211
f 1279/1279/1190 1301/1301/1211 1280/1280/1191
f 1281/1281/1192 1302/1302/1212 1303/1303/1210
f 1281/1281/1192 1303/1303/1210 1282/1282/1190
f 1283/1283/1193 1304/1304/1213 1302/1302/1212
f 1283/1283/1193 1302/1302/1212 1281/1281/1192
f 1284/1284/1194 1305/1305/1214 1304/1304/1213
f 1284/1284/1194 1304/1304/1213 1283/1283/1193
f 1285/1285/1195 1306/1306/1215 1305/1305/1214
f 1285/1285/1195 1305/1305/1214 1284/1284/1194
f 1286/1286/1196 1307/1307/1216 1306/1306/1215
f 1286/1286/1196 1306/1306/1215 1285/1285/1195
f 1287/1287/1197 1308/1308/1217 1307/1307/1216
f 1287/1287/1197 1307/1307/1216 1286/1286/1196
f 1288/1288/1198 1309/1309/1218 1308/1308/1217
f 1288/1288/1198 1308/1308/1217 1287/1287/1197
f 1289/1289/1199 1310/1310/1219 1309/1309/1218
f 1289/1289/1199 1309/1309/1218 1288/1288/1198
f 1290/1290/1200 1311/1311/1220 1310/1310/1219
f 1290/1290/1200 1310/1310/1219 1289/1289/1199
f 1291/1291/1201 1312/1312/1221 1311/1311/1220
f 1291/1291/1201 1311/1311/1220 1290/1290/1200
f 1292/1292/1202 1313/1313/1222 1312/1312/1221
f 1292/1292/1202 1312/1312/1221 1291/1291/1201
f 1293/1293/1203 1314/1314/1223 1313/1313/1222
f 1293/1293/1203 1313/1313/1222 1292/1292/1202
f 1294/1294/1204 1315/1315/1224 1314/1314/1223
f 1294/1294/1204 1314/1314/1223 1293/1293/1203
f 1295/1295/1205 1316/1316/1225 1315/1315/1224
f 1295/1295/1205 1315/1315/1224 1294/1294/1204
f 1296/1296/1206 1317/1317/1226 1316/1316/1225
f 1296/1296/1206 1316/1316/1225 1295/1295/1205
f 1297/1297/1207 1318/1318/1227 1317/1317/1226
f 1297/1297/1207 1317/1317/1226 1296/1296/1206
f 1298/1298/1208 1319/1319/1228 1318/1318/1227
f 1298/1298/1208 1318/1318/1227 1297/1297/1207
f 1299/1299/1209 1320/1320/1229 1319/1319/1228
f 1299/1299/1209 1319/1319/1228 1298/1298/1208
f 1280/1280/1191 1301/1301/1211 1320/1320/1229
f 1280/1280/1191 1320/1320/1229 1299/1299/1209
f 1300/1300/1210 1321/1321/1230 1322/1322/1231
f 1300/1300/1210 1322/1322/1231 1301/1301/1211
f 1302/1302/1212 1323/1323/1232 1324/1324/1230
f 1302/1302/1212 1324/1324/1230 1303/1303/1210
f 1304/1304/1213 1325/1325/1233 1323/1323/1232
f 1304/1304/1213 1323/1323/1232 1302/1302/1212
f 1305/1305/1214 1326/1326/1234 1325/1325/1233
f 1305/1305/1214 1325/1325/1233 1304/1304/1213
f 1306/1306/1215 1327/1327/1235 1326/1326/1234
f 1306/1306/1215 1326/1326/1234 1305/1305/1214
f 1307/1307/1216 1328/1328/1236 1327/1327/1235
f 1307/1307/1216 1327/1327/1235 1306/1306/1215
f 1308/1308/1217 1329/1329/1237 1328/1328/1236
f 1308/1308/1217 1328/1328/1236 1307/1307/1216
f 1309/1309/1218 1330/1330/1238 1329/1329/1237
f 1309/1309/1218 1329/1329/1237 1308/1308/1217
f 1310/1310/1219 1331/1331/1239 1330/1330/1238
f 1310/1310/1219 1330/1330/1238 1309/1309/1218
f 1311/1311/1220 1332/1332/1240 1331/1331/1239
f 1311/1311/1220 1331/1331/1239 1310/1310/1219
f 1312/1312/1221 1333/1333/1241 1332/1332/1240
f 1312/1312/1221 1332/1332/1240 1311/1311/1220
f 1313/1313/1222 1334/1334/1242 1333/1333/1241
f 1313/1313/1222 1333/1333/1241 1312/1312/1221
f 1314/1314/1223 1335/1335/1243 1334/1334/1242
f 1314/1314/1223 1334/1334/1242 1313/1313/1222
f 1315/1315/1224 1336/1336/1244 1335/1335/1243
f 1315/1315/1224 1335/1335/1243 1314/1314/1223
f 1316/1316/1225 1337/1337/1245 1336/1336/1244
f 1316/1316/1225 1336/1336/1244 1315/1315/1224
f 1317/1317/1226 1338/1338/1246 1337/1337/1245
f 1317/1317/1226 1337/1337/1245 1316/1316/1225
f 1318/1318/1227 1339/1339/1247 1338/1338/1246
f 1318/1318/1227 1338/1338/1246 1317/1317/1226
f 1319/1319/1228 1340/1340/1248 1339/1339/1247
f 1319/1319/1228 1339/1339/1247 1318/1318/1227
f 1320/1320/1229 1341/1341/1249 1340/1340/1248
f 1320/1320/1229 1340/1340/1248 1319/1319/1228
f 1301/1301/1211 1322/1322/1231 1341/1341/1249
f 1301/1301/1211 1341/1341/1249 1320/1320/1229
f 1321/1321/1230 1342/1342/1250 1343/1343/1251
f 1321/1321/1230 1343/1343/1251 1322/1322/1231
f 1323/1323/1232 1344/1344/1252 1345/1345/1250
f 1323/1323/1232 1345/1345/1250 1324/1324/1230
f 1325/1325/1233 1346/1346/1253 1344/1344/1252
f 1325/1325/1233 1344/1344/1252 1323/1323/1232
f 1326/1326/1234 1347/1347/1254 1346/1346/1253
f 1326/1326/1234 1346/1346/1253 1325/1325/1233
f 1327/1327/1235 1348/1348/1255 1347/1347/1254
f 1327/1327/1235 1347/1347/1254 1326/1326/1234
f 1328/1328/1236 1349/1349/1256 1348/1348/1255
f 1328/1328/1236 1348/1348/1255 1327/1327/1235
f 1329/1329/1237 1350/1350/1257 1349/1349/1256
f 1329/1329/1237 1349/1349/1256 1328/1328/1236
f 1330/1330/1238 1351/1351/1258 1350/1350/1257
f 1330/1330/1238 1350/1350/1257 1329/1329/1237
f 1331/1331/1239 1352/1352/1259 1351/1351/1258
f 1331/1331/1239 1351/1351/1258 1330/1330/1238
f 1332/1332/1240 1353/1353/1260 1352/1352/1259
f 1332/1332/1240 1352/1352/1259 1331/1331/1239
f 1333/1333/1241 1354/1354/1261 1353/1353/1260
f 1333/1333/1241 1353/1353/1260 1332/1332/1240
f 1334/1334/1242 1355/1355/1262 1354/1354/1261
f 1334/1334/1242 1354/1354/1261 1333/1333/1241
f 1335/1335/1243 1356/1356/1263 1355/1355/1262
f 1335/1335/1243 1355/1355/1262 1334/1334/1242
f 1336/1336/1244 1357/1357/1264 1356/1356/1263
f 1336/1336/1244 1356/1356/1263 1335/1335/1243
f 1337/1337/1245 1358/1358/1265 1357/1357/1264
f 1337/1337/1245 1357/1357/1264 1336/1336/1244
f 1338/1338/1246 1359/1359/1266 1358/1358/1265
f 1338/1338/1246 1358/1358/1265 1337/1337/1245
f 1339/1339/1247 1360/1360/1267 1359/1359/1266
f 1339/1339/1247 1359/1359/1266 1338/1338/1246
f 1340/1340/1248 1361/1361/1268 1360/1360/1267
f 1340/1340/1248 1360/1360/1267 1339/1339/1247
f 1341/1341/1249 1362/1362/1269 1361/1361/1268
f 1341/1341/1249 1361/1361/1268 1340/1340/1248
f 1322/1322/1231 1343/1343/1251 1362/1362/1269
f 1322/1322/1231 1362/1362/1269 1341/1341/1249
f 1342/1342/1250 1363/1363/1270 1364/1364/1271
f 1342/1342/1250 1364/1364/1271 1343/1343/1251
f 1344/1344/1252 1365/1365/1272 1366/1366/1270
f 1344/1344/1252 1366/1366/1270 1345/1345/1250
f 1346/1346/1253 1367/1367/1273 1365/1365/1272
f 1346/1346/1253 1365/1365/1272 1344/1344/1252
f 1347/1347/1254 1368/1368/1274 1367/1367/1273
f 1347/1347/1254 1367/1367/1273 1346/1346/1253
f 1348/1348/1255 1369/1369/1275 1368/1368/1274
f 1348/1348/1255 1368/1368/1274 1347/1347/1254
f 1349/1349/1256 1370/1370/1276 1369/1369/1275
f 1349/1349/1256 1369/1369/1275 1348/1348/1255
f 1350/1350/1257 1371/1371/1277 1370/1370/1276
f 1350/1350/1257 1370/1370/1276 1349/1349/1256
f 1351/1351/1258 1372/1372/1278 1371/1371/1277
f 1351/1351/1258 1371/1371/1277 1350/1350/1257
f 1352/1352/1259 1373/1373/1279 1372/1372/1278
f 1352/1352/1259 1372/1372/1278 1351/1351/1258
f 1353/1353/1260 1374/1374/1280 1373/1373/1279
f 1353/1353/1260 1373/1373/1279 1352/1352/1259
f 1354/1354/1261 1375/1375/1281 1374/1374/1280
f 1354/1354/1261 1374/1374/1280 1353/1353/1260
f 1355/1355/1262 1376/1376/1282 1375/1375/1281
f 1355/1355/1262 1375/1375/1281 1354/1354/1261
f 1356/1356/1263 1377/1377/1283 1376/1376/1282
f 1356/1356/1263 1376/1376/1282 1355/1355/1262
f 1357/1357/1264 1378/1378/1284 1377/1377/1283
f 1357/1357/1264 1377/1377/1283 1356/1356/1263
f 1358/1358/1265 1379/1379/1285 1378/1378/1284
f 1358/1358/1265 1378/1378/1284 1357/1357/1264
f 1359/1359/1266 1380/1380/1286 1379/1379/1285
f 1359/1359/1266 1379/1379/1285 1358/1358/1265
f 1360/1360/1267 1381/1381/1287 1380/1380/1286
f 1360/1360/1267 1380/1380/1286 1359/1359/1266
f 1361/1361/1268 1382/1382/1288 1381/1381/1287
f 1361/1361/1268 1381/1381/1287 1360/1360/1267
f 1362/1362/1269 1383/1383/1289 1382/1382/1288
f 1362/1362/1269 1382/1382/1288 1361/1361/1268
f 1343/1343/1251 1364/1364/1271 1383/1383/1289
f 1343/1343/1251 1383/1383/1289 1362/1362/1269
f 1363/1363/1270 1384/1384/1290 1385/1385/1291
f 1363/1363/1270 1385/1385/1291 1364/1364/1271
f 1365/1365/1272 1386/1386/1292 1387/1387/1290
f 1365/1365/1272 1387/1387/1290 1366/1366/1270
f 1367/1367/1273 1388/1388/1293 1386/1386/1292
f 1367/1367/1273 1386/1386/1292 1365/1365/1272
f 1368/1368/1274 1389/1389/1294 1388/1388/1293
f 1368/1368/1274 1388/1388/1293 1367/1367/1273
f 1369/1369/1275 1390/1390/1295 1389/1389/1294
f 1369/1369/1275 1389/1389/1294 1368/1368/1274
f 1370/1370/1276 1391/1391/1296 1390/1390/1295
f 1370/1370/1276 1390/1390/1295 1369/1369/1275
f 1371/1371/1277 1392/1392/1297 1391/1391/1296
f 1371/1371/1277 1391/1391/1296 1370/1370/1276
f 1372/1372/1278 1393/1393/1298 1392/1392/1297
f 1372/1372/1278 1392/1392/1297 1371/1371/1277
f 1373/1373/1279 1394/1394/1299 1393/1393/1298
f 1373/1373/1279 1393/1393/1298 1372/1372/1278
f 1374/1374/1280 1395/1395/1300 1394/1394/1299
f 1374/1374/1280 1394/1394/1299 1373/1373/1279
f 1375/1375/1281 1396/1396/1301 1395/1395/1300
f 1375/1375/1281 1395/1395/1300 1374/1374/1280
f 1376/1376/1282 1397/1397/1302 1396/1396/1301
f 1376/1376/1282 1396/1396/1301 1375/1375/1281
f 1377/1377/1283 1398/1398/1303 1397/1397/1302
f 1377/1377/1283 1397/1397/1302 1376/1376/1282
f 1378/1378/1284 1399/1399/1304 1398/1398/1303
f 1378/1378/1284 1398/1398/1303 1377/1377/1283
f 1379/1379/1285 1400/1400/1305 1399/1399/1304
f 1379/1379/1285 1399/1399/1304 1378/1378/1284
f 1380/1380/1286 1401/1401/1306 1400/1400/1305
f 1380/1380/1286 1400/1400/1305 1379/1379/1285
f 1381/1381/1287 1402/1402/1307 1401/1401/1306
f 1381/1381/1287 1401/1401/1306 1380/1380/1286
f 1382/1382/1288 1403/1403/1308 1402/1402/1307
f 1382/1382/1288 1402/1402/1307 1381/1381/1287
f 1383/1383/1289 1404/1404/1309 1403/1403/1308
f 1383/1383/1289 1403/1403/1308 1382/1382/1288
f 1364/1364/1271 1385/1385/1291 1404/1404/1309
f 1364/1364/1271 1404/1404/1309 1383/1383/1289
f 1384/1384/1290 1405/1405/1310 1406/1406/1311
f 1384/1384/1290 1406/1406/1311 1385/1385/1291
f 1386/1386/1292 1407/1407/1312 1408/1408/1310
f 1386/1386/1292 1408/1408/1310 1387/1387/1290
f 1388/1388/1293 1409/1409/1313 1407/1407/1312
f 1388/1388/1293 1407/1407/1312 1386/1386/1292
f 1389/1389/1294 1410/1410/1314 1409/1409/1313
f 1389/1389/1294 1409/1409/1313 1388/1388/1293
f 1390/1390/1295 1411/1411/1315 1410/1410/1314
f 1390/1390/1295 1410/1410/1314 1389/1389/1294
f 1391/1391/1296 1412/1412/1316 1411/1411/1315
f 1391/1391/1296 1411/1411/1315 1390/1390/1295
f 1392/1392/1297 1413/1413/1317 1412/1412/1316
f 1392/1392/1297 1412/1412/1316 1391/1391/1296
f 1393/1393/1298 1414/1414/1318 1413/1413/1317
f 1393/1393/1298 1413/1413/1317 1392/1392/1297
f 1394/1394/1299 1415/1415/1319 1414/1414/1318
f 1394/1394/1299 1414/1414/1318 1393/1393/1298
f 1395/1395/1300 1416/1416/1320 1415/1415/1319
f 1395/1395/1300 1415/1415/1319 1394/1394/1299
f 1396/1396/1301 1417/1417/1321 1416/1416/1320
f 1396/1396/1301 1416/1416/1320 1395/1395/1300
f 1397/1397/1302 1418/1418/1322 1417/1417/1321
f 1397/1397/1302 1417/1417/1321 1396/1396/1301
f 1398/1398/1303 1419/1419/1323 1418/1418/1322
f 1398/1398/1303 1418/1418/1322 1397/1397/1302
f 1399/1399/1304 1420/1420/1324 1419/1419/1323
f 1399/1399/1304 1419/1419/1323 1398/1398/1303
f 1400/1400/1305 1421/1421/1325 1420/1420/1324
f 1400/1400/1305 1420/1420/1324 1399/1399/1304
f 1401/1401/1306 1422/1422/1326 1421/1421/1325
f 1401/1401/1306 1421/1421/1325 1400/1400/1305
f 1402/1402/1307 1423/1423/1327 1422/1422/1326
f 1402/1402/1307 1422/1422/1326 1401/1401/1306
f 1403/1403/1308 1424/1424/1328 1423/1423/1327
f 1403/1403/1308 1423/1423/1327 1402/1402/1307
f 1404/1404/1309 1425/1425/1329 1424/1424/1328
f 1404/1404/1309 1424/1424/1328 1403/1403/1308
f 1385/1385/1291 1406/1406/1311 1425/1425/1329
f 1385/1385/1291 1425/1425/1329 1404/1404/1309
f 1405/1405/1310 1426/1426/1330 1427/1427/1331
f 1405/1405/1310 1427/1427/1331 1406/1406/1311
f 1407/1407/1312 1428/1428/1332 1429/1429/1330
f 1407/1407/1312 1429/1429/1330 1408/1408/1310
f 1409/1409/1313 1430/1430/1333 1428/1428/1332
f 1409/1409/1313 1428/1428/1332 1407/1407/1312
f 1410/1410/1314 1431/1431/1334 1430/1430/1333
f 1410/1410/1314 1430/1430/1333 1409/1409/1313
f 1411/1411/1315 1432/1432/1335 1431/1431/1334
f 1411/1411/1315 1431/1431/1334 1410/1410/1314
f 1412/1412/1316 1433/1433/1336 1432/1432/1335
f 1412/1412/1316 1432/1432/1335 1411/1411/1315
f 1413/1413/1317 1434/1434/1337 1433/1433/1336
f 1413/1413/1317 1433/1433/1336 1412/1412/1316
f 1414/1414/1318 1435/1435/1338 1434/1434/1337
f 1414/1414/1318 1434/1434/1337 1413/1413/1317
f 1415/1415/1319 1436/1436/1339 1435/1435/1338
f 1415/1415/1319 1435/1435/1338 1414/1414/1318
f 1416/1416/1320 1437/1437/1340 1436/1436/1339
f 1416/1416/1320 1436/1436/1339 1415/1415/1319
f 1417/1417/1321 1438/1438/1341 1437/1437/1340
f 1417/1417/1321 1437/1437/1340 1416/1416/1320
f 1418/1418/1322 1439/1439/1342 1438/1438/1341
f 1418/1418/1322 1438/1438/1341 1417/1417/1321
f 1419/1419/1323 1440/1440/1343 1439/1439/1342
f 1419/1419/1323 1439/1439/1342 1418/1418/1322
f 1420/1420/1324 1441/1441/1344 1440/1440/1343
f 1420/1420/1324 1440/1440/1343 1419/1419/1323
f 1421/1421/1325 1442/1442/1345 1441/1441/1344
f 1421/1421/1325 1441/1441/1344 1420/1420/1324
f 1422/1422/1326 1443/1443/1346 1442/1442/1345
f 1422/1422/1326 1442/1442/1345 1421/1421/1325
f 1423/1423/1327 1444/1444/1347 1443/1443/1346
f 1423/1423/1327 1443/1443/1346 1422/1422/1326
f 1424/1424/1328 1445/1445/1348 1444/1444/1347
f 1424/1424/1328 1444/1444/1347 1423/1423/1327
f 1425/1425/1329 1446/1446/1349 1445/1445/1348
f 1425/1425/1329 1445/1445/1348 1424/1424/1328
f 1406/1406/1311 1427/1427/1331 1446/1446/1349
f 1406/1406/1311 1446/1446/1349 1425/1425/1329
f 1426/1426/1330 1447/1447/1350 1448/1448/1351
f 1426/1426/1330 1448/1448/1351 1427/1427/1331
f 1428/1428/1332 1449/1449/1352 1450/1450/1350
f 1428/1428/1332 1450/1450/1350 1429/1429/1330
f 1430/1430/1333 1451/1451/1353 1449/1449/1352
f 1430/1430/1333 1449/1449/1352 1428/1428/1332
f 1431/1431/1334 1452/1452/1354 1451/1451/1353
f 1431/1431/1334 1451/1451/1353 1430/1430/1333
f 1432/1432/1335 1453/1453/1355 1452/1452/1354
f 1432/1432/1335 1452/1452/1354 1431/1431/1334
f 1433/1433/1336 1454/1454/1356 1453/1453/1355
f 1433/1433/1336 1453/1453/1355 1432/1432/1335
f 1434/1434/1337 1455/1455/1357 1454/1454/1356
f 1434/1434/1337 1454/1454/1356 1433/1433/1336
f 1435/1435/1338 1456/1456/1358 1455/1455/1357
f 1435/1435/1338 1455/1455/1357 1434/1434/1337
f 1436/1436/1339 1457/1457/1359 1456/1456/1358
f 1436/1436/1339 1456/1456/1358 1435/1435/1338
f 1437/1437/1340 1458/1458/1360 1457/1457/1359
f 1437/1437/1340 1457/1457/1359 1436/1436/1339
f 1438/1438/1341 1459/1459/1361 1458/1458/1360
f 1438/1438/1341 1458/1458/1360 1437/1437/1340
f 1439/1439/1342 1460/1460/1362 1459/1459/1361
f 1439/1439/1342 1459/1459/1361 1438/1438/1341
f 1440/1440/1343 1461/1461/1363 1460/1460/1362
f 1440/1440/1343 1460/1460/1362 1439/1439/1342
f 1441/1441/1344 1462/1462/1364 1461/1461/1363
f 1441/1441/1344 1461/1461/1363 1440/1440/1343
f 1442/1442/1345 1463/1463/1365 1462/1462/1364
f 1442/1442/1345 1462/1462/1364 1441/1441/1344
f 1443/1443/1346 1464/1464/1366 1463/1463/1365
f 1443/1443/1346 1463/1463/1365 1442/1442/1345
f 1444/1444/1347 1465/1465/1367 1464/1464/1366
f 1444/1444/1347 1464/1464/1366 1443/1443/1346
f 1445/1445/1348 1466/1466/1368 1465/1465/1367
f 1445/1445/1348 1465/1465/1367 1444/1444/1347
f 1446/1446/1349 1467/1467/1369 1466/1466/1368
f 1446/1446/1349 1466/1466/1368 1445/1445/1348
f 1427/1427/1331 1448/1448/1351 1467/1467/1369
f 1427/1427/1331 1467/1467/1369 1446/1446/1349
f 1447/1447/1350 1468/1468/1370 1469/1469/1371
f 1447/1447/1350 1469/1469/1371 1448/1448/1351
f 1449/1449/1352 1470/1470/1372 1471/1471/1370
f 1449/1449/1352 1471/1471/1370 1450/1450/1350
f 1451/1451/1353 1472/1472/1373 1470/1470/1372
f 1451/1451/1353 1470/1470/1372 1449/1449/1352
f 1452/1452/1354 1473/1473/1374 1472/1472/1373
f 1452/1452/1354 1472/1472/1373 1451/1451/1353
f 1453/1453/1355 1474/1474/1375 1473/1473/1374
f 1453/1453/1355 1473/1473/1374 1452/1452/1354
f 1454/1454/1356 1475/1475/1376 1474/1474/1375
f 1454/1454/1356 1474/1474/1375 1453/1453/1355
f 1455/1455/1357 1476/1476/1377 1475/1475/1376
f 1455/1455/1357 1475/1475/1376 1454/1454/1356
f 1456/1456/1358 1477/1477/1378 1476/1476/1377
f 1456/1456/1358 1476/1476/1377 1455/1455/1357
f 1457/1457/1359 1478/1478/1379 1477/1477/1378
f 1457/1457/1359 1477/1477/1378 1456/1456/1358
f 1458/1458/1360 1479/1479/1380 1478/1478/1379
f 1458/1458/1360 1478/1478/1379 1457/1457/1359
f 1459/1459/1361 1480/1480/1381 1479/1479/1380
f 1459/1459/1361 1479/1479/1380 1458/1458/1360
f 1460/1460/1362 1481/1481/1382 1480/1480/1381
f 1460/1460/1362 1480/1480/1381 1459/1459/1361
f 1461/1461/1363 1482/1482/1383 1481/1481/1382
f 1461/1461/1363 1481/1481/1382 1460/1460/1362
f 1462/1462/1364 1483/1483/1384 1482/1482/1383
f 1462/1462/1364 1482/1482/1383 1461/1461/1363
f 1463/1463/1365 1484/1484/1385 1483/1483/1384
f 1463/1463/1365 1483/1483/1384 1462/1462/1364
f 1464/1464/1366 1485/1485/1386 1484/1484/1385
f 1464/1464/1366 1484/1484/1385 1463/1463/1365
f 1465/1465/1367 1486/1486/1387 1485/1485/1386
f 1465/1465/1367 1485/1485/1386 1464/1464/1366
f 1466/1466/1368 1487/1487/1388 1486/1486/1387
f 1466/1466/1368 1486/1486/1387 1465/1465/1367
f 1467/1467/1369 1488/1488/1389 1487/1487/1388
f 1467/1467/1369 1487/1487/1388 1466/1466/1368
f 1448/1448/1351 1469/1469/1371 1488/1488/1389
f 1448/1448/1351 1488/1488/1389 1467/1467/1369
f 1468/1468/1370 1489/1489/1390 1490/1490/1391
f 1468/1468/1370 1490/1490/1391 1469/1469/1371
f 1470/1470/1372 1491/1491/1392 1492/1492/1390
f 1470/1470/1372 1492/1492/1390 1471/1471/1370
f 1472/1472/1373 1493/1493/1393 1491/1491/1392
f 1472/1472/1373 1491/1491/1392 1470/1470/1372
f 1473/1473/1374 1494/1494/1394 1493/1493/1393
f 1473/1473/1374 1493/1493/1393 1472/1472/1373
f 1474/1474/1375 1495/1495/1395 1494/1494/1394
f 1474/1474/1375 1494/1494/1394 1473/1473/1374
f 1475/1475/1376 1496/1496/1396 1495/1495/1395
f 1475/1475/1376 1495/1495/1395 1474/1474/1375
f 1476/1476/1377 1497/1497/1397 1496/1496/1396
f 1476/1476/1377 1496/1496/1396 1475/1475/1376
f 1477/1477/1378 1498/1498/1398 1497/1497/1397
f 1477/1477/1378 1497/1497/1397 1476/1476/1377
f 1478/1478/1379 1499/1499/1399 1498/1498/1398
f 1478/1478/1379 1498/1498/1398 1477/1477/1378
f 1479/1479/1380 1500/1500/1400 1499/1499/1399
f 1479/1479/1380 1499/1499/1399 1478/1478/1379
f 1480/1480/1381 1501/1501/1401 1500/1500/1400
f 1480/1480/1381 1500/1500/1400 1479/1479/1380
f 1481/1481/1382 1502/1502/1402 1501/1501/1401
f 1481/1481/1382 1501/1501/1401 1480/1480/1381
f 1482/1482/1383 1503/1503/1403 1502/1502/1402
f 1482/1482/1383 1502/1502/1402 1481/1481/1382
f 1483/1483/1384 1504/1504/1404 1503/1503/1403
f 1483/1483/1384 1503/1503/1403 1482/1482/1383
f 1484/1484/1385 1505/1505/1405 1504/1504/1404
f 1484/1484/1385 1504/1504/1404 1483/1483/1384
f 1485/1485/1386 1506/1506/1406 1505/1505/1405
f 1485/1485/1386 1505/1505/1405 1484/1484/1385
f 1486/1486/1387 1507/1507/1407 1506/1506/1406
f 1486/1486/1387 1506/1506/1406 1485/1485/1386
f 1487/1487/1388 1508/1508/1408 1507/1507/1407
f 1487/1487/1388 1507/1507/1407 1486/1486/1387
f 1488/1488/1389 1509/1509/1409 1508/1508/1408
f 1488/1488/1389 1508/1508/1408 1487/1487/1388
f 1469/1469/1371 1490/1490/1391 1509/1509/1409
f 1469/1469/1371 1509/1509/1409 1488/1488/1389
f 1489/1489/1390 1510/1510/1410 1511/1511/1411
f 1489/1489/1390 1511/1511/1411 1490/1490/1391
f 1491/1491/1392 1512/1512/1412 1513/1513/1410
f 1491/1491/1392 1513/1513/1410 1492/1492/1390
f 1493/1493/1393 1514/1514/1413 1512/1512/1412
f 1493/1493/1393 1512/1512/1412 1491/1491/1392
f 1494/1494/1394 1515/1515/1414 1514/1514/1413
f 1494/1494/1394 1514/1514/1413 1493/1493/1393
f 1495/1495/1395 1516/1516/1415 1515/1515/1414
f 1495/1495/1395 1515/1515/1414 1494/1494/1394
f 1496/1496/1396 1517/1517/1416 1516/1516/1415
f 1496/1496/1396 1516/1516/1415 1495/1495/1395
f 1497/1497/1397 1518/1518/1417 1517/1517/1416
f 1497/1497/1397 1517/1517/1416 1496/1496/1396
f 1498/1498/1398 1519/1519/1418 1518/1518/1417
f 1498/1498/1398 1518/1518/1417 1497/1497/1397
f 1499/1499/1399 1520/1520/1419 1519/1519/1418
f 1499/1499/1399 1519/1519/1418 1498/1498/1398
f 1500/1500/1400 1521/1521/1420 1520/1520/1419
f 1500/1500/1400 1520/1520/1419 1499/1499/1399
f 1501/1501/1401 1522/1522/1421 1521/1521/1420
f 1501/1501/1401 1521/1521/1420 1500/1500/1400
f 1502/1502/1402 1523/1523/1422 1522/1522/1421
f 1502/1502/1402 1522/1522/1421 1501/1501/1401
f 1503/1503/1403 1524/1524/1423 1523/1523/1422
f 1503/1503/1403 1523/1523/1422 1502/1502/1402
f 1504/1504/1404 1525/1525/1424 1524/1524/1423
f 1504/1504/1404 1524/1524/1423 1503/1503/1403
f 1505/1505/1405 1526/1526/1425 1525/1525/1424
f 1505/1505/1405 1525/1525/1424 1504/1504/1404
f 1506/1506/1406 1527/1527/1426 1526/1526/1425
f 1506/1506/1406 1526/1526/1425 1505/1505/1405
f 1507/1507/1407 1528/1528/1427 1527/1527/1426
f 1507/1507/1407 1527/1527/1426 1506/1506/1406
f 1508/1508/1408 1529/1529/1428 1528/1528/1427
f 1508/1508/1408 1528/1528/1427 1507/1507/1407
f 1509/1509/1409 1530/1530/1429 1529/1529/1428
f 1509/1509/1409 1529/1529/1428 1508/1508/1408
f 1490/1490/1391 1511/1511/1411 1530/1530/1429
f 1490/1490/1391 1530/1530/1429 1509/1509/1409
f 1510/1510/1410 1531/1531/1430 1532/1532/1431
f 1510/1510/1410 1532/1532/1431 1511/1511/1411
f 1512/1512/1412 1533/1533/1432 1534/1534/1430
f 1512/1512/1412 1534/1534/1430 1513/1513/1410
f 1514/1514/1413 1535/1535/1433 1533/1533/1432
f 1514/1514/1413 1533/1533/1432 1512/1512/1412
f 1515/1515/1414 1536/1536/1434 1535/1535/1433
f 1515/1515/1414 1535/1535/1433 1514/1514/1413
f 1516/1516/1415 1537/1537/1435 1536/1536/1434
f 1516/1516/1415 1536/1536/1434 1515/1515/1414
f 1517/1517/1416 1538/1538/1436 1537/1537/1435
f 1517/1517/1416 1537/1537/1435 1516/1516/1415
f 1518/1518/1417 1539/1539/1437 1538/1538/1436
f 1518/1518/1417 1538/1538/1436 1517/1517/1416
f 1519/1519/1418 1540/1540/1438 1539/1539/1437
f 1519/1519/1418 1539/1539/1437 1518/1518/1417
f 1520/1520/1419 1541/1541/1439 1540/1540/1438
f 1520/1520/1419 1540/1540/1438 1519/1519/1418
f 1521/1521/1420 1542/1542/1440 1541/1541/1439
f 1521/1521/1420 1541/1541/1439 1520/1520/1419
f 1522/1522/1421 1543/1543/1441 1542/1542/1440
f 1522/1522/1421 1542/1542/1440 1521/1521/1420
f 1523/1523/1422 1544/1544/1442 1543/1543/1441
f 1523/1523/1422 1543/1543/1441 1522/1522/1421
f 1524/1524/1423 1545/1545/1443 1544/1544/1442
f 1524/1524/1423 1544/1544/1442 1523/1523/1422
f 1525/1525/1424 1546/1546/1444 1545/1545/1443
f 1525/1525/1424 1545/1545/1443 1524/1524/1423
f 1526/1526/1425 1547/1547/1445 1546/1546/1444
f 1526/1526/1425 1546/1546/1444 1525/1525/1424
f 1527/1527/1426 1548/1548/1446 1547/1547/1445
f 1527/1527/1426 1547/1547/1445 1526/1526/1425
f 1528/1528/1427 1549/1549/1447 1548/1548/1446
f 1528/1528/1427 1548/1548/1446 1527/1527/1426
f 1529/1529/1428 1550/1550/1448 1549/1549/1447
f 1529/1529/1428 1549/1549/1447 1528/1528/1427
f 1530/1530/1429 1551/1551/1449 1550/1550/1448
f 1530/1530/1429 1550/1550/1448 1529/1529/1428
f 1511/1511/1411 1532/1532/1431 1551/1551/1449
f 1511/1511/1411 1551/1551/1449 1530/1530/1429
f 1531/1531/1430 1552/1552/1450 1553/1553/1451
f 1531/1531/1430 1553/1553/1451 1532/1532/1431
f 1533/1533/1432 1554/1554/1452 1555/1555/1450
f 1533/1533/1432 1555/1555/1450 1534/1534/1430
f 1535/1535/1433 1556/1556/1453 1554/1554/1452
f 1535/1535/1433 1554/1554/1452 1533/1533/1432
f 1536/1536/1434 1557/1557/1454 1556/1556/1453
f 1536/1536/1434 1556/1556/1453 1535/1535/1433
f 1537/1537/1435 1558/1558/1455 1557/1557/1454
f 1537/1537/1435 1557/1557/1454 1536/1536/1434
f 1538/1538/1436 1559/1559/1456 1558/1558/1455
f 1538/1538/1436 1558/1558/1455 1537/1537/1435
f 1539/1539/1437 1560/1560/1457 1559/1559/1456
f 1539/1539/1437 1559/1559/1456 1538/1538/1436
f 1540/1540/1438 1561/1561/1458 1560/1560/1457
f 1540/1540/1438 1560/1560/1457 1539/1539/1437
f 1541/1541/1439 1562/1562/1459 1561/1561/1458
f 1541/1541/1439 1561/1561/1458 1540/1540/1438
f 1542/1542/1440 1563/1563/1460 1562/1562/1459
f 1542/1542/1440 1562/1562/1459 1541/1541/1439
f 1543/1543/1441 1564/1564/1461 1563/1563/1460
f 1543/1543/1441 1563/1563/1460 1542/1542/1440
f 1544/1544/1442 1565/1565/1462 1564/1564/1461
f 1544/1544/1442 1564/1564/1461 1543/1543/1441
f 1545/1545/1443 1566/1566/1463 1565/1565/1462
f 1545/1545/1443 1565/1565/1462 1544/1544/1442
f 1546/1546/1444 1567/1567/1464 1566/1566/1463
f 1546/1546/1444 1566/1566/1463 1545/1545/1443
f 1547/1547/1445 1568/1568/1465 1567/1567/1464
f 1547/1547/1445 1567/1567/1464 1546/1546/1444
f 1548/1548/1446 1569/1569/1466 1568/1568/1465
f 1548/1548/1446 1568/1568/1465 1547/1547/1445
f 1549/1549/1447 1570/1570/1467 1569/1569/1466
f 1549/1549/1447 1569/1569/1466 1548/1548/1446
f 1550/1550/1448 1571/1571/1468 1570/1570/1467
f 1550/1550/1448 1570/1570/1467 1549/1549/1447
f 1551/1551/1449 1572/1572/1469 1571/1571/1468
f 1551/1551/1449 1571/1571/1468 1550/1550/1448
f 1532/1532/1431 1553/1553/1451 1572/1572/1469
f 1532/1532/1431 1572/1572/1469 1551/1551/1449
f 1552/1552/1450 1573/1573/1470 1574/1574/1471
f 1552/1552/1450 1574/1574/1471 1553/1553/1451
f 1554/1554/1452 1575/1575/1472 1576/1576/1470
f 1554/1554/1452 1576/1576/1470 1555/1555/1450
f 1556/1556/1453 1577/1577/1473 1575/1575/1472
f 1556/1556/1453 1575/1575/1472 1554/1554/1452
f 1557/1557/1454 1578/1578/1474 1577/1577/1473
f 1557/1557/1454 1577/1577/1473 1556/1556/1453
f 1558/1558/1455 1579/1579/1475 1578/1578/1474
f 1558/1558/1455 1578/1578/1474 1557/1557/1454
f 1559/1559/1456 1580/1580/1476 1579/1579/1475
f 1559/1559/1456 1579/1579/1475 1558/1558/1455
f 1560/1560/1457 1581/1581/1477 1580/1580/1476
f 1560/1560/1457 1580/1580/1476 1559/1559/1456
f 1561/1561/1458 1582/1582/1478 1581/1581/1477
f 1561/1561/1458 1581/1581/1477 1560/1560/1457
f 1562/1562/1459 1583/1583/1479 1582/1582/1478
f 1562/1562/1459 1582/1582/1478 1561/1561/1458
f 1563/1563/1460 1584/1584/1480 1583/1583/1479
f 1563/1563/1460 1583/1583/1479 1562/1562/1459
f 1564/1564/1461 1585/1585/1481 1584/1584/1480
f 1564/1564/1461 1584/1584/1480 1563/1563/1460
f 1565/1565/1462 1586/1586/1482 1585/1585/1481
f 1565/1565/1462 1585/1585/1481 1564/1564/1461
f 1566/1566/1463 1587/1587/1483 1586/1586/1482
f 1566/1566/1463 1586/1586/1482 1565/1565/1462
f 1567/1567/1464 1588/1588/1484 1587/1587/1483
f 1567/1567/1464 1587/1587/1483 1566/1566/1463
f 1568/1568/1465 1589/1589/1485 1588/1588/1484
f 1568/1568/1465 1588/1588/1484 1567/1567/1464
f 1569/1569/1466 1590/1590/1486 1589/1589/1485
f 1569/1569/1466 1589/1589/1485 1568/1568/1465
f 1570/1570/1467 1591/1591/1487 1590/1590/1486
f 1570/1570/1467 1590/1590/1486 1569/1569/1466
f 1571/1571/1468 1592/1592/1488 1591/1591/1487
f 1571/1571/1468 1591/1591/1487 1570/1570/1467
f 1572/1572/1469 1593/1593/1489 1592/1592/1488
f 1572/1572/1469 1592/1592/1488 1571/1571/1468
f 1553/1553/1451 1574/1574/1471 1593/1593/1489
f 1553/1553/1451 1593/1593/1489 1572/1572/1469
f 1573/1573/1470 1594/1594/1490 1595/1595/1491
f 1573/1573/1470 1595/1595/1491 1574/1574/1471
f 1575/1575/1472 1596/1596/1492 1597/1597/1490
f 1575/1575/1472 1597/1597/1490 1576/1576/1470
f 1577/1577/1473 1598/1598/1493 1596/1596/1492
f 1577/1577/1473 1596/1596/1492 1575/1575/1472
f 1578/1578/1474 1599/1599/1494 1598/1598/1493
f 1578/1578/1474 1598/1598/1493 1577/1577/1473
f 1579/1579/1475 1600/1600/1495 1599/1599/1494
f 1579/1579/1475 1599/1599/1494 1578/1578/1474
f 1580/1580/1476 1601/1601/1496 1600/1600/1495
f 1580/1580/1476 1600/1600/1495 1579/1579/1475
f 1581/1581/1477 1602/1602/1497 1601/1601/1496
f 1581/1581/1477 1601/1601/1496 1580/1580/1476
f 1582/1582/1478 1603/1603/1498 1602/1602/1497
f 1582/1582/1478 1602/1602/1497 1581/1581/1477
f 1583/1583/1479 1604/1604/1499 1603/1603/1498
f 1583/1583/1479 1603/1603/1498 1582/1582/1478
f 1584/1584/1480 1605/1605/1500 1604/1604/1499
f 1584/1584/1480 1604/1604/1499 1583/1583/1479
f 1585/1585/1481 1606/1606/1501 1605/1605/1500
f 1585/1585/1481 1605/1605/1500 1584/1584/1480
f 1586/1586/1482 1607/1607/1502 1606/1606/1501
f 1586/1586/1482 1606/1606/1501 1585/1585/1481
f 1587/1587/1483 1608/1608/1503 1607/1607/1502
f 1587/1587/1483 1607/1607/1502 1586/1586/1482
f 1588/1588/1484 1609/1609/1504 1608/1608/1503
f 1588/1588/1484 1608/1608/1503 1587/1587/1483
f 1589/1589/1485 1610/1610/1505 1609/1609/1504
f 1589/1589/1485 1609/1609/1504 1588/1588/1484
f 1590/1590/1486 1611/1611/1506 1610/1610/1505
f 1590/1590/1486 1610/1610/1505 1589/1589/1485
f 1591/1591/1487 1612/1612/1507 1611/1611/1506
f 1591/1591/1487 1611/1611/1506 1590/1590/1486
f 1592/1592/1488 1613/1613/1508 1612/1612/1507
f 1592/1592/1488 1612/1612/1507 1591/1591/1487
f 1593/1593/1489 1614/1614/1509 1613/1613/1508
f 1593/1593/1489 1613/1613/1508 1592/1592/1488
f 1574/1574/1471 1595/1595/1491 1614/1614/1509
f 1574/1574/1471 1614/1614/1509 1593/1593/1489
f 1594/1594/1490 1615/1615/1510 1616/1616/1511
f 1594/1594/1490 1616/1616/1511 1595/1595/1491
f 1596/1596/1492 1617/1617/1512 1618/1618/1510
f 1596/1596/1492 1618/1618/1510 1597/1597/1490
f 1598/1598/1493 1619/1619/1513 1617/1617/1512
f 1598/1598/1493 1617/1617/1512 1596/1596/1492
f 1599/1599/1494 1620/1620/1514 1619/1619/1513
f 1599/1599/1494 1619/1619/1513 1598/1598/1493
f 1600/1600/1495 1621/1621/1515 1620/1620/1514
f 1600/1600/1495 1620/1620/1514 1599/1599/1494
f 1601/1601/1496 1622/1622/1516 1621/1621/1515
f 1601/1601/1496 1621/1621/1515 1600/1600/1495
f 1602/1602/1497 1623/1623/1517 1622/1622/1516
f 1602/1602/1497 1622/1622/1516 1601/1601/1496
f 1603/1603/1498 1624/1624/1518 1623/1623/1517
f 1603/1603/1498 1623/1623/1517 1602/1602/1497
f 1604/1604/1499 1625/1625/1519 1624/1624/1518
f 1604/1604/1499 1624/1624/1518 1603/1603/1498
f 1605/1605/1500 1626/1626/1520 1625/1625/1519
f 1605/1605/1500 1625/1625/1519 1604/1604/1499
f 1606/1606/1501 1627/1627/1521 1626/1626/1520
f 1606/1606/1501 1626/1626/1520 1605/1605/1500
f 1607/1607/1502 1628/1628/1522 1627/1627/1521
f 1607/1607/1502 1627/1627/1521 1606/1606/1501
f 1608/1608/1503 1629/1629/1523 1628/1628/1522
f 1608/1608/1503 1628/1628/1522 1607/1607/1502
f 1609/1609/1504 1630/1630/1524 1629/1629/1523
f 1609/1609/1504 1629/1629/1523 1608/1608/1503
f 1610/1610/1505 1631/1631/1525 1630/1630/1524
f 1610/1610/1505 1630/1630/1524 1609/1609/1504
f 1611/1611/1506 1632/1632/1526 1631/1631/1525
f 1611/1611/1506 1631/1631/1525 1610/1610/1505
f 1612/1612/1507 1633/1633/1527 1632/1632/1526
f 1612/1612/1507 1632/1632/1526 1611/1611/1506
f 1613/1613/1508 1634/1634/1528 1633/1633/1527
f 1613/1613/1508 1633/1633/1527 1612/1612/1507
f 1614/1614/1509 1635/1635/1529 1634/1634/1528
f 1614/1614/1509 1634/1634/1528 1613/1613/1508
f 1595/1595/1491 1616/1616/1511 1635/1635/1529
f 1595/1595/1491 1635/1635/1529 1614/1614/1509
f 1615/1615/1510 1636/1636/1530 1637/1637/1531
f 1615/1615/1510 1637/1637/1531 1616/1616/1511
f 1617/1617/1512 1638/1638/1532 1639/1639/1530
f 1617/1617/1512 1639/1639/1530 1618/1618/1510
f 1619/1619/1513 1640/1640/1533 1638/1638/1532
f 1619/1619/1513 1638/1638/1532 1617/1617/1512
f 1620/1620/1514 1641/1641/1534 1640/1640/1533
f 1620/1620/1514 1640/1640/1533 1619/1619/1513
f 1621/1621/1515 1642/1642/1535 1641/1641/1534
f 1621/1621/1515 1641/1641/1534 1620/1620/1514
f 1622/1622/1516 1643/1643/1536 1642/1642/1535
f 1622/1622/1516 1642/1642/1535 1621/1621/1515
f 1623/1623/1517 1644/1644/1537 1643/1643/1536
f 1623/1623/1517 1643/1643/1536 1622/1622/1516
f 1624/1624/1518 1645/1645/1538 1644/1644/1537
f 1624/1624/1518 1644/1644/1537 1623/1623/1517
f 1625/1625/1519 1646/1646/1539 1645/1645/1538
f 1625/1625/1519 1645/1645/1538 1624/1624/1518
f 1626/1626/1520 1647/1647/1540 1646/1646/1539
f 1626/1626/1520 1646/1646/1539 1625/1625/1519
f 1627/1627/1521 1648/1648/1541 1647/1647/1540
f 1627/1627/1521 1647/1647/1540 1626/1626/1520
f 1628/1628/1522 1649/1649/1542 1648/1648/1541
f 1628/1628/1522 1648/1648/1541 1627/1627/1521
f 1629/1629/1523 1650/1650/1543 1649/1649/1542
f 1629/1629/1523 1649/1649/1542 1628/1628/1522
f 1630/1630/1524 1651/1651/1544 1650/1650/1543
f 1630/1630/1524 1650/1650/1543 1629/1629/1523
f 1631/1631/1525 1652/1652/1545 1651/1651/1544
f 1631/1631/1525 1651/1651/1544 1630/1630/1524
f 1632/1632/1526 1653/1653/1546 1652/1652/1545
f 1632/1632/1526 1652/1652/1545 1631/1631/1525
f 1633/1633/1527 1654/1654/1547 1653/1653/1546
f 1633/1633/1527 1653/1653/1546 1632/1632/1526
f 1634/1634/1528 1655/1655/1548 1654/1654/1547
f 1634/1634/1528 1654/1654/1547 1633/1633/1527
f 1635/1635/1529 1656/1656/1549 1655/1655/1548
f 1635/1635/1529 1655/1655/1548 1634/1634/1528
f 1616/1616/1511 1637/1637/1531 1656/1656/1549
f 1616/1616/1511 1656/1656/1549 1635/1635/1529
f 1636/1636/1530 1657/1657/1550 1658/1658/1551
f 1636/1636/1530 1658/1658/1551 1637/1637/1531
f 1638/1638/1532 1659/1659/1552 1660/1660/1550
f 1638/1638/1532 1660/1660/1550 1639/1639/1530
f 1640/1640/1533 1661/1661/1553 1659/1659/1552
f 1640/1640/1533 1659/1659/1552 1638/1638/1532
f 1641/1641/1534 1662/1662/1554 1661/1661/1553
f 1641/1641/1534 1661/1661/1553 1640/1640/1533
f 1642/1642/1535 1663/1663/1555 1662/1662/1554
f 1642/1642/1535 1662/1662/1554 1641/1641/1534
f 1643/1643/1536 1664/1664/1556 1663/1663/1555
f 1643/1643/1536 1663/1663/1555 1642/1642/1535
f 1644/1644/1537 1665/1665/1557 1664/1664/1556
f 1644/1644/1537 1664/1664/1556 1643/1643/1536
f 1645/1645/1538 1666/1666/1558 1665/1665/1557
f 1645/1645/1538 1665/1665/1557 1644/1644/1537
f 1646/1646/1539 1667/1667/1559 1666/1666/1558
f 1646/1646/1539 1666/1666/1558 1645/1645/1538
f 1647/1647/1540 1668/1668/1560 1667/1667/1559
f 1647/1647/1540 1667/1667/1559 1646/1646/1539
f 1648/1648/1541 1669/1669/1561 1668/1668/1560
f 1648/1648/1541 1668/1668/1560 1647/1647/1540
f 1649/1649/1542 1670/1670/1562 1669/1669/1561
f 1649/1649/1542 1669/1669/1561 1648/1648/1541
f 1650/1650/1543 1671/1671/1563 1670/1670/1562
f 1650/1650/1543 1670/1670/1562 1649/1649/1542
f 1651/1651/1544 1672/1672/1564 1671/1671/1563
f 1651/1651/1544 1671/1671/1563 1650/1650/1543
f 1652/1652/1545 1673/1673/1565 1672/1672/1564
f 1652/1652/1545 1672/1672/1564 1651/1651/1544
f 1653/1653/1546 1674/1674/1566 1673/1673/1565
f 1653/1653/1546 1673/1673/1565 1652/1652/1545
f 1654/1654/1547 1675/1675/1567 1674/1674/1566
f 1654/1654/1547 1674/1674/1566 1653/1653/1546
f 1655/1655/1548 1676/1676/1568 1675/1675/1567
f 1655/1655/1548 1675/1675/1567 1654/1654/1547
f 1656/1656/1549 1677/1677/1569 1676/1676/1568
f 1656/1656/1549 1676/1676/1568 1655/1655/1548
f 1637/1637/1531 1658/1658/1551 1677/1677/1569
f 1637/1637/1531 1677/1677/1569 1656/1656/1549
f 1657/1657/1550 1678/1678/1570 1679/1679/1571
f 1657/1657/1550 1679/1679/1571 1658/1658/1551
f 1659/1659/1552 1680/1680/1572 1681/1681/1570
f 1659/1659/1552 1681/1681/1570 1660/1660/1550
f 1661/1661/1553 1682/1682/1573 1680/1680/1572
f 1661/1661/1553 1680/1680/1572 1659/1659/1552
f 1662/1662/1554 1683/1683/1574 1682/1682/1573
f 1662/1662/1554 1682/1682/1573 1661/1661/1553
f 1663/1663/1555 1684/1684/1575 1683/1683/1574
f 1663/1663/1555 1683/1683/1574 1662/1662/1554
f 1664/1664/1556 1685/1685/1576 1684/1684/1575
f 1664/1664/1556 1684/1684/1575 1663/1663/1555
f 1665/1665/1557 1686/1686/1577 1685/1685/1576
f 1665/1665/1557 1685/1685/1576 1664/1664/1556
f 1666/1666/1558 1687/1687/1578 1686/1686/1577
f 1666/1666/1558 1686/1686/1577 1665/1665/1557
f 1667/1667/1559 1688/1688/1579 1687/1687/1578
f 1667/1667/1559 1687/1687/1578 1666/1666/1558
f 1668/1668/1560 1689/1689/1580 1688/1688/1579
f 1668/1668/1560 1688/1688/1579 1667/1667/1559
f 1669/1669/1561 1690/1690/1581 1689/1689/1580
f 1669/1669/1561 1689/1689/1580 1668/1668/1560
f 1670/1670/1562 1691/1691/1582 1690/1690/1581
f 1670/1670/1562 1690/1690/1581 1669/1669/1561
f 1671/1671/1563 1692/1692/1583 1691/1691/1582
f 1671/1671/1563 1691/1691/1582 1670/1670/1562
f 1672/1672/1564 1693/1693/1584 1692/1692/1583
f 1672/1672/1564 1692/1692/1583 1671/1671/1563
f 1673/1673/1565 1694/1694/1585 1693/1693/1584
f 1673/1673/1565 1693/1693/1584 1672/1672/1564
f 1674/1674/1566 1695/1695/1586 1694/1694/1585
f 1674/1674/1566 1694/1694/1585 1673/1673/1565
f 1675/1675/1567 1696/1696/1587 1695/1695/1586
f 1675/1675/1567 1695/1695/1586 1674/1674/1566
f 1676/1676/1568 1697/1697/1588 1696/1696/1587
f 1676/1676/1568 1696/1696/1587 1675/1675/1567
f 1677/1677/1569 1698/1698/1589 1697/1697/1588
f 1677/1677/1569 1697/1697/1588 1676/1676/1568
f 1658/1658/1551 1679/1679/1571 1698/1698/1589
f 1658/1658/1551 1698/1698/1589 1677/1677/1569
f 1678/1678/1570 1699/1699/1590 1700/1700/1591
f 1678/1678/1570 1700/1700/1591 1679/1679/1571
f 1680/1680/1572 1701/1701/1592 1702/1702/1590
f 1680/1680/1572 1702/1702/1590 1681/1681/1570
f 1682/1682/1573 1703/1703/1593 1701/1701/1592
f 1682/1682/1573 1701/1701/1592 1680/1680/1572
f 1683/1683/1574 1704/1704/1594 1703/1703/1593
f 1683/1683/1574 1703/1703/1593 1682/1682/1573
f 1684/1684/1575 1705/1705/1595 1704/1704/1594
f 1684/1684/1575 1704/1704/1594 1683/1683/1574
f 1685/1685/1576 1706/1706/1596 1705/1705/1595
f 1685/1685/1576 1705/1705/1595 1684/1684/1575
f 1686/1686/1577 1707/1707/1597 1706/1706/1596
f 1686/1686/1577 1706/1706/1596 1685/1685/1576
f 1687/1687/1578 1708/1708/1598 1707/1707/1597
f 1687/1687/1578 1707/1707/1597 1686/1686/1577
f 1688/1688/1579 1709/1709/1599 1708/1708/1598
f 1688/1688/1579 1708/1708/1598 1687/1687/1578
f 1689/1689/1580 1710/1710/1600 1709/1709/1599
f 1689/1689/1580 1709/1709/1599 1688/1688/1579
f 1690/1690/1581 1711/1711/1601 1710/1710/1600
f 1690/1690/1581 1710/1710/1600 1689/1689/1580
f 1691/1691/1582 1712/1712/1602 1711/1711/1601
f 1691/1691/1582 1711/1711/1601 1690/1690/1581
f 1692/1692/1583 1713/1713/1603 1712/1712/1602
f 1692/1692/1583 1712/1712/1602 1691/1691/1582
f 1693/1693/1584 1714/1714/1604 1713/1713/1603
f 1693/1693/1584 1713/1713/1603 1692/1692/1583
f 1694/1694/1585 1715/1715/1605 1714/1714/1604
f 1694/1694/1585 1714/1714/1604 1693/1693/1584
f 1695/1695/1586 1716/1716/1606 1715/1715/1605
f 1695/1695/1586 1715/1715/1605 1694/1694/1585
f 1696/1696/1587 1717/1717/1607 1716/1716/1606
f 1696/1696/1587 1716/1716/1606 1695/1695/1586
f 1697/1697/1588 1718/1718/1608 1717/1717/1607
f 1697/1697/1588 1717/1717/1607 1696/1696/1587
f 1698/1698/1589 1719/1719/1609 1718/1718/1608
f 1698/1698/1589 1718/1718/1608 1697/1697/1588
f 1679/1679/1571 1700/1700/1591 1719/1719/1609
f 1679/1679/1571 1719/1719/1609 1698/1698/1589
f 1699/1699/1590 1720/1720/1610 1721/1721/1611
f 1699/1699/1590 1721/1721/1611 1700/1700/1591
f 1701/1701/1592 1722/1722/1612 1723/1723/1610
f 1701/1701/1592 1723/1723/1610 1702/1702/1590
f 1703/1703/1593 1724/1724/1613 1722/1722/1612
f 1703/1703/1593 1722/1722/1612 1701/1701/1592
f 1704/1704/1594 1725/1725/1614 1724/1724/1613
f 1704/1704/1594 1724/1724/1613 1703/1703/1593
f 1705/1705/1595 1726/1726/1615 1725/1725/1614
f 1705/1705/1595 1725/1725/1614 1704/1704/1594
f 1706/1706/1596 1727/1727/1616 1726/1726/1615
f 1706/1706/1596 1726/1726/1615 1705/1705/1595
f 1707/1707/1597 1728/1728/1617 1727/1727/1616
f 1707/1707/1597 1727/1727/1616 1706/1706/1596
f 1708/1708/1598 1729/1729/1618 1728/1728/1617
f 1708/1708/1598 1728/1728/1617 1707/1707/1597
f 1709/1709/1599 1730/1730/1619 1729/1729/1618
f 1709/1709/1599 1729/1729/1618 1708/1708/1598
f 1710/1710/1600 1731/1731/1620 1730/1730/1619
f 1710/1710/1600 1730/1730/1619 1709/1709/1599
f 1711/1711/1601 1732/1732/1621 1731/1731/1620
f 1711/1711/1601 1731/1731/1620 1710/1710/1600
f 1712/1712/1602 1733/1733/1622 1732/1732/1621
f 1712/1712/1602 1732/1732/1621 1711/1711/1601
f 1713/1713/1603 1734/1734/1623 1733/1733/1622
f 1713/1713/1603 1733/1733/1622 1712/1712/1602
f 1714/1714/1604 1735/1735/1624 1734/1734/1623
f 1714/1714/1604 1734/1734/1623 1713/1713/1603
f 1715/1715/1605 1736/1736/1625 1735/1735/1624
f 1715/1715/1605 1735/1735/1624 1714/1714/1604
f 1716/1716/1606 1737/1737/1626 1736/1736/1625
f 1716/1716/1606 1736/1736/1625 1715/1715/1605
f 1717/1717/1607 1738/1738/1627 1737/1737/1626
f 1717/1717/1607 1737/1737/1626 1716/1716/1606
f 1718/1718/1608 1739/1739/1628 1738/1738/1627
f 1718/1718/1608 1738/1738/1627 1717/1717/1607
f 1719/1719/1609 1740/1740/1629 1739/1739/1628
f 1719/1719/1609 1739/1739/1628 1718/1718/1608
f 1700/1700/1591 1721/1721/1611 1740/1740/1629
f 1700/1700/1591 1740/1740/1629 1719/1719/1609
f 1720/1720/1610 1741/1741/1630 1742/1742/1631
f 1720/1720/1610 1742/1742/1631 1721/1721/1611
f 1722/1722/1612 1743/1743/1632 1744/1744/1630
f 1722/1722/1612 1744/1744/1630 1723/1723/1610
f 1724/1724/1613 1745/1745/1633 1743/1743/1632
f 1724/1724/1613 1743/1743/1632 1722/1722/1612
f 1725/1725/1614 1746/1746/1634 1745/1745/1633
f 1725/1725/1614 1745/1745/1633 1724/1724/1613
f 1726/1726/1615 1747/1747/1635 1746/1746/1634
f 1726/1726/1615 1746/1746/1634 1725/1725/1614
f 1727/1727/1616 1748/1748/1636 1747/1747/1635
f 1727/1727/1616 1747/1747/1635 1726/1726/1615
f 1728/1728/1617 1749/1749/1637 1748/1748/1636
f 1728/1728/1617 1748/1748/1636 1727/1727/1616
f 1729/1729/1618 1750/1750/1638 1749/1749/1637
f 1729/1729/1618 1749/1749/1637 1728/1728/1617
f 1730/1730/1619 1751/1751/1639 1750/1750/1638
f 1730/1730/1619 1750/1750/1638 1729/1729/1618
f 1731/1731/1620 1752/1752/1640 1751/1751/1639
f 1731/1731/1620 1751/1751/1639 1730/1730/1619
f 1732/1732/1621 1753/1753/1641 1752/1752/1640
f 1732/1732/1621 1752/1752/1640 1731/1731/1620
f 1733/1733/1622 1754/1754/1642 1753/1753/1641
f 1733/1733/1622 1753/1753/1641 1732/1732/1621
f 1734/1734/1623 1755/1755/1643 1754/1754/1642
f 1734/1734/1623 1754/1754/1642 1733/1733/1622
f 1735/1735/1624 1756/1756/1644 1755/1755/1643
f 1735/1735/1624 1755/1755/1643 1734/1734/1623
f 1736/1736/1625 1757/1757/1645 1756/1756/1644
f 1736/1736/1625 1756/1756/1644 1735/1735/1624
f 1737/1737/1626 1758/1758/1646 1757/1757/1645
f 1737/1737/1626 1757/1757/1645 1736/1736/1625
f 1738/1738/1627 1759/1759/1647 1758/1758/1646
f 1738/1738/1627 1758/1758/1646 1737/1737/1626
f 1739/1739/1628 1760/1760/1648 1759/1759/1647
f 1739/1739/1628 1759/1759/1647 1738/1738/1627
f 1740/1740/1629 1761/1761/1649 1760/1760/1648
f 1740/1740/1629 1760/1760/1648 1739/1739/1628
f 1721/1721/1611 1742/1742/1631 1761/1761/1649
f 1721/1721/1611 1761/1761/1649 1740/1740/1629
f 1741/1741/1630 1762/1762/1650 1763/1763/1651
f 1741/1741/1630 1763/1763/1651 1742/1742/1631
f 1743/1743/1632 1764/1764/1652 1765/1765/1650
f 1743/1743/1632 1765/1765/1650 1744/1744/1630
f 1745/1745/1633 1766/1766/1653 1764/1764/1652
f 1745/1745/1633 1764/1764/1652 1743/1743/1632
f 1746/1746/1634 1767/1767/1654 1766/1766/1653
f 1746/1746/1634 1766/1766/1653 1745/1745/1633
f 1747/1747/1635 1768/1768/1655 1767/1767/1654
f 1747/1747/1635 1767/1767/1654 1746/1746/1634
f 1748/1748/1636 1769/1769/1656 1768/1768/1655
f 1748/1748/1636 1768/1768/1655 1747/1747/1635
f 1749/1749/1637 1770/1770/1657 1769/1769/1656
f 1749/1749/1637 1769/1769/1656 1748/1748/1636
f 1750/1750/1638 1771/1771/1658 1770/1770/1657
f 1750/1750/1638 1770/1770/1657 1749/1749/1637
f 1751/1751/1639 1772/1772/1659 1771/1771/1658
f 1751/1751/1639 1771/1771/1658 1750/1750/1638
f 1752/1752/1640 1773/1773/1660 1772/1772/1659
f 1752/1752/1640 1772/1772/1659 1751/1751/1639
f 1753/1753/1641 1774/1774/1661 1773/1773/1660
f 1753/1753/1641 1773/1773/1660 1752/1752/1640
f 1754/1754/1642 1775/1775/1662 1774/1774/1661
f 1754/1754/1642 1774/1774/1661 1753/1753/1641
f 1755/1755/1643 1776/1776/1663 1775/1775/1662
f 1755/1755/1643 1775/1775/1662 1754/1754/1642
f 1756/1756/1644 1777/1777/1664 1776/1776/1663
f 1756/1756/1644 1776/1776/1663 1755/1755/1643
f 1757/1757/1645 1778/1778/1665 1777/1777/1664
f 1757/1757/1645 1777/1777/1664 1756/1756/1644
f 1758/1758/1646 1779/1779/1666 1778/1778/1665
f 1758/1758/1646 1778/1778/1665 1757/1757/1645
f 1759/1759/1647 1780/1780/1667 1779/1779/1666
f 1759/1759/1647 1779/1779/1666 1758/1758/1646
f 1760/1760/1648 1781/1781/1668 1780/1780/1667
f 1760/1760/1648 1780/1780/1667 1759/1759/1647
f 1761/1761/1649 1782/1782/1669 1781/1781/1668
f 1761/1761/1649 1781/1781/1668 1760/1760/1648
f 1742/1742/1631 1763/1763/1651 1782/1782/1669
f 1742/1742/1631 1782/1782/1669 1761/1761/1649
f 1762/1762/1650 1783/1783/1670 1784/1784/1671
f 1762/1762/1650 1784/1784/1671 1763/1763/1651
f 1764/1764/1652 1785/1785/1672 1786/1786/1670
f 1764/1764/1652 1786/1786/1670 1765/1765/1650
f 1766/1766/1653 1787/1787/1673 1785/1785/1672
f 1766/1766/1653 1785/1785/1672 1764/1764/1652
f 1767/1767/1654 1788/1788/1674 1787/1787/1673
f 1767/1767/1654 1787/1787/1673 1766/1766/1653
f 1768/1768/1655 1789/1789/1675 1788/1788/1674
f 1768/1768/1655 1788/1788/1674 1767/1767/1654
f 1769/1769/1656 1790/1790/1676 1789/1789/1675
f 1769/1769/1656 1789/1789/1675 1768/1768/1655
f 1770/1770/1657 1791/1791/1677 1790/1790/1676
f 1770/1770/1657 1790/1790/1676 1769/1769/1656
f 1771/1771/1658 1792/1792/1678 1791/1791/1677
f 1771/1771/1658 1791/1791/1677 1770/1770/1657
f 1772/1772/1659 1793/1793/1679 1792/1792/1678
f 1772/1772/1659 1792/1792/1678 1771/1771/1658
f 1773/1773/1660 1794/1794/1680 1793/1793/1679
f 1773/1773/1660 1793/1793/1679 1772/1772/1659
f 1774/1774/1661 1795/1795/1681 1794/1794/1680
f 1774/1774/1661 1794/1794/1680 1773/1773/1660
f 1775/1775/1662 1796/1796/1682 1795/1795/1681
f 1775/1775/1662 1795/1795/1681 1774/1774/1661
f 1776/1776/1663 1797/1797/1683 1796/1796/1682
f 1776/1776/1663 1796/1796/1682 1775/1775/1662
f 1777/1777/1664 1798/1798/1684 1797/1797/1683
f 1777/1777/1664 1797/1797/1683 1776/1776/1663
f 1778/1778/1665 1799/1799/1685 1798/1798/1684
f 1778/1778/1665 1798/1798/1684 1777/1777/1664
f 1779/1779/1666 1800/1800/1686 1799/1799/1685
f 1779/1779/1666 1799/1799/1685 1778/1778/1665
f 1780/1780/1667 1801/1801/1687 1800/1800/1686
f 1780/1780/1667 1800/1800/1686 1779/1779/1666
f 1781/1781/1668 1802/1802/1688 1801/1801/1687
f 1781/1781/1668 1801/1801/1687 1780/1780/1667
f 1782/1782/1669 1803/1803/1689 1802/1802/1688
f 1782/1782/1669 1802/1802/1688 1781/1781/1668
f 1763/1763/1651 1784/1784/1671 1803/1803/1689
f 1763/1763/1651 1803/1803/1689 1782/1782/1669
f 1783/1783/1670 1804/1804/1690 1805/1805/1691
f 1783/1783/1670 1805/1805/1691 1784/1784/1671
f 1785/1785/1672 1806/1806/1692 1807/1807/1690
f 1785/1785/1672 1807/1807/1690 1786/1786/1670
f 1787/1787/1673 1808/1808/1693 1806/1806/1692
f 1787/1787/1673 1806/1806/1692 1785/1785/1672
f 1788/1788/1674 1809/1809/1694 1808/1808/1693
f 1788/1788/1674 1808/1808/1693 1787/1787/1673
f 1789/1789/1675 1810/1810/1695 1809/1809/1694
f 1789/1789/1675 1809/1809/1694 1788/1788/1674
f 1790/1790/1676 1811/1811/1696 1810/1810/1695
f 1790/1790/1676 1810/1810/1695 1789/1789/1675
f 1791/1791/1677 1812/1812/1697 1811/1811/1696
f 1791/1791/1677 1811/1811/1696 1790/1790/1676
f 1792/1792/1678 1813/1813/1698 1812/1812/1697
f 1792/1792/1678 1812/1812/1697 1791/1791/1677
f 1793/1793/1679 1814/1814/1699 1813/1813/1698
f 1793/1793/1679 1813/1813/1698 1792/1792/1678
f 1794/1794/1680 1815/1815/1700 1814/1814/1699
f 1794/1794/1680 1814/1814/1699 1793/1793/1679
f 1795/1795/1681 1816/1816/1701 1815/1815/1700
f 1795/1795/1681 1815/1815/1700 1794/1794/1680
f 1796/1796/1682 1817/1817/1702 1816/1816/1701
f 1796/1796/1682 1816/1816/1701 1795/1795/1681
f 1797/1797/1683 1818/1818/1703 1817/1817/1702
f 1797/1797/1683 1817/1817/1702 1796/1796/1682
f 1798/1798/1684 1819/1819/1704 1818/1818/1703
f 1798/1798/1684 1818/1818/1703 1797/1797/1683
f 1799/1799/1685 1820/1820/1705 1819/1819/1704
f 1799/1799/1685 1819/1819/1704 1798/1798/1684
f 1800/1800/1686 1821/1821/1706 1820/1820/1705
f 1800/1800/1686 1820/1820/1705 1799/1799/1685
f 1801/1801/1687 1822/1822/1707 1821/1821/1706
f 1801/1801/1687 1821/1821/1706 1800/1800/1686
f 1802/1802/1688 1823/1823/1708 1822/1822/1707
f 1802/1802/1688 1822/1822/1707 1801/1801/1687
f 1803/1803/1689 1824/1824/1709 1823/1823/1708
f 1803/1803/1689 1823/1823/1708 1802/1802/1688
f 1784/1784/1671 1805/1805/1691 1824/1824/1709
f 1784/1784/1671 1824/1824/1709 1803/1803/1689
f 1804/1804/1690 1825/1825/1710 1826/1826/1711
f 1804/1804/1690 1826/1826/1711 1805/1805/1691
f 1806/1806/1692 1827/1827/1712 1828/1828/1710
f 1806/1806/1692 1828/1828/1710 1807/1807/1690
f 1808/1808/1693 1829/1829/1713 1827/1827/1712
f 1808/1808/1693 1827/1827/1712 1806/1806/1692
f 1809/1809/1694 1830/1830/1714 1829/1829/1713
f 1809/1809/1694 1829/1829/1713 1808/1808/1693
f 1810/1810/1695 1831/1831/1715 1830/1830/1714
f 1810/1810/1695 1830/1830/1714 1809/1809/1694
f 1811/1811/1696 1832/1832/1716 1831/1831/1715
f 1811/1811/1696 1831/1831/1715 1810/1810/1695
f 1812/1812/1697 1833/1833/1717 1832/1832/1716
f 1812/1812/1697 1832/1832/1716 1811/1811/1696
f 1813/1813/1698 1834/1834/1718 1833/1833/1717
f 1813/1813/1698 1833/1833/1717 1812/1812/1697
f 1814/1814/1699 1835/1835/1719 1834/1834/1718
f 1814/1814/1699 1834/1834/1718 1813/1813/1698
f 1815/1815/1700 1836/1836/1720 1835/1835/1719
f 1815/1815/1700 1835/1835/1719 1814/1814/1699
f 1816/1816/1701 1837/1837/1721 1836/1836/1720
f 1816/1816/1701 1836/1836/1720 1815/1815/1700
f 1817/1817/1702 1838/1838/1722 1837/1837/1721
f 1817/1817/1702 1837/1837/1721 1816/1816/1701
f 1818/1818/1703 1839/1839/1723 1838/1838/1722
f 1818/1818/1703 1838/1838/1722 1817/1817/1702
f 1819/1819/1704 1840/1840/1724 1839/1839/1723
f 1819/1819/1704 1839/1839/1723 1818/1818/1703
f 1820/1820/1705 1841/1841/1725 1840/1840/1724
f 1820/1820/1705 1840/1840/1724 1819/1819/1704
f 1821/1821/1706 1842/1842/1726 1841/1841/1725
f 1821/1821/1706 1841/1841/1725 1820/1820/1705
f 1822/1822/1707 1843/1843/1727 1842/1842/1726
f 1822/1822/1707 1842/1842/1726 1821/1821/1706
f 1823/1823/1708 1844/1844/1728 1843/1843/1727
f 1823/1823/1708 1843/1843/1727 1822/1822/1707
f 1824/1824/1709 1845/1845/1729 1844/1844/1728
f 1824/1824/1709 1844/1844/1728 1823/1823/1708
f 1805/1805/1691 1826/1826/1711 1845/1845/1729
f 1805/1805/1691 1845/1845/1729 1824/1824/1709
f 1825/1825/1710 1846/1846/1730 1847/1847/1731
f 1825/1825/1710 1847/1847/1731 1826/1826/1711
f 1827/1827/1712 1848/1848/1732 1849/1849/1730
f 1827/1827/1712 1849/1849/1730 1828/1828/1710
f 1829/1829/1713 1850/1850/1733 1848/1848/1732
f 1829/1829/1713 1848/1848/1732 1827/1827/1712
f 1830/1830/1714 1851/1851/1734 1850/1850/1733
f 1830/1830/1714 1850/1850/1733 1829/1829/1713
f 1831/1831/1715 1852/1852/1735 1851/1851/1734
f 1831/1831/1715 1851/1851/1734 1830/1830/1714
f 1832/1832/1716 1853/1853/1736 1852/1852/1735
f 1832/1832/1716 1852/1852/1735 1831/1831/1715
f 1833/1833/1717 1854/1854/1737 1853/1853/1736
f 1833/1833/1717 1853/1853/1736 1832/1832/1716
f 1834/1834/1718 1855/1855/1738 1854/1854/1737
f 1834/1834/1718 1854/1854/1737 1833/1833/1717
f 1835/1835/1719 1856/1856/1739 1855/1855/1738
f 1835/1835/1719 1855/1855/1738 1834/1834/1718
f 1836/1836/1720 1857/1857/1740 1856/1856/1739
f 1836/1836/1720 1856/1856/1739 1835/1835/1719
f 1837/1837/1721 1858/1858/1741 1857/1857/1740
f 1837/1837/1721 1857/1857/1740 1836/1836/1720
f 1838/1838/1722 1859/1859/1742 1858/1858/1741
f 1838/1838/1722 1858/1858/1741 1837/1837/1721
f 1839/1839/1723 1860/1860/1743 1859/1859/1742
f 1839/1839/1723 1859/1859/1742 1838/1838/1722
f 1840/1840/1724 1861/1861/1744 1860/1860/1743
f 1840/1840/1724 1860/1860/1743 1839/1839/1723
f 1841/1841/1725 1862/1862/1745 1861/1861/1744
f 1841/1841/1725 1861/1861/1744 1840/1840/1724
f 1842/1842/1726 1863/1863/1746 1862/1862/1745
f 1842/1842/1726 1862/1862/1745 1841/1841/1725
f 1843/1843/1727 1864/1864/1747 1863/1863/1746
f 1843/1843/1727 1863/1863/1746 1842/1842/1726
f 1844/1844/1728 1865/1865/1748 1864/1864/1747
f 1844/1844/1728 1864/1864/1747 1843/1843/1727
f 1845/1845/1729 1866/1866/1749 1865/1865/1748
f 1845/1845/1729 1865/1865/1748 1844/1844/1728
f 1826/1826/1711 1847/1847/1731 1866/1866/1749
f 1826/1826/1711 1866/1866/1749 1845/1845/1729
f 1846/1846/1730 1867/1867/1750 1868/1868/1751
f 1846/1846/1730 1868/1868/1751 1847/1847/1731
f 1848/1848/1732 1869/1869/1752 1870/1870/1750
f 1848/1848/1732 1870/1870/1750 1849/1849/1730
f 1850/1850/1733 1871/1871/1753 1869/1869/1752
f 1850/1850/1733 1869/1869/1752 1848/1848/1732
f 1851/1851/1734 1872/1872/1754 1871/1871/1753
f 1851/1851/1734 1871/1871/1753 1850/1850/1733
f 1852/1852/1735 1873/1873/1755 1872/1872/1754
f 1852/1852/1735 1872/1872/1754 1851/1851/1734
f 1853/1853/1736 1874/1874/1756 1873/1873/1755
f 1853/1853/1736 1873/1873/1755 1852/1852/1735
f 1854/1854/1737 1875/1875/1757 1874/1874/1756
f 1854/1854/1737 1874/1874/1756 1853/1853/1736
f 1855/1855/1738 1876/1876/1758 1875/1875/1757
f 1855/1855/1738 1875/1875/1757 1854/1854/1737
f 1856/1856/1739 1877/1877/1759 1876/1876/1758
f 1856/1856/1739 1876/1876/1758 1855/1855/1738
f 1857/1857/1740 1878/1878/1760 1877/1877/1759
f 1857/1857/1740 1877/1877/1759 1856/1856/1739
f 1858/1858/1741 1879/1879/1761 1878/1878/1760
f 1858/1858/1741 1878/1878/1760 1857/1857/1740
f 1859/1859/1742 1880/1880/1762 1879/1879/1761
f 1859/1859/1742 1879/1879/1761 1858/1858/1741
f 1860/1860/1743 1881/1881/1763 1880/1880/1762
f 1860/1860/1743 1880/1880/1762 1859/1859/1742
f 1861/1861/1744 1882/1882/1764 1881/1881/1763
f 1861/1861/1744 1881/1881/1763 1860/1860/1743
f 1862/1862/1745 1883/1883/1765 1882/1882/1764
f 1862/1862/1745 1882/1882/1764 1861/1861/1744
f 1863/1863/1746 1884/1884/1766 1883/1883/1765
f 1863/1863/1746 1883/1883/1765 1862/1862/1745
f 1864/1864/1747 1885/1885/1767 1884/1884/1766
f 1864/1864/1747 1884/1884/1766 1863/1863/1746
f 1865/1865/1748 1886/1886/1768 1885/1885/1767
f 1865/1865/1748 1885/1885/1767 1864/1864/1747
f 1866/1866/1749 1887/1887/1769 1886/1886/1768
f 1866/1866/1749 1886/1886/1768 1865/1865/1748
f 1847/1847/1731 1868/1868/1751 1887/1887/1769
f 1847/1847/1731 1887/1887/1769 1866/1866/1749
f 1867/1867/1750 1888/1888/1770 1889/1889/1771
f 1867/1867/1750 1889/1889/1771 1868/1868/1751
f 1869/1869/1752 1890/1890/1772 1891/1891/1770
f 1869/1869/1752 1891/1891/1770 1870/1870/1750
f 1871/1871/1753 1892/1892/1773 1890/1890/1772
f 1871/1871/1753 1890/1890/1772 1869/1869/1752
f 1872/1872/1754 1893/1893/1774 1892/1892/1773
f 1872/1872/1754 1892/1892/1773 1871/1871/1753
f 1873/1873/1755 1894/1894/1775 1893/1893/1774
f 1873/1873/1755 1893/1893/1774 1872/1872/1754
f 1874/1874/1756 1895/1895/1776 1894/1894/1775
f 1874/1874/1756 1894/1894/1775 1873/1873/1755
f 1875/1875/1757 1896/1896/1777 1895/1895/1776
f 1875/1875/1757 1895/1895/1776 1874/1874/1756
f 1876/1876/1758 1897/1897/1778 1896/1896/1777
f 1876/1876/1758 1896/1896/1777 1875/1875/1757
f 1877/1877/1759 1898/1898/1779 1897/1897/1778
f 1877/1877/1759 1897/1897/1778 1876/1876/1758
f 1878/1878/1760 1899/1899/1780 1898/1898/1779
f 1878/1878/1760 1898/1898/1779 1877/1877/1759
f 1879/1879/1761 1900/1900/1781 1899/1899/1780
f 1879/1879/1761 1899/1899/1780 1878/1878/1760
f 1880/1880/1762 1901/1901/1782 1900/1900/1781
f 1880/1880/1762 1900/1900/1781 1879/1879/1761
f 1881/1881/1763 1902/1902/1783 1901/1901/1782
f 1881/1881/1763 1901/1901/1782 1880/1880/1762
f 1882/1882/1764 1903/1903/1784 1902/1902/1783
f 1882/1882/1764 1902/1902/1783 1881/1881/1763
f 1883/1883/1765 1904/1904/1785 1903/1903/1784
f 1883/1883/1765 1903/1903/1784 1882/1882/1764
f 1884/1884/1766 1905/1905/1786 1904/1904/1785
f 1884/1884/1766 1904/1904/1785 1883/1883/1765
f 1885/1885/1767 1906/1906/1787 1905/1905/1786
f 1885/1885/1767 1905/1905/1786 1884/1884/1766
f 1886/1886/1768 1907/1907/1788 1906/1906/1787
f 1886/1886/1768 1906/1906/1787 1885/1885/1767
f 1887/1887/1769 1908/1908/1789 1907/1907/1788
f 1887/1887/1769 1907/1907/1788 1886/1886/1768
f 1868/1868/1751 1889/1889/1771 1908/1908/1789
f 1868/1868/1751 1908/1908/1789 1887/1887/1769
f 1888/1888/1770 1909/1909/1790 1910/1910/1791
f 1888/1888/1770 1910/1910/1791 1889/1889/1771
f 1890/1890/1772 1911/1911/1792 1912/1912/1790
f 1890/1890/1772 1912/1912/1790 1891/1891/1770
f 1892/1892/1773 1913/1913/1793 1911/1911/1792
f 1892/1892/1773 1911/1911/1792 1890/1890/1772
f 1893/1893/1774 1914/1914/1794 1913/1913/1793
f 1893/1893/1774 1913/1913/1793 1892/1892/1773
f 1894/1894/1775 1915/1915/1795 1914/1914/1794
f 1894/1894/1775 1914/1914/1794 1893/1893/1774
f 1895/1895/1776 1916/1916/1796 1915/1915/1795
f 1895/1895/1776 1915/1915/1795 1894/1894/1775
f 1896/1896/1777 1917/1917/1797 1916/1916/1796
f 1896/1896/1777 1916/1916/1796 1895/1895/1776
f 1897/1897/1778 1918/1918/1798 1917/1917/1797
f 1897/1897/1778 1917/1917/1797 1896/1896/1777
f 1898/1898/1779 1919/1919/1799 1918/1918/1798
f 1898/1898/1779 1918/1918/1798 1897/1897/1778
f 1899/1899/1780 1920/1920/1800 1919/1919/1799
f 1899/1899/1780 1919/1919/1799 1898/1898/1779
f 1900/1900/1781 1921/1921/1801 1920/1920/1800
f 1900/1900/1781 1920/1920/1800 1899/1899/1780
f 1901/1901/1782 1922/1922/1802 1921/1921/1801
f 1901/1901/1782 1921/1921/1801 1900/1900/1781
f 1902/1902/1783 1923/1923/1803 1922/1922/1802
f 1902/1902/1783 1922/1922/1802 1901/1901/1782
f 1903/1903/1784 1924/1924/1804 1923/1923/1803
f 1903/1903/1784 1923/1923/1803 1902/1902/1783
f 1904/1904/1785 1925/1925/1805 1924/1924/1804
f 1904/1904/1785 1924/1924/1804 1903/1903/1784
f 1905/1905/1786 1926/1926/1806 1925/1925/1805
f 1905/1905/1786 1925/1925/1805 1904/1904/1785
f 1906/1906/1787 1927/1927/1807 1926/1926/1806
f 1906/1906/1787 1926/1926/1806 1905/1905/1786
f 1907/1907/1788 1928/1928/1808 1927/1927/1807
f 1907/1907/1788 1927/1927/1807 1906/1906/1787
f 1908/1908/1789 1929/1929/1809 1928/1928/1808
f 1908/1908/1789 1928/1928/1808 1907/1907/1788
f 1889/1889/1771 1910/1910/1791 1929/1929/1809
f 1889/1889/1771 1929/1929/1809 1908/1908/1789
f 1909/1909/1790 1930/1930/1810 1931/1931/1811
f 1909/1909/1790 1931/1931/1811 1910/1910/1791
f 1911/1911/1792 1932/1932/1812 1933/1933/1810
f 1911/1911/1792 1933/1933/1810 1912/1912/1790
f 1913/1913/1793 1934/1934/1813 1932/1932/1812
f 1913/1913/1793 1932/1932/1812 1911/1911/1792
f 1914/1914/1794 1935/1935/1814 1934/1934/1813
f 1914/1914/1794 1934/1934/1813 1913/1913/1793
f 1915/1915/1795 1936/1936/1815 1935/1935/1814
f 1915/1915/1795 1935/1935/1814 1914/1914/1794
f 1916/1916/1796 1937/1937/1816 1936/1936/1815
f 1916/1916/1796 1936/1936/1815 1915/1915/1795
f 1917/1917/1797 1938/1938/1817 1937/1937/1816
f 1917/1917/1797 1937/1937/1816 1916/1916/1796
f 1918/1918/1798 1939/1939/1818 1938/1938/1817
f 1918/1918/1798 1938/1938/1817 1917/1917/1797
f 1919/1919/1799 1940/1940/1819 1939/1939/1818
f 1919/1919/1799 1939/1939/1818 1918/1918/1798
f 1920/1920/1800 1941/1941/1820 1940/1940/1819
f 1920/1920/1800 1940/1940/1819 1919/1919/1799
f 1921/1921/1801 1942/1942/1821 1941/1941/1820
f 1921/1921/1801 1941/1941/1820 1920/1920/1800
f 1922/1922/1802 1943/1943/1822 1942/1942/1821
f 1922/1922/1802 1942/1942/1821 1921/1921/1801
f 1923/1923/1803 1944/1944/1823 1943/1943/1822
f 1923/1923/1803 1943/1943/1822 1922/1922/1802
f 1924/1924/1804 1945/1945/1824 1944/1944/1823
f 1924/1924/1804 1944/1944/1823 1923/1923/1803
f 1925/1925/1805 1946/1946/1825 1945/1945/1824
f 1925/1925/1805 1945/1945/1824 1924/1924/1804
f 1926/1926/1806 1947/1947/1826 1946/1946/1825
f 1926/1926/1806 1946/1946/1825 1925/1925/1805
f 1927/1927/1807 1948/1948/1827 1947/1947/1826
f 1927/1927/1807 1947/1947/1826 1926/1926/1806
f 1928/1928/1808 1949/1949/1828 1948/1948/1827
f 1928/1928/1808 1948/1948/1827 1927/1927/1807
f 1929/1929/1809 1950/1950/1829 1949/1949/1828
f 1929/1929/1809 1949/1949/1828 1928/1928/1808
f 1910/1910/1791 1931/1931/1811 1950/1950/1829
f 1910/1910/1791 1950/1950/1829 1929/1929/1809
f 1930/1930/1810 1951/1951/1830 1952/1952/1831
f 1930/1930/1810 1952/1952/1831 1931/1931/1811
f 1932/1932/1812 1953/1953/1832 1954/1954/1830
f 1932/1932/1812 1954/1954/1830 1933/1933/1810
f 1934/1934/1813 1955/1955/1833 1953/1953/1832
f 1934/1934/1813 1953/1953/1832 1932/1932/1812
f 1935/1935/1814 1956/1956/1834 1955/1955/1833
f 1935/1935/1814 1955/1955/1833 1934/1934/1813
f 1936/1936/1815 1957/1957/1835 1956/1956/1834
f 1936/1936/1815 1956/1956/1834 1935/1935/1814
f 1937/1937/1816 1958/1958/1836 1957/1957/1835
f 1937/1937/1816 1957/1957/1835 1936/1936/1815
f 1938/1938/1817 1959/1959/1837 1958/1958/1836
f 1938/1938/1817 1958/1958/1836 1937/1937/1816
f 1939/1939/1818 1960/1960/1838 1959/1959/1837
f 1939/1939/1818 1959/1959/1837 1938/1938/1817
f 1940/1940/1819 1961/1961/1839 1960/1960/1838
f 1940/1940/1819 1960/1960/1838 1939/1939/1818
f 1941/1941/1820 1962/1962/1840 1961/1961/1839
f 1941/1941/1820 1961/1961/1839 1940/1940/1819
f 1942/1942/1821 1963/1963/1841 1962/1962/1840
f 1942/1942/1821 1962/1962/1840 1941/1941/1820
f 1943/1943/1822 1964/1964/1842 1963/1963/1841
f 1943/1943/1822 1963/1963/1841 1942/1942/1821
f 1944/1944/1823 1965/1965/1843 1964/1964/1842
f 1944/1944/1823 1964/1964/1842 1943/1943/1822
f 1945/1945/1824 1966/1966/1844 1965/1965/1843
f 1945/1945/1824 1965/1965/1843 1944/1944/1823
f 1946/1946/1825 1967/1967/1845 1966/1966/1844
f 1946/1946/1825 1966/1966/1844 1945/1945/1824
f 1947/1947/1826 1968/1968/1846 1967/1967/1845
f 1947/1947/1826 1967/1967/1845 1946/1946/1825
f 1948/1948/1827 1969/1969/1847 1968/1968/1846
f 1948/1948/1827 1968/1968/1846 1947/1947/1826
f 1949/1949/1828 1970/1970/1848 1969/1969/1847
f 1949/1949/1828 1969/1969/1847 1948/1948/1827
f 1950/1950/1829 1971/1971/1849 1970/1970/1848
f 1950/1950/1829 1970/1970/1848 1949/1949/1828
f 1931/1931/1811 1952/1952/1831 1971/1971/1849
f 1931/1931/1811 1971/1971/1849 1950/1950/1829
f 1951/1951/1830 1972/1972/1850 1973/1973/1851
f 1951/1951/1830 1973/1973/1851 1952/1952/1831
f 1953/1953/1832 1974/1974/1852 1975/1975/1850
f 1953/1953/1832 1975/1975/1850 1954/1954/1830
f 1955/1955/1833 1976/1976/1853 1974/1974/1852
f 1955/1955/1833 1974/1974/1852 1953/1953/1832
f 1956/1956/1834 1977/1977/1854 1976/1976/1853
f 1956/1956/1834 1976/1976/1853 1955/1955/1833
f 1957/1957/1835 1978/1978/1855 1977/1977/1854
f 1957/1957/1835 1977/1977/1854 1956/1956/1834
f 1958/1958/1836 1979/1979/1856 1978/1978/1855
f 1958/1958/1836 1978/1978/1855 1957/1957/1835
f 1959/1959/1837 1980/1980/1857 1979/1979/1856
f 1959/1959/1837 1979/1979/1856 1958/1958/1836
f 1960/1960/1838 1981/1981/1858 1980/1980/1857
f 1960/1960/1838 1980/1980/1857 1959/1959/1837
f 1961/1961/1839 1982/1982/1859 1981/1981/1858
f 1961/1961/1839 1981/1981/1858 1960/1960/1838
f 1962/1962/1840 1983/1983/1860 1982/1982/1859
f 1962/1962/1840 1982/1982/1859 1961/1961/1839
f 1963/1963/1841 1984/1984/1861 1983/1983/1860
f 1963/1963/1841 1983/1983/1860 1962/1962/1840
f 1964/1964/1842 1985/1985/1862 1984/1984/1861
f 1964/1964/1842 1984/1984/1861 1963/1963/1841
f 1965/1965/1843 1986/1986/1863 1985/1985/1862
f 1965/1965/1843 1985/1985/1862 1964/1964/1842
f 1966/1966/1844 1987/1987/1864 1986/1986/1863
f 1966/1966/1844 1986/1986/1863 1965/1965/1843
f 1967/1967/1845 1988/1988/1865 1987/1987/1864
f 1967/1967/1845 1987/1987/1864 1966/1966/1844
f 1968/1968/1846 1989/1989/1866 1988/1988/1865
f 1968/1968/1846 1988/1988/1865 1967/1967/1845
f 1969/1969/1847 1990/1990/1867 1989/1989/1866
f 1969/1969/1847 1989/1989/1866 1968/1968/1846
f 1970/1970/1848 1991/1991/1868 1990/1990/1867
f 1970/1970/1848 1990/1990/1867 1969/1969/1847
f 1971/1971/1849 1992/1992/1869 1991/1991/1868
f 1971/1971/1849 1991/1991/1868 1970/1970/1848
f 1952/1952/1831 1973/1973/1851 1992/1992/1869
f 1952/1952/1831 1992/1992/1869 1971/1971/1849
f 1972/1972/1850 1993/1993/1870 1994/1994/1871
f 1972/1972/1850 1994/1994/1871 1973/1973/1851
f 1974/1974/1852 1995/1995/1872 1996/1996/1870
f 1974/1974/1852 1996/1996/1870 1975/1975/1850
f 1976/1976/1853 1997/1997/1873 1995/1995/1872
f 1976/1976/1853 1995/1995/1872 1974/1974/1852
f 1977/1977/1854 1998/1998/1874 1997/1997/1873
f 1977/1977/1854 1997/1997/1873 1976/1976/1853
f 1978/1978/1855 1999/1999/1875 1998/1998/1874
f 1978/1978/1855 1998/1998/1874 1977/1977/1854
f 1979/1979/1856 2000/2000/1876 1999/1999/1875
f 1979/1979/1856 1999/1999/1875 1978/1978/1855
f 1980/1980/1857 2001/2001/1877 2000/2000/1876
f 1980/1980/1857 2000/2000/1876 1979/1979/1856
f 1981/1981/1858 2002/2002/1878 2001/2001/1877
f 1981/1981/1858 2001/2001/1877 1980/1980/1857
f 1982/1982/1859 2003/2003/1879 2002/2002/1878
f 1982/1982/1859 2002/2002/1878 1981/1981/1858
f 1983/1983/1860 2004/2004/1880 2003/2003/1879
f 1983/1983/1860 2003/2003/1879 1982/1982/1859
f 1984/1984/1861 2005/2005/1881 2004/2004/1880
f 1984/1984/1861 2004/2004/1880 1983/1983/1860
f 1985/1985/1862 2006/2006/1882 2005/2005/1881
f 1985/1985/1862 2005/2005/1881 1984/1984/1861
f 1986/1986/1863 2007/2007/1883 2006/2006/1882
f 1986/1986/1863 2006/2006/1882 1985/1985/1862
f 1987/1987/1864 2008/2008/1884 2007/2007/1883
f 1987/1987/1864 2007/2007/1883 1986/1986/1863
f 1988/1988/1865 2009/2009/1885 2008/2008/1884
f 1988/1988/1865 2008/2008/1884 1987/1987/1864
f 1989/1989/1866 2010/2010/1886 2009/2009/1885
f 1989/1989/1866 2009/2009/1885 1988/1988/1865
f 1990/1990/1867 2011/2011/1887 2010/2010/1886
f 1990/1990/1867 2010/2010/1886 1989/1989/1866
f 1991/1991/1868 2012/2012/1888 2011/2011/1887
f 1991/1991/1868 2011/2011/1887 1990/1990/1867
f 1992/1992/1869 2013/2013/1889 2012/2012/1888
f 1992/1992/1869 2012/2012/1888 1991/1991/1868
f 1973/1973/1851 1994/1994/1871 2013/2013/1889
f 1973/1973/1851 2013/2013/1889 1992/1992/1869
f 1993/1993/1870 2014/2014/1890 2015/2015/1891
f 1993/1993/1870 2015/2015/1891 1994/1994/1871
f 1995/1995/1872 2016/2016/1892 2017/2017/1890
f 1995/1995/1872 2017/2017/1890 1996/1996/1870
f 1997/1997/1873 2018/2018/1893 2016/2016/1892
f 1997/1997/1873 2016/2016/1892 1995/1995/1872
f 1998/1998/1874 2019/2019/1894 2018/2018/1893
f 1998/1998/1874 2018/2018/1893 1997/1997/1873
f 1999/1999/1875 2020/2020/1895 2019/2019/1894
f 1999/1999/1875 2019/2019/1894 1998/1998/1874
f 2000/2000/1876 2021/2021/1896 2020/2020/1895
f 2000/2000/1876 2020/2020/1895 1999/1999/1875
f 2001/2001/1877 2022/2022/1897 2021/2021/1896
f 2001/2001/1877 2021/2021/1896 2000/2000/1876
f 2002/2002/1878 2023/2023/1898 2022/2022/1897
f 2002/2002/1878 2022/2022/1897 2001/2001/1877
f 2003/2003/1879 2024/2024/1899 2023/2023/1898
f 2003/2003/1879 2023/2023/1898 2002/2002/1878
f 2004/2004/1880 2025/2025/1900 2024/2024/1899
f 2004/2004/1880 2024/2024/1899 2003/2003/1879
f 2005/2005/1881 2026/2026/1901 2025/2025/1900
f 2005/2005/1881 2025/2025/1900 2004/2004/1880
f 2006/2006/1882 2027/2027/1902 2026/2026/1901
f 2006/2006/1882 2026/2026/1901 2005/2005/1881
f 2007/2007/1883 2028/2028/1903 2027/2027/1902
f 2007/2007/1883 2027/2027/1902 2006/2006/1882
f 2008/2008/1884 2029/2029/1904 2028/2028/1903
f 2008/2008/1884 2028/2028/1903 2007/2007/1883
f 2009/2009/1885 2030/2030/1905 2029/2029/1904
f 2009/2009/1885 2029/2029/1904 2008/2008/1884
f 2010/2010/1886 2031/2031/1906 2030/2030/1905
f 2010/2010/1886 2030/2030/1905 2009/2009/1885
f 2011/2011/1887 2032/2032/1907 2031/2031/1906
f 2011/2011/1887 2031/2031/1906 2010/2010/1886
f 2012/2012/1888 2033/2033/1908 2032/2032/1907
f 2012/2012/1888 2032/2032/1907 2011/2011/1887
f 2013/2013/1889 2034/2034/1909 2033/2033/1908
f 2013/2013/1889 2033/2033/1908 2012/2012/1888
f 1994/1994/1871 2015/2015/1891 2034/2034/1909
f 1994/1994/1871 2034/2034/1909 2013/2013/1889
f 2014/2014/1890 2035/2035/1910 2036/2036/1911
f 2014/2014/1890 2036/2036/1911 2015/2015/1891
f 2016/2016/1892 2037/2037/1912 2038/2038/1910
f 2016/2016/1892 2038/2038/1910 2017/2017/1890
f 2018/2018/1893 2039/2039/1913 2037/2037/1912
f 2018/2018/1893 2037/2037/1912 2016/2016/1892
f 2019/2019/1894 2040/2040/1914 2039/2039/1913
f 2019/2019/1894 2039/2039/1913 2018/2018/1893
f 2020/2020/1895 2041/2041/1915 2040/2040/1914
f 2020/2020/1895 2040/2040/1914 2019/2019/1894
f 2021/2021/1896 2042/2042/1916 2041/2041/1915
f 2021/2021/1896 2041/2041/1915 2020/2020/1895
f 2022/2022/1897 2043/2043/1917 2042/2042/1916
f 2022/2022/1897 2042/2042/1916 2021/2021/1896
f 2023/2023/1898 2044/2044/1918 2043/2043/1917
f 2023/2023/1898 2043/2043/1917 2022/2022/1897
f 2024/2024/1899 2045/2045/1919 2044/2044/1918
f 2024/2024/1899 2044/2044/1918 2023/2023/1898
f 2025/2025/1900 2046/2046/1920 2045/2045/1919
f 2025/2025/1900 2045/2045/1919 2024/2024/1899
f 2026/2026/1901 2047/2047/1921 2046/2046/1920
f 2026/2026/1901 2046/2046/1920 2025/2025/1900
f 2027/2027/1902 2048/2048/1922 2047/2047/1921
f 2027/2027/1902 2047/2047/1921 2026/2026/1901
f 2028/2028/1903 2049/2049/1923 2048/2048/1922
f 2028/2028/1903 2048/2048/1922 2027/2027/1902
f 2029/2029/1904 2050/2050/1924 2049/2049/1923
f 2029/2029/1904 2049/2049/1923 2028/2028/1903
f 2030/2030/1905 2051/2051/1925 2050/2050/1924
f 2030/2030/1905 2050/2050/1924 2029/2029/1904
f 2031/2031/1906 2052/2052/1926 2051/2051/1925
f 2031/2031/1906 2051/2051/1925 2030/2030/1905
f 2032/2032/1907 2053/2053/1927 2052/2052/1926
f 2032/2032/1907 2052/2052/1926 2031/2031/1906
f 2033/2033/1908 2054/2054/1928 2053/2053/1927
f 2033/2033/1908 2053/2053/1927 2032/2032/1907
f 2034/2034/1909 2055/2055/1929 2054/2054/1928
f 2034/2034/1909 2054/2054/1928 2033/2033/1908
f 2015/2015/1891 2036/2036/1911 2055/2055/1929
f 2015/2015/1891 2055/2055/1929 2034/2034/1909
f 2035/2035/1910 2056/2056/1930 2057/2057/1931
f 2035/2035/1910 2057/2057/1931 2036/2036/1911
f 2037/2037/1912 2058/2058/1932 2059/2059/1930
f 2037/2037/1912 2059/2059/1930 2038/2038/1910
f 2039/2039/1913 2060/2060/1933 2058/2058/1932
f 2039/2039/1913 2058/2058/1932 2037/2037/1912
f 2040/2040/1914 2061/2061/1934 2060/2060/1933
f 2040/2040/1914 2060/2060/1933 2039/2039/1913
f 2041/2041/1915 2062/2062/1935 2061/2061/1934
f 2041/2041/1915 2061/2061/1934 2040/2040/1914
f 2042/2042/1916 2063/2063/1936 2062/2062/1935
f 2042/2042/1916 2062/2062/1935 2041/2041/1915
f 2043/2043/1917 2064/2064/1937 2063/2063/1936
f 2043/2043/1917 2063/2063/1936 2042/2042/1916
f 2044/2044/1918 2065/2065/1938 2064/2064/1937
f 2044/2044/1918 2064/2064/1937 2043/2043/1917
f 2045/2045/1919 2066/2066/1939 2065/2065/1938
f 2045/2045/1919 2065/2065/1938 2044/2044/1918
f 2046/2046/1920 2067/2067/1940 2066/2066/1939
f 2046/2046/1920 2066/2066/1939 2045/2045/1919
f 2047/2047/1921 2068/2068/1941 2067/2067/1940
f 2047/2047/1921 2067/2067/1940 2046/2046/1920
f 2048/2048/1922 2069/2069/1942 2068/2068/1941
f 2048/2048/1922 2068/2068/1941 2047/2047/1921
f 2049/2049/1923 2070/2070/1943 2069/2069/1942
f 2049/2049/1923 2069/2069/1942 2048/2048/1922
f 2050/2050/1924 2071/2071/1944 2070/2070/1943
f 2050/2050/1924 2070/2070/1943 2049/2049/1923
f 2051/2051/1925 2072/2072/1945 2071/2071/1944
f 2051/2051/1925 2071/2071/1944 2050/2050/1924
f 2052/2052/1926 2073/2073/1946 2072/2072/1945
f 2052/2052/1926 2072/2072/1945 2051/2051/1925
f 2053/2053/1927 2074/2074/1947 2073/2073/1946
f 2053/2053/1927 2073/2073/1946 2052/2052/1926
f 2054/2054/1928 2075/2075/1948 2074/2074/1947
f 2054/2054/1928 2074/2074/1947 2053/2053/1927
f 2055/2055/1929 2076/2076/1949 2075/2075/1948
f 2055/2055/1929 2075/2075/1948 2054/2054/1928
f 2036/2036/1911 2057/2057/1931 2076/2076/1949
f 2036/2036/1911 2076/2076/1949 2055/2055/1929
f 2056/2056/1930 2077/2077/1950 2078/2078/1951
f 2056/2056/1930 2078/2078/1951 2057/2057/1931
f 2058/2058/1932 2079/2079/1952 2080/2080/1950
f 2058/2058/1932 2080/2080/1950 2059/2059/1930
f 2060/2060/1933 2081/2081/1953 2079/2079/1952
f 2060/2060/1933 2079/2079/1952 2058/2058/1932
f 2061/2061/1934 2082/2082/1954 2081/2081/1953
f 2061/2061/1934 2081/2081/1953 2060/2060/1933
f 2062/2062/1935 2083/2083/1955 2082/2082/1954
f 2062/2062/1935 2082/2082/1954 2061/2061/1934
f 2063/2063/1936 2084/2084/1956 2083/2083/1955
f 2063/2063/1936 2083/2083/1955 2062/2062/1935
f 2064/2064/1937 2085/2085/1957 2084/2084/1956
f 2064/2064/1937 2084/2084/1956 2063/2063/1936
f 2065/2065/1938 2086/2086/1958 2085/2085/1957
f 2065/2065/1938 2085/2085/1957 2064/2064/1937
f 2066/2066/1939 2087/2087/1959 2086/2086/1958
f 2066/2066/1939 2086/2086/1958 2065/2065/1938
f 2067/2067/1940 2088/2088/1960 2087/2087/1959
f 2067/2067/1940 2087/2087/1959 2066/2066/1939
f 2068/2068/1941 2089/2089/1961 2088/2088/1960
f 2068/2068/1941 2088/2088/1960 2067/2067/1940
f 2069/2069/1942 2090/2090/1962 2089/2089/1961
f 2069/2069/1942 2089/2089/1961 2068/2068/1941
f 2070/2070/1943 2091/2091/1963 2090/2090/1962
f 2070/2070/1943 2090/2090/1962 2069/2069/1942
f 2071/2071/1944 2092/2092/1964 2091/2091/1963
f 2071/2071/1944 2091/2091/1963 2070/2070/1943
f 2072/2072/1945 2093/2093/1965 2092/2092/1964
f 2072/2072/1945 2092/2092/1964 2071/2071/1944
f 2073/2073/1946 2094/2094/1966 2093/2093/1965
f 2073/2073/1946 2093/2093/1965 2072/2072/1945
f 2074/2074/1947 2095/2095/1967 2094/2094/1966
f 2074/2074/1947 2094/2094/1966 2073/2073/1946
f 2075/2075/1948 2096/2096/1968 2095/2095/1967
f 2075/2075/1948 2095/2095/1967 2074/2074/1947
f 2076/2076/1949 2097/2097/1969 2096/2096/1968
f 2076/2076/1949 2096/2096/1968 2075/2075/1948
f 2057/2057/1931 2078/2078/1951 2097/2097/1969
f 2057/2057/1931 2097/2097/1969 2076/2076/1949
f 2077/2077/1950 2098/2098/1970 2099/2099/1971
f 2077/2077/1950 2099/2099/1971 2078/2078/1951
f 2079/2079/1952 2100/2100/1972 2101/2101/1970
f 2079/2079/1952 2101/2101/1970 2080/2080/1950
f 2081/2081/1953 2102/2102/1973 2100/2100/1972
f 2081/2081/1953 2100/2100/1972 2079/2079/1952
f 2082/2082/1954 2103/2103/1974 2102/2102/1973
f 2082/2082/1954 2102/2102/1973 2081/2081/1953
f 2083/2083/1955 2104/2104/1975 2103/2103/1974
f 2083/2083/1955 2103/2103/1974 2082/2082/1954
f 2084/2084/1956 2105/2105/1976 2104/2104/1975
f 2084/2084/1956 2104/2104/1975 2083/2083/1955
f 2085/2085/1957 2106/2106/1977 2105/2105/1976
f 2085/2085/1957 2105/2105/1976 2084/2084/1956
f 2086/2086/1958 2107/2107/1978 2106/2106/1977
f 2086/2086/1958 2106/2106/1977 2085/2085/1957
f 2087/2087/1959 2108/2108/1979 2107/2107/1978
f 2087/2087/1959 2107/2107/1978 2086/2086/1958
f 2088/2088/1960 2109/2109/1980 2108/2108/1979
f 2088/2088/1960 2108/2108/1979 2087/2087/1959
f 2089/2089/1961 2110/2110/1981 2109/2109/1980
f 2089/2089/1961 2109/2109/1980 2088/2088/1960
f 2090/2090/1962 2111/2111/1982 2110/2110/1981
f 2090/2090/1962 2110/2110/1981 2089/2089/1961
f 2091/2091/1963 2112/2112/1983 2111/2111/1982
f 2091/2091/1963 2111/2111/1982 2090/2090/1962
f 2092/2092/1964 2113/2113/1984 2112/2112/1983
f 2092/2092/1964 2112/2112/1983 2091/2091/1963
f 2093/2093/1965 2114/2114/1985 2113/2113/1984
f 2093/2093/1965 2113/2113/1984 2092/2092/1964
f 2094/2094/1966 2115/2115/1986 2114/2114/1985
f 2094/2094/1966 2114/2114/1985 2093/2093/1965
f 2095/2095/1967 2116/2116/1987 2115/2115/1986
f 2095/2095/1967 2115/2115/1986 2094/2094/1966
f 2096/2096/1968 2117/2117/1988 2116/2116/1987
f 2096/2096/1968 2116/2116/1987 2095/2095/1967
f 2097/2097/1969 2118/2118/1989 2117/2117/1988
f 2097/2097/1969 2117/2117/1988 2096/2096/1968
f 2078/2078/1951 2099/2099/1971 2118/2118/1989
f 2078/2078/1951 2118/2118/1989 2097/2097/1969
f 2098/2098/1970 2119/2119/1990 2120/2120/1991
f 2098/2098/1970 2120/2120/1991 2099/2099/1971
f 2100/2100/1972 2121/2121/1992 2122/2122/1990
f 2100/2100/1972 2122/2122/1990 2101/2101/1970
f 2102/2102/1973 2123/2123/1993 2121/2121/1992
f 2102/2102/1973 2121/2121/1992 2100/2100/1972
f 2103/2103/1974 2124/2124/1994 2123/2123/1993
f 2103/2103/1974 2123/2123/1993 2102/2102/1973
f 2104/2104/1975 2125/2125/1995 2124/2124/1994
f 2104/2104/1975 2124/2124/1994 2103/2103/1974
f 2105/2105/1976 2126/2126/1996 2125/2125/1995
f 2105/2105/1976 2125/2125/1995 2104/2104/1975
f 2106/2106/1977 2127/2127/1997 2126/2126/1996
f 2106/2106/1977 2126/2126/1996 2105/2105/1976
f 2107/2107/1978 2128/2128/1998 2127/2127/1997
f 2107/2107/1978 2127/2127/1997 2106/2106/1977
f 2108/2108/1979 2129/2129/1999 2128/2128/1998
f 2108/2108/1979 2128/2128/1998 2107/2107/1978
f 2109/2109/1980 2130/2130/2000 2129/2129/1999
f 2109/2109/1980 2129/2129/1999 2108/2108/1979
f 2110/2110/1981 2131/2131/2001 2130/2130/2000
f 2110/2110/1981 2130/2130/2000 2109/2109/1980
f 2111/2111/1982 2132/2132/2002 2131/2131/2001
f 2111/2111/1982 2131/2131/2001 2110/2110/1981
f 2112/2112/1983 2133/2133/2003 2132/2132/2002
f 2112/2112/1983 2132/2132/2002 2111/2111/1982
f 2113/2113/1984 2134/2134/2004 2133/2133/2003
f 2113/2113/1984 2133/2133/2003 2112/2112/1983
f 2114/2114/1985 2135/2135/2005 2134/2134/2004
f 2114/2114/1985 2134/2134/2004 2113/2113/1984
f 2115/2115/1986 2136/2136/2006 2135/2135/2005
f 2115/2115/1986 2135/2135/2005 2114/2114/1985
f 2116/2116/1987 2137/2137/2007 2136/2136/2006
f 2116/2116/1987 2136/2136/2006 2115/2115/1986
f 2117/2117/1988 2138/2138/2008 2137/2137/2007
f 2117/2117/1988 2137/2137/2007 2116/2116/1987
f 2118/2118/1989 2139/2139/2009 2138/2138/2008
f 2118/2118/1989 2138/2138/2008 2117/2117/1988
f 2099/2099/1971 2120/2120/1991 2139/2139/2009
f 2099/2099/1971 2139/2139/2009 2118/2118/1989
f 2119/2119/1990 2140/2140/2010 2141/2141/2011
f 2119/2119/1990 2141/2141/2011 2120/2120/1991
f 2121/2121/1992 2142/2142/2012 2143/2143/2010
f 2121/2121/1992 2143/2143/2010 2122/2122/1990
f 2123/2123/1993 2144/2144/2013 2142/2142/2012
f 2123/2123/1993 2142/2142/2012 2121/2121/1992
f 2124/2124/1994 2145/2145/2014 2144/2144/2013
f 2124/2124/1994 2144/2144/2013 2123/2123/1993
f 2125/2125/1995 2146/2146/2015 2145/2145/2014
f 2125/2125/1995 2145/2145/2014 2124/2124/1994
f 2126/2126/1996 2147/2147/2016 2146/2146/2015
f 2126/2126/1996 2146/2146/2015 2125/2125/1995
f 2127/2127/1997 2148/2148/2017 2147/2147/2016
f 2127/2127/1997 2147/2147/2016 2126/2126/1996
f 2128/2128/1998 2149/2149/2018 2148/2148/2017
f 2128/2128/1998 2148/2148/2017 2127/2127/1997
f 2129/2129/1999 2150/2150/2019 2149/2149/2018
f 2129/2129/1999 2149/2149/2018 2128/2128/1998
f 2130/2130/2000 2151/2151/2020 2150/2150/2019
f 2130/2130/2000 2150/2150/2019 2129/2129/1999
f 2131/2131/2001 2152/2152/2021 2151/2151/2020
f 2131/2131/2001 2151/2151/2020 2130/2130/2000
f 2132/2132/2002 2153/2153/2022 2152/2152/2021
f 2132/2132/2002 2152/2152/2021 2131/2131/2001
f 2133/2133/2003 2154/2154/2023 2153/2153/2022
f 2133/2133/2003 2153/2153/2022 2132/2132/2002
f 2134/2134/2004 2155/2155/2024 2154/2154/2023
f 2134/2134/2004 2154/2154/2023 2133/2133/2003
f 2135/2135/2005 2156/2156/2025 2155/2155/2024
f 2135/2135/2005 2155/2155/2024 2134/2134/2004
f 2136/2136/2006 2157/2157/2026 2156/2156/2025
f 2136/2136/2006 2156/2156/2025 2135/2135/2005
f 2137/2137/2007 2158/2158/2027 2157/2157/2026
f 2137/2137/2007 2157/2157/2026 2136/2136/2006
f 2138/2138/2008 2159/2159/2028 2158/2158/2027
f 2138/2138/2008 2158/2158/2027 2137/2137/2007
f 2139/2139/2009 2160/2160/2029 2159/2159/2028
f 2139/2139/2009 2159/2159/2028 2138/2138/2008
f 2120/2120/1991 2141/2141/2011 2160/2160/2029
f 2120/2120/1991 2160/2160/2029 2139/2139/2009
f 2140/2140/2010 2161/2161/2030 2162/2162/2031
f 2140/2140/2010 2162/2162/2031 2141/2141/2011
f 2142/2142/2012 2163/2163/2032 2164/2164/2030
f 2142/2142/2012 2164/2164/2030 2143/2143/2010
f 2144/2144/2013 2165/2165/2033 2163/2163/2032
f 2144/2144/2013 2163/2163/2032 2142/2142/2012
f 2145/2145/2014 2166/2166/2034 2165/2165/2033
f 2145/2145/2014 2165/2165/2033 2144/2144/2013
f 2146/2146/2015 2167/2167/2035 2166/2166/2034
f 2146/2146/2015 2166/2166/2034 2145/2145/2014
f 2147/2147/2016 2168/2168/2036 2167/2167/2035
f 2147/2147/2016 2167/2167/2035 2146/2146/2015
f 2148/2148/2017 2169/2169/2037 2168/2168/2036
f 2148/2148/2017 2168/2168/2036 2147/2147/2016
f 2149/2149/2018 2170/2170/2038 2169/2169/2037
f 2149/2149/2018 2169/2169/2037 2148/2148/2017
f 2150/2150/2019 2171/2171/2039 2170/2170/2038
f 2150/2150/2019 2170/2170/2038 2149/2149/2018
f 2151/2151/2020 2172/2172/2040 2171/2171/2039
f 2151/2151/2020 2171/2171/2039 2150/2150/2019
f 2152/2152/2021 2173/2173/2041 2172/2172/2040
f 2152/2152/2021 2172/2172/2040 2151/2151/2020
f 2153/2153/2022 2174/2174/2042 2173/2173/2041
f 2153/2153/2022 2173/2173/2041 2152/2152/2021
f 2154/2154/2023 2175/2175/2043 2174/2174/2042
f 2154/2154/2023 2174/2174/2042 2153/2153/2022
f 2155/2155/2024 2176/2176/2044 2175/2175/2043
f 2155/2155/2024 2175/2175/2043 2154/2154/2023
f 2156/2156/2025 2177/2177/2045 2176/2176/2044
f 2156/2156/2025 2176/2176/2044 2155/2155/2024
f 2157/2157/2026 2178/2178/2046 2177/2177/2045
f 2157/2157/2026 2177/2177/2045 2156/2156/2025
f 2158/2158/2027 2179/2179/2047 2178/2178/2046
f 2158/2158/2027 2178/2178/2046 2157/2157/2026
f 2159/2159/2028 2180/2180/2048 2179/2179/2047
f 2159/2159/2028 2179/2179/2047 2158/2158/2027
f 2160/2160/2029 2181/2181/2049 2180/2180/2048
f 2160/2160/2029 2180/2180/2048 2159/2159/2028
f 2141/2141/2011 2162/2162/2031 2181/2181/2049
f 2141/2141/2011 2181/2181/2049 2160/2160/2029
f 2161/2161/2030 2182/2182/2050 2183/2183/2051
f 2161/2161/2030 2183/2183/2051 2162/2162/2031
f 2163/2163/2032 2184/2184/2052 2185/2185/2050
f 2163/2163/2032 2185/2185/2050 2164/2164/2030
f 2165/2165/2033 2186/2186/2053 2184/2184/2052
f 2165/2165/2033 2184/2184/2052 2163/2163/2032
f 2166/2166/2034 2187/2187/2054 2186/2186/2053
f 2166/2166/2034 2186/2186/2053 2165/2165/2033
f 2167/2167/2035 2188/2188/2055 2187/2187/2054
f 2167/2167/2035 2187/2187/2054 2166/2166/2034
f 2168/2168/2036 2189/2189/2056 2188/2188/2055
f 2168/2168/2036 2188/2188/2055 2167/2167/2035
f 2169/2169/2037 2190/2190/2057 2189/2189/2056
f 2169/2169/2037 2189/2189/2056 2168/2168/2036
f 2170/2170/2038 2191/2191/2058 2190/2190/2057
f 2170/2170/2038 2190/2190/2057 2169/2169/2037
f 2171/2171/2039 2192/2192/2059 2191/2191/2058
f 2171/2171/2039 2191/2191/2058 2170/2170/2038
f 2172/2172/2040 2193/2193/2060 2192/2192/2059
f 2172/2172/2040 2192/2192/2059 2171/2171/2039
f 2173/2173/2041 2194/2194/2061 2193/2193/2060
f 2173/2173/2041 2193/2193/2060 2172/2172/2040
f 2174/2174/2042 2195/2195/2062 2194/2194/2061
f 2174/2174/2042 2194/2194/2061 2173/2173/2041
f 2175/2175/2043 2196/2196/2063 2195/2195/2062
f 2175/2175/2043 2195/2195/2062 2174/2174/2042
f 2176/2176/2044 2197/2197/2064 2196/2196/2063
f 2176/2176/2044 2196/2196/2063 2175/2175/2043
f 2177/2177/2045 2198/2198/2065 2197/2197/2064
f 2177/2177/2045 2197/2197/2064 2176/2176/2044
f 2178/2178/2046 2199/2199/2066 2198/2198/2065
f 2178/2178/2046 2198/2198/2065 2177/2177/2045
f 2179/2179/2047 2200/2200/2067 2199/2199/2066
f 2179/2179/2047 2199/2199/2066 2178/2178/2046
f 2180/2180/2048 2201/2201/2068 2200/2200/2067
f 2180/2180/2048 2200/2200/2067 2179/2179/2047
f 2181/2181/2049 2202/2202/2069 2201/2201/2068
f 2181/2181/2049 2201/2201/2068 2180/2180/2048
f 2162/2162/2031 2183/2183/2051 2202/2202/2069
f 2162/2162/2031 2202/2202/2069 2181/2181/2049
f 2182/2182/2050 2203/2203/2070 2204/2204/2071
f 2182/2182/2050 2204/2204/2071 2183/2183/2051
f 2184/2184/2052 2205/2205/2072 2206/2206/2070
f 2184/2184/2052 2206/2206/2070 2185/2185/2050
f 2186/2186/2053 2207/2207/2073 2205/2205/2072
f 2186/2186/2053 2205/2205/2072 2184/2184/2052
f 2187/2187/2054 2208/2208/2074 2207/2207/2073
f 2187/2187/2054 2207/2207/2073 2186/2186/2053
f 2188/2188/2055 2209/2209/2075 2208/2208/2074
f 2188/2188/2055 2208/2208/2074 2187/2187/2054
f 2189/2189/2056 2210/2210/2076 2209/2209/2075
f 2189/2189/2056 2209/2209/2075 2188/2188/2055
f 2190/2190/2057 2211/2211/2077 2210/2210/2076
f 2190/2190/2057 2210/2210/2076 2189/2189/2056
f 2191/2191/2058 2212/2212/2078 2211/2211/2077
f 2191/2191/2058 2211/2211/2077 2190/2190/2057
f 2192/2192/2059 2213/2213/2079 2212/2212/2078
f 2192/2192/2059 2212/2212/2078 2191/2191/2058
f 2193/2193/2060 2214/2214/2080 2213/2213/2079
f 2193/2193/2060 2213/2213/2079 2192/2192/2059
f 2194/2194/2061 2215/2215/2081 2214/2214/2080
f 2194/2194/2061 2214/2214/2080 2193/2193/2060
f 2195/2195/2062 2216/2216/2082 2215/2215/2081
f 2195/2195/2062 2215/2215/2081 2194/2194/2061
f 2196/2196/2063 2217/2217/2083 2216/2216/2082
f 2196/2196/2063 2216/2216/2082 2195/2195/2062
f 2197/2197/2064 2218/2218/2084 2217/2217/2083
f 2197/2197/2064 2217/2217/2083 2196/2196/2063
f 2198/2198/2065 2219/2219/2085 2218/2218/2084
f 2198/2198/2065 2218/2218/2084 2197/2197/2064
f 2199/2199/2066 2220/2220/2086 2219/2219/2085
f 2199/2199/2066 2219/2219/2085 2198/2198/2065
f 2200/2200/2067 2221/2221/2087 2220/2220/2086
f 2200/2200/2067 2220/2220/2086 2199/2199/2066
f 2201/2201/2068 2222/2222/2088 2221/2221/2087
f 2201/2201/2068 2221/2221/2087 2200/2200/2067
f 2202/2202/2069 2223/2223/2089 2222/2222/2088
f 2202/2202/2069 2222/2222/2088 2201/2201/2068
f 2183/2183/2051 2204/2204/2071 2223/2223/2089
f 2183/2183/2051 2223/2223/2089 2202/2202/2069
f 2203/2203/2070 2224/2224/2090 2225/2225/2091
f 2203/2203/2070 2225/2225/2091 2204/2204/2071
f 2205/2205/2072 2226/2226/2092 2227/2227/2090
f 2205/2205/2072 2227/2227/2090 2206/2206/2070
f 2207/2207/2073 2228/2228/2093 2226/2226/2092
f 2207/2207/2073 2226/2226/2092 2205/2205/2072
f 2208/2208/2074 2229/2229/2094 2228/2228/2093
f 2208/2208/2074 2228/2228/2093 2207/2207/2073
f 2209/2209/2075 2230/2230/2095 2229/2229/2094
f 2209/2209/2075 2229/2229/2094 2208/2208/2074
f 2210/2210/2076 2231/2231/2096 2230/2230/2095
f 2210/2210/2076 2230/2230/2095 2209/2209/2075
f 2211/2211/2077 2232/2232/2097 2231/2231/2096
f 2211/2211/2077 2231/2231/2096 2210/2210/2076
f 2212/2212/2078 2233/2233/2098 2232/2232/2097
f 2212/2212/2078 2232/2232/2097 2211/2211/2077
f 2213/2213/2079 2234/2234/2099 2233/2233/2098
f 2213/2213/2079 2233/2233/2098 2212/2212/2078
f 2214/2214/2080 2235/2235/2100 2234/2234/2099
f 2214/2214/2080 2234/2234/2099 2213/2213/2079
f 2215/2215/2081 2236/2236/2101 2235/2235/2100
f 2215/2215/2081 2235/2235/2100 2214/2214/2080
f 2216/2216/2082 2237/2237/2102 2236/2236/2101
f 2216/2216/2082 2236/2236/2101 2215/2215/2081
f 2217/2217/2083 2238/2238/2103 2237/2237/2102
f 2217/2217/2083 2237/2237/2102 2216/2216/2082
f 2218/2218/2084 2239/2239/2104 2238/2238/2103
f 2218/2218/2084 2238/2238/2103 2217/2217/2083
f 2219/2219/2085 2240/2240/2105 2239/2239/2104
f 2219/2219/2085 2239/2239/2104 2218/2218/2084
f 2220/2220/2086 2241/2241/2106 2240/2240/2105
f 2220/2220/2086 2240/2240/2105 2219/2219/2085
f 2221/2221/2087 2242/2242/2107 2241/2241/2106
f 2221/2221/2087 2241/2241/2106 2220/2220/2086
f 2222/2222/2088 2243/2243/2108 2242/2242/2107
f 2222/2222/2088 2242/2242/2107 2221/2221/2087
f 2223/2223/2089 2244/2244/2109 2243/2243/2108
f 2223/2223/2089 2243/2243/2108 2222/2222/2088
f 2204/2204/2071 2225/2225/2091 2244/2244/2109
f 2204/2204/2071 2244/2244/2109 2223/2223/2089
f 2224/2224/2090 2245/2245/2110 2246/2246/2111
f 2224/2224/2090 2246/2246/2111 2225/2225/2091
f 2226/2226/2092 2247/2247/2112 2248/2248/2110
f 2226/2226/2092 2248/2248/2110 2227/2227/2090
f 2228/2228/2093 2249/2249/2113 2247/2247/2112
f 2228/2228/2093 2247/2247/2112 2226/2226/2092
f 2229/2229/2094 2250/2250/2114 2249/2249/2113
f 2229/2229/2094 2249/2249/2113 2228/2228/2093
f 2230/2230/2095 2251/2251/2115 2250/2250/2114
f 2230/2230/2095 2250/2250/2114 2229/2229/2094
f 2231/2231/2096 2252/2252/2116 2251/2251/2115
f 2231/2231/2096 2251/2251/2115 2230/2230/2095
f 2232/2232/2097 2253/2253/2117 2252/2252/2116
f 2232/2232/2097 2252/2252/2116 2231/2231/2096
f 2233/2233/2098 2254/2254/2118 2253/2253/2117
f 2233/2233/2098 2253/2253/2117 2232/2232/2097
f 2234/2234/2099 2255/2255/2119 2254/2254/2118
f 2234/2234/2099 2254/2254/2118 2233/2233/2098
f 2235/2235/2100 2256/2256/2120 2255/2255/2119
f 2235/2235/2100 2255/2255/2119 2234/2234/2099
f 2236/2236/2101 2257/2257/2121 2256/2256/2120
f 2236/2236/2101 2256/2256/2120 2235/2235/2100
f 2237/2237/2102 2258/2258/2122 2257/2257/2121
f 2237/2237/2102 2257/2257/2121 2236/2236/2101
f 2238/2238/2103 2259/2259/2123 2258/2258/2122
f 2238/2238/2103 2258/2258/2122 2237/2237/2102
f 2239/2239/2104 2260/2260/2124 2259/2259/2123
f 2239/2239/2104 2259/2259/2123 2238/2238/2103
f 2240/2240/2105 2261/2261/2125 2260/2260/2124
f 2240/2240/2105 2260/2260/2124 2239/2239/2104
f 2241/2241/2106 2262/2262/2126 2261/2261/2125
f 2241/2241/2106 2261/2261/2125 2240/2240/2105
f 2242/2242/2107 2263/2263/2127 2262/2262/2126
f 2242/2242/2107 2262/2262/2126 2241/2241/2106
f 2243/2243/2108 2264/2264/2128 2263/2263/2127
f 2243/2243/2108 2263/2263/2127 2242/2242/2107
f 2244/2244/2109 2265/2265/2129 2264/2264/2128
f 2244/2244/2109 2264/2264/2128 2243/2243/2108
f 2225/2225/2091 2246/2246/2111 2265/2265/2129
f 2225/2225/2091 2265/2265/2129 2244/2244/2109
f 2245/2245/2110 2266/2266/2130 2267/2267/2131
f 2245/2245/2110 2267/2267/2131 2246/2246/2111
f 2247/2247/2112 2268/2268/2132 2269/2269/2130
f 2247/2247/2112 2269/2269/2130 2248/2248/2110
f 2249/2249/2113 2270/2270/2133 2268/2268/2132
f 2249/2249/2113 2268/2268/2132 2247/2247/2112
f 2250/2250/2114 2271/2271/2134 2270/2270/2133
f 2250/2250/2114 2270/2270/2133 2249/2249/2113
f 2251/2251/2115 2272/2272/2135 2271/2271/2134
f 2251/2251/2115 2271/2271/2134 2250/2250/2114
f 2252/2252/2116 2273/2273/2136 2272/2272/2135
f 2252/2252/2116 2272/2272/2135 2251/2251/2115
f 2253/2253/2117 2274/2274/2137 2273/2273/2136
f 2253/2253/2117 2273/2273/2136 2252/2252/2116
f 2254/2254/2118 2275/2275/2138 2274/2274/2137
f 2254/2254/2118 2274/2274/2137 2253/2253/2117
f 2255/2255/2119 2276/2276/2139 2275/2275/2138
f 2255/2255/2119 2275/2275/2138 2254/2254/2118
f 2256/2256/2120 2277/2277/2140 2276/2276/2139
f 2256/2256/2120 2276/2276/2139 2255/2255/2119
f 2257/2257/2121 2278/2278/2141 2277/2277/2140
f 2257/2257/2121 2277/2277/2140 2256/2256/2120
f 2258/2258/2122 2279/2279/2142 2278/2278/2141
f 2258/2258/2122 2278/2278/2141 2257/2257/2121
f 2259/2259/2123 2280/2280/2143 2279/2279/2142
f 2259/2259/2123 2279/2279/2142 2258/2258/2122
f 2260/2260/2124 2281/2281/2144 2280/2280/2143
f 2260/2260/2124 2280/2280/2143 2259/2259/2123
f 2261/2261/2125 2282/2282/2145 2281/2281/2144
f 2261/2261/2125 2281/2281/2144 2260/2260/2124
f 2262/2262/2126 2283/2283/2146 2282/2282/2145
f 2262/2262/2126 2282/2282/2145 2261/2261/2125
f 2263/2263/2127 2284/2284/2147 2283/2283/2146
f 2263/2263/2127 2283/2283/2146 2262/2262/2126
f 2264/2264/2128 2285/2285/2148 2284/2284/2147
f 2264/2264/2128 2284/2284/2147 2263/2263/2127
f 2265/2265/2129 2286/2286/2149 2285/2285/2148
f 2265/2265/2129 2285/2285/2148 2264/2264/2128
f 2246/2246/2111 2267/2267/2131 2286/2286/2149
f 2246/2246/2111 2286/2286/2149 2265/2265/2129
f 2266/2266/2130 2287/2287/2150 2288/2288/2151
f 2266/2266/2130 2288/2288/2151 2267/2267/2131
f 2268/2268/2132 2289/2289/2152 2290/2290/2150
f 2268/2268/2132 2290/2290/2150 2269/2269/2130
f 2270/2270/2133 2291/2291/2153 2289/2289/2152
f 2270/2270/2133 2289/2289/2152 2268/2268/2132
f 2271/2271/2134 2292/2292/2154 2291/2291/2153
f 2271/2271/2134 2291/2291/2153 2270/2270/2133
f 2272/2272/2135 2293/2293/2155 2292/2292/2154
f 2272/2272/2135 2292/2292/2154 2271/2271/2134
f 2273/2273/2136 2294/2294/2156 2293/2293/2155
f 2273/2273/2136 2293/2293/2155 2272/2272/2135
f 2274/2274/2137 2295/2295/2157 2294/2294/2156
f 2274/2274/2137 2294/2294/2156 2273/2273/2136
f 2275/2275/2138 2296/2296/2158 2295/2295/2157
f 2275/2275/2138 2295/2295/2157 2274/2274/2137
f 2276/2276/2139 2297/2297/2159 2296/2296/2158
f 2276/2276/2139 2296/2296/2158 2275/2275/2138
f 2277/2277/2140 2298/2298/2160 2297/2297/2159
f 2277/2277/2140 2297/2297/2159 2276/2276/2139
f 2278/2278/2141 2299/2299/2161 2298/2298/2160
f 2278/2278/2141 2298/2298/2160 2277/2277/2140
f 2279/2279/2142 2300/2300/2162 2299/2299/2161
f 2279/2279/2142 2299/2299/2161 2278/2278/2141
f 2280/2280/2143 2301/2301/2163 2300/2300/2162
f 2280/2280/2143 2300/2300/2162 2279/2279/2142
f 2281/2281/2144 2302/2302/2164 2301/2301/2163
f 2281/2281/2144 2301/2301/2163 2280/2280/2143
f 2282/2282/2145 2303/2303/2165 2302/2302/2164
f 2282/2282/2145 2302/2302/2164 2281/2281/2144
f 2283/2283/2146 2304/2304/2166 2303/2303/2165
f 2283/2283/2146 2303/2303/2165 2282/2282/2145
f 2284/2284/2147 2305/2305/2167 2304/2304/2166
f 2284/2284/2147 2304/2304/2166 2283/2283/2146
f 2285/2285/2148 2306/2306/2168 2305/2305/2167
f 2285/2285/2148 2305/2305/2167 2284/2284/2147
f 2286/2286/2149 2307/2307/2169 2306/2306/2168
f 2286/2286/2149 2306/2306/2168 2285/2285/2148
f 2267/2267/2131 2288/2288/2151 2307/2307/2169
f 2267/2267/2131 2307/2307/2169 2286/2286/2149
f 2287/2287/2150 2308/2308/2170 2309/2309/2171
f 2287/2287/2150 2309/2309/2171 2288/2288/2151
f 2289/2289/2152 2310/2310/2172 2311/2311/2170
f 2289/2289/2152 2311/2311/2170 2290/2290/2150
f 2291/2291/2153 2312/2312/2173 2310/2310/2172
f 2291/2291/2153 2310/2310/2172 2289/2289/2152
f 2292/2292/2154 2313/2313/2174 2312/2312/2173
f 2292/2292/2154 2312/2312/2173 2291/2291/2153
f 2293/2293/2155 2314/2314/2175 2313/2313/2174
f 2293/2293/2155 2313/2313/2174 2292/2292/2154
f 2294/2294/2156 2315/2315/2176 2314/2314/2175
f 2294/2294/2156 2314/2314/2175 2293/2293/2155
f 2295/2295/2157 2316/2316/2177 2315/2315/2176
f 2295/2295/2157 2315/2315/2176 2294/2294/2156
f 2296/2296/2158 2317/2317/2178 2316/2316/2177
f 2296/2296/2158 2316/2316/2177 2295/2295/2157
f 2297/2297/2159 2318/2318/2179 2317/2317/2178
f 2297/2297/2159 2317/2317/2178 2296/2296/2158
f 2298/2298/2160 2319/2319/2180 2318/2318/2179
f 2298/2298/2160 2318/2318/2179 2297/2297/2159
f 2299/2299/2161 2320/2320/2181 2319/2319/2180
f 2299/2299/2161 2319/2319/2180 2298/2298/2160
f 2300/2300/2162 2321/2321/2182 2320/2320/2181
f 2300/2300/2162 2320/2320/2181 2299/2299/2161
f 2301/2301/2163 2322/2322/2183 2321/2321/2182
f 2301/2301/2163 2321/2321/2182 2300/2300/2162
f 2302/2302/2164 2323/2323/2184 2322/2322/2183
f 2302/2302/2164 2322/2322/2183 2301/2301/2163
f 2303/2303/2165 2324/2324/2185 2323/2323/2184
f 2303/2303/2165 2323/2323/2184 2302/2302/2164
f 2304/2304/2166 2325/2325/2186 2324/2324/2185
f 2304/2304/2166 2324/2324/2185 2303/2303/2165
f 2305/2305/2167 2326/2326/2187 2325/2325/2186
f 2305/2305/2167 2325/2325/2186 2304/2304/2166
f 2306/2306/2168 2327/2327/2188 2326/2326/2187
f 2306/2306/2168 2326/2326/2187 2305/2305/2167
f 2307/2307/2169 2328/2328/2189 2327/2327/2188
f 2307/2307/2169 2327/2327/2188 2306/2306/2168
f 2288/2288/2151 2309/2309/2171 2328/2328/2189
f 2288/2288/2151 2328/2328/2189 2307/2307/2169
f 2308/2308/2170 2329/2329/2190 2330/2330/2191
f 2308/2308/2170 2330/2330/2191 2309/2309/2171
f 2310/2310/2172 2331/2331/2192 2332/2332/2190
f 2310/2310/2172 2332/2332/2190 2311/2311/2170
f 2312/2312/2173 2333/2333/2193 2331/2331/2192
f 2312/2312/2173 2331/2331/2192 2310/2310/2172
f 2313/2313/2174 2334/2334/2194 2333/2333/2193
f 2313/2313/2174 2333/2333/2193 2312/2312/2173
f 2314/2314/2175 2335/2335/2195 2334/2334/2194
f 2314/2314/2175 2334/2334/2194 2313/2313/2174
f 2315/2315/2176 2336/2336/2196 2335/2335/2195
f 2315/2315/2176 2335/2335/2195 2314/2314/2175
f 2316/2316/2177 2337/2337/2197 2336/2336/2196
f 2316/2316/2177 2336/2336/2196 2315/2315/2176
f 2317/2317/2178 2338/2338/2198 2337/2337/2197
f 2317/2317/2178 2337/2337/2197 2316/2316/2177
f 2318/2318/2179 2339/2339/2199 2338/2338/2198
f 2318/2318/2179 2338/2338/2198 2317/2317/2178
f 2319/2319/2180 2340/2340/2200 2339/2339/2199
f 2319/2319/2180 2339/2339/2199 2318/2318/2179
f 2320/2320/2181 2341/2341/2201 2340/2340/2200
f 2320/2320/2181 2340/2340/2200 2319/2319/2180
f 2321/2321/2182 2342/2342/2202 2341/2341/2201
f 2321/2321/2182 2341/2341/2201 2320/2320/2181
f 2322/2322/2183 2343/2343/2203 2342/2342/2202
f 2322/2322/2183 2342/2342/2202 2321/2321/2182
f 2323/2323/2184 2344/2344/2204 2343/2343/2203
f 2323/2323/2184 2343/2343/2203 2322/2322/2183
f 2324/2324/2185 2345/2345/2205 2344/2344/2204
f 2324/2324/2185 2344/2344/2204 2323/2323/2184
f 2325/2325/2186 2346/2346/2206 2345/2345/2205
f 2325/2325/2186 2345/2345/2205 2324/2324/2185
f 2326/2326/2187 2347/2347/2207 2346/2346/2206
f 2326/2326/2187 2346/2346/2206 2325/2325/2186
f 2327/2327/2188 2348/2348/2208 2347/2347/2207
f 2327/2327/2188 2347/2347/2207 2326/2326/2187
f 2328/2328/2189 2349/2349/2209 2348/2348/2208
f 2328/2328/2189 2348/2348/2208 2327/2327/2188
f 2309/2309/2171 2330/2330/2191 2349/2349/2209
f 2309/2309/2171 2349/2349/2209 2328/2328/2189
f 2329/2329/2190 2350/2350/2210 2351/2351/2211
f 2329/2329/2190 2351/2351/2211 2330/2330/2191
f 2331/2331/2192 2352/2352/2212 2353/2353/2210
f 2331/2331/2192 2353/2353/2210 2332/2332/2190
f 2333/2333/2193 2354/2354/2213 2352/2352/2212
f 2333/2333/2193 2352/2352/2212 2331/2331/2192
f 2334/2334/2194 2355/2355/2214 2354/2354/2213
f 2334/2334/2194 2354/2354/2213 2333/2333/2193
f 2335/2335/2195 2356/2356/2215 2355/2355/2214
f 2335/2335/2195 2355/2355/2214 2334/2334/2194
f 2336/2336/2196 2357/2357/2216 2356/2356/2215
f 2336/2336/2196 2356/2356/2215 2335/2335/2195
f 2337/2337/2197 2358/2358/2217 2357/2357/2216
f 2337/2337/2197 2357/2357/2216 2336/2336/2196
f 2338/2338/2198 2359/2359/2218 2358/2358/2217
f 2338/2338/2198 2358/2358/2217 2337/2337/2197
f 2339/2339/2199 2360/2360/2219 2359/2359/2218
f 2339/2339/2199 2359/2359/2218 2338/2338/2198
f 2340/2340/2200 2361/2361/2220 2360/2360/2219
f 2340/2340/2200 2360/2360/2219 2339/2339/2199
f 2341/2341/2201 2362/2362/2221 2361/2361/2220
f 2341/2341/2201 2361/2361/2220 2340/2340/2200
f 2342/2342/2202 2363/2363/2222 2362/2362/2221
f 2342/2342/2202 2362/2362/2221 2341/2341/2201
f 2343/2343/2203 2364/2364/2223 2363/2363/2222
f 2343/2343/2203 2363/2363/2222 2342/2342/2202
f 2344/2344/2204 2365/2365/2224 2364/2364/2223
f 2344/2344/2204 2364/2364/2223 2343/2343/2203
f 2345/2345/2205 2366/2366/2225 2365/2365/2224
f 2345/2345/2205 2365/2365/2224 2344/2344/2204
f 2346/2346/2206 2367/2367/2226 2366/2366/2225
f 2346/2346/2206 2366/2366/2225 2345/2345/2205
f 2347/2347/2207 2368/2368/2227 2367/2367/2226
f 2347/2347/2207 2367/2367/2226 2346/2346/2206
f 2348/2348/2208 2369/2369/2228 2368/2368/2227
f 2348/2348/2208 2368/2368/2227 2347/2347/2207
f 2349/2349/2209 2370/2370/2229 2369/2369/2228
f 2349/2349/2209 2369/2369/2228 2348/2348/2208
f 2330/2330/2191 2351/2351/2211 2370/2370/2229
f 2330/2330/2191 2370/2370/2229 2349/2349/2209
f 2350/2350/2210 2371/2371/2230 2372/2372/2231
f 2350/2350/2210 2372/2372/2231 2351/2351/2211
f 2352/2352/2212 2373/2373/2232 2374/2374/2230
f 2352/2352/2212 2374/2374/2230 2353/2353/2210
f 2354/2354/2213 2375/2375/2233 2373/2373/2232
f 2354/2354/2213 2373/2373/2232 2352/2352/2212
f 2355/2355/2214 2376/2376/2234 2375/2375/2233
f 2355/2355/2214 2375/2375/2233 2354/2354/2213
f 2356/2356/2215 2377/2377/2235 2376/2376/2234
f 2356/2356/2215 2376/2376/2234 2355/2355/2214
f 2357/2357/2216 2378/2378/2236 2377/2377/2235
f 2357/2357/2216 2377/2377/2235 2356/2356/2215
f 2358/2358/2217 2379/2379/2237 2378/2378/2236
f 2358/2358/2217 2378/2378/2236 2357/2357/2216
f 2359/2359/2218 2380/2380/2238 2379/2379/2237
f 2359/2359/2218 2379/2379/2237 2358/2358/2217
f 2360/2360/2219 2381/2381/2239 2380/2380/2238
f 2360/2360/2219 2380/2380/2238 2359/2359/2218
f 2361/2361/2220 2382/2382/2240 2381/2381/2239
f 2361/2361/2220 2381/2381/2239 2360/2360/2219
f 2362/2362/2221 2383/2383/2241 2382/2382/2240
f 2362/2362/2221 2382/2382/2240 2361/2361/2220
f 2363/2363/2222 2384/2384/2242 2383/2383/2241
f 2363/2363/2222 2383/2383/2241 2362/2362/2221
f 2364/2364/2223 2385/2385/2243 2384/2384/2242
f 2364/2364/2223 2384/2384/2242 2363/2363/2222
f 2365/2365/2224 2386/2386/2244 2385/2385/2243
f 2365/2365/2224 2385/2385/2243 2364/2364/2223
f 2366/2366/2225 2387/2387/2245 2386/2386/2244
f 2366/2366/2225 2386/2386/2244 2365/2365/2224
f 2367/2367/2226 2388/2388/2246 2387/2387/2245
f 2367/2367/2226 2387/2387/2245 2366/2366/2225
f 2368/2368/2227 2389/2389/2247 2388/2388/2246
f 2368/2368/2227 2388/2388/2246 2367/2367/2226
f 2369/2369/2228 2390/2390/2248 2389/2389/2247
f 2369/2369/2228 2389/2389/2247 2368/2368/2227
f 2370/2370/2229 2391/2391/2249 2390/2390/2248
f 2370/2370/2229 2390/2390/2248 2369/2369/2228
f 2351/2351/2211 2372/2372/2231 2391/2391/2249
f 2351/2351/2211 2391/2391/2249 2370/2370/2229
f 2371/2371/2230 2392/2392/2250 2393/2393/2251
f 2371/2371/2230 2393/2393/2251 2372/2372/2231
f 2373/2373/2232 2394/2394/2252 2395/2395/2250
f 2373/2373/2232 2395/2395/2250 2374/2374/2230
f 2375/2375/2233 2396/2396/2253 2394/2394/2252
f 2375/2375/2233 2394/2394/2252 2373/2373/2232
f 2376/2376/2234 2397/2397/2254 2396/2396/2253
f 2376/2376/2234 2396/2396/2253 2375/2375/2233
f 2377/2377/2235 2398/2398/2255 2397/2397/2254
f 2377/2377/2235 2397/2397/2254 2376/2376/2234
f 2378/2378/2236 2399/2399/2256 2398/2398/2255
f 2378/2378/2236 2398/2398/2255 2377/2377/2235
f 2379/2379/2237 2400/2400/2257 2399/2399/2256
f 2379/2379/2237 2399/2399/2256 2378/2378/2236
f 2380/2380/2238 2401/2401/2258 2400/2400/2257
f 2380/2380/2238 2400/2400/2257 2379/2379/2237
f 2381/2381/2239 2402/2402/2259 2401/2401/2258
f 2381/2381/2239 2401/2401/2258 2380/2380/2238
f 2382/2382/2240 2403/2403/2260 2402/2402/2259
f 2382/2382/2240 2402/2402/2259 2381/2381/2239
f 2383/2383/2241 2404/2404/2261 2403/2403/2260
f 2383/2383/2241 2403/2403/2260 2382/2382/2240
f 2384/2384/2242 2405/2405/2262 2404/2404/2261
f 2384/2384/2242 2404/2404/2261 2383/2383/2241
f 2385/2385/2243 2406/2406/2263 2405/2405/2262
f 2385/2385/2243 2405/2405/2262 2384/2384/2242
f 2386/2386/2244 2407/2407/2264 2406/2406/2263
f 2386/2386/2244 2406/2406/2263 2385/2385/2243
f 2387/2387/2245 2408/2408/2265 2407/2407/2264
f 2387/2387/2245 2407/2407/2264 2386/2386/2244
f 2388/2388/2246 2409/2409/2266 2408/2408/2265
f 2388/2388/2246 2408/2408/2265 2387/2387/2245
f 2389/2389/2247 2410/2410/2267 2409/2409/2266
f 2389/2389/2247 2409/2409/2266 2388/2388/2246
f 2390/2390/2248 2411/2411/2268 2410/2410/2267
f 2390/2390/2248 2410/2410/2267 2389/2389/2247
f 2391/2391/2249 2412/2412/2269 2411/2411/2268
f 2391/2391/2249 2411/2411/2268 2390/2390/2248
f 2372/2372/2231 2393/2393/2251 2412/2412/2269
f 2372/2372/2231 2412/2412/2269 2391/2391/2249
f 2392/2392/2250 2413/2413/350 2414/2414/353
f 2392/2392/2250 2414/2414/353 2393/2393/2251
f 2394/2394/2252 2415/2415/354 2416/2416/350
f 2394/2394/2252 2416/2416/350 2395/2395/2250
f 2396/2396/2253 2417/2417/356 2415/2415/354
f 2396/2396/2253 2415/2415/354 2394/2394/2252
f 2397/2397/2254 2418/2418/358 2417/2417/356
f 2397/2397/2254 2417/2417/356 2396/2396/2253
f 2398/2398/2255 2419/2419/360 2418/2418/358
f 2398/2398/2255 2418/2418/358 2397/2397/2254
f 2399/2399/2256 2420/2420/362 2419/2419/360
f 2399/2399/2256 2419/2419/360 2398/2398/2255
f 2400/2400/2257 2421/2421/364 2420/2420/362
f 2400/2400/2257 2420/2420/362 2399/2399/2256
f 2401/2401/2258 2422/2422/366 2421/2421/364
f 2401/2401/2258 2421/2421/364 2400/2400/2257
f 2402/2402/2259 2423/2423/368 2422/2422/366
f 2402/2402/2259 2422/2422/366 2401/2401/2258
f 2403/2403/2260 2424/2424/370 2423/2423/368
f 2403/2403/2260 2423/2423/368 2402/2402/2259
f 2404/2404/2261 2425/2425/372 2424/2424/370
f 2404/2404/2261 2424/2424/370 2403/2403/2260
f 2405/2405/2262 2426/2426/374 2425/2425/372
f 2405/2405/2262 2425/2425/372 2404/2404/2261
f 2406/2406/2263 2427/2427/376 2426/2426/374
f 2406/2406/2263 2426/2426/374 2405/2405/2262
f 2407/2407/2264 2428/2428/378 2427/2427/376
f 2407/2407/2264 2427/2427/376 2406/2406/2263
f 2408/2408/2265 2429/2429/380 2428/2428/378
f 2408/2408/2265 2428/2428/378 2407/2407/2264
f 2409/2409/2266 2430/2430/382 2429/2429/380
f 2409/2409/2266 2429/2429/380 2408/2408/2265
f 2410/2410/2267 2431/2431/384 2430/2430/382
f 2410/2410/2267 2430/2430/382 2409/2409/2266
f 2411/2411/2268 2432/2432/386 2431/2431/384
f 2411/2411/2268 2431/2431/384 2410/2410/2267
f 2412/2412/2269 2433/2433/388 2432/2432/386
f 2412/2412/2269 2432/2432/386 2411/2411/2268
f 2393/2393/2251 2414/2414/353 2433/2433/388
f 2393/2393/2251 2433/2433/388 2412/2412/2269
# Vertices: 2037, normals: 1920, texture coordinates: 2037, faces: 3840

o obj3
v -0.75757073 0.67108545 -0.82875059
v -0.8355794 0.62932755 -0.88805313
v -0.91085234 0.66673304 -0.8153755
v -1.14990252 0.461071 -1.127003
v -1.24618167 0.43228024 -1.162165
v -1.33016969 0.44227331 -1.13414244
v -0.89240887 0.69332438 -0.77326613
v -0.92511004 0.6922304 -0.77082698
v -0.93619283 0.69773779 -0.7601263
v -0.98612528 0.70413853 -0.74269788
v -0.93468356 0.714332 -0.73244902
v -0.89495053 0.73487559 -0.7031367
v -0.87650707 0.76146693 -0.66102732
v -0.86224937 0.73596957 -0.70557585
v -0.85116657 0.73046218 -0.71627653
v -0.80123413 0.72406144 -0.73370495
v -0.85267585 0.71386797 -0.74395381
v -0.94838002 0.78610595 -0.61062662
v -1.40544265 0.47967878 -1.06146482
v -1.42792645 0.52259495 -0.9866865
v -1.37572133 0.57328749 -0.9089701
v -0.75324536 0.6892139 -0.79890211
v -1.06139822 0.74154402 -0.67002026
v -0.98338955 0.78330191 -0.61071771
v -0.75697592 0.66362853 -0.82429669
v -0.91025752 0.65927612 -0.81092162
v -0.83498458 0.62187063 -0.88359924
v -1.14930771 0.45361407 -1.12254911
v -1.32957488 0.43481641 -1.12968854
v -1.24558685 0.42482335 -1.15771112
v -0.89181406 0.68586746 -0.76881224
v -0.92451522 0.68477348 -0.76637309
v -0.93559802 0.69028087 -0.75567241
v -0.93408874 0.70687508 -0.72799513
v -0.98553046 0.69668161 -0.73824399
v -0.89435572 0.72741867 -0.69868282
v -0.86165455 0.72851265 -0.70112196
v -0.87591225 0.75401001 -0.65657343
v -0.85057176 0.72300526 -0.71182264
v -0.85208104 0.70641105 -0.73949992
v -0.80063931 0.71660452 -0.72925106
v -0.94778521 0.77864903 -0.60617273
v -1.40484783 0.47222188 -1.05701092
v -1.37512653 0.56583056 -0.90451621
v -1.42733164 0.51513803 -0.98223261
v -0.75265055 0.68175698 -0.79444822
v -1.06080341 0.7340871 -0.66556637
v -0.98279473 0.77584499 -0.60626382
v -0.80123413 0.72406144 -0.73370495
v -0.80063931 0.71660452 -0.72925106
v -0.75265055 0.68175698 -0.79444822
v -0.75324536 0.6892139 -0.79890211
v -1.40544265 0.47967878 -1.06146482
v -1.40484783 0.47222188 -1.05701092
v -1.42733164 0.51513803 -0.98223261
v -1.42792645 0.52259495 -0.9866865
v -0.86224937 0.73596957 -0.70557585
v -0.86165455 0.72851265 -0.70112196
v -0.89435572 0.72741867 -0.69868282
v -0.89495053 0.73487559 -0.7031367
v -0.89495053 0.73487559 -0.7031367
v -0.89435572 0.72741867 -0.69868282
v -0.93408874 0.70687508 -0.72799513
v -0.93468356 0.714332 -0.73244902
v -0.87650707 0.76146693 -0.66102732
v -0.87591225 0.75401001 -0.65657343
v -0.75697592 0.66362853 -0.82429669
v -0.75757073 0.67108545 -0.82875059
v -1.33016969 0.44227331 -1.13414244
v -1.32957488 0.43481641 -1.12968854
v -0.85116657 0.73046218 -0.71627653
v -0.85057176 0.72300526 -0.71182264
v -0.92511004 0.6922304 -0.77082698
v -0.92451522 0.68477348 -0.76637309
v -0.89181406 0.68586746 -0.76881224
v -0.89240887 0.69332438 -0.77326613
v -0.83498458 0.62187063 -0.88359924
v -0.8355794 0.62932755 -0.88805313
v -1.37572133 0.57328749 -0.9089701
v -1.37512653 0.56583056 -0.90451621
v -1.06080341 0.7340871 -0.66556637
v -1.06139822 0.74154402 -0.67002026
v -0.85267585 0.71386797 -0.74395381
v -0.85208104 0.70641105 -0.73949992
v -1.42792645 0.52259495 -0.9866865
v -1.42733164 0.51513803 -0.98223261
v -0.93619283 0.69773779 -0.7601263
v -0.93559802 0.69028087 -0.75567241
v -0.92451522 0.68477348 -0.76637309
v -0.92511004 0.6922304 -0.77082698
v -0.98279473 0.77584499 -0.60626382
v -0.98338955 0.78330191 -0.61071771
v -1.14930771 0.45361407 -1.12254911
v -1.14990252 0.461071 -1.127003
v -0.94778521 0.77864903 -0.60617273
v -0.94838002 0.78610595 -0.61062662
v -1.14990252 0.461071 -1.127003
v -1.14930771 0.45361407 -1.12254911
v -1.24558685 0.42482335 -1.15771112
v -1.24618167 0.43228024 -1.162165
v -0.85208104 0.70641105 -0.73949992
v -0.85267585 0.71386797 -0.74395381
v -0.94838002 0.78610595 -0.61062662
v -0.94778521 0.77864903 -0.60617273
vn -0.3781 0.53429 -0.75602
vn -0.3781 0.53429 -0.75602
vn -0.37629 0.53565 -0.75597
vn -0.3779 0.5362 -0.75477
vn -0.37629 0.53565 -0.75597
vn -0.3779 0.5362 -0.75477
vn -0.37524 0.53532 -0.75672
vn -0.3781 0.53429 -0.75602
vn -0.37895 0.53659 -0.75397
vn -0.37842 0.53566 -0.75489
vn -0.3781 0.53429 -0.75602
vn -0.37653 0.535 -0.75631
vn -0.3781 0.53429 -0.75602
vn -0.3781 0.53429 -0.75602
vn -0.3781 0.53429 -0.75602
vn -0.3781 0.53429 -0.75602
vn 0.3781 -0.53429 0.75602
vn 0.3781 -0.53429 0.75602
vn 0.37629 -0.53565 0.75597
vn 0.3779 -0.5362 0.75477
vn 0.37629 -0.53565 0.75597
vn 0.3779 -0.5362 0.75477
vn 0.37524 -0.53532 0.75672
vn 0.3781 -0.53429 0.75602
vn 0.37895 -0.53659 0.75397
vn 0.37842 -0.53566 0.75489
vn 0.3781 -0.53429 0.75602
vn 0.37652 -0.535 0.75631
vn 0.3781 -0.53429 0.75602
vn 0.3781 -0.53429 0.75602
vn 0.3781 -0.53429 0.75602
vn 0.3781 -0.53429 0.75602
vn -0.3781 0.53429 -0.75602
vn -0.3781 0.53429 -0.75602
vn -0.37694 0.53616 -0.75528
vn -0.37694 0.53616 -0.75528
vn 0.3781 -0.53429 0.75602
vn 0.3781 -0.53429 0.75602
vn 0.37694 -0.53616 0.75528
vn 0.3781 -0.53429 0.75602
vn 0.37694 -0.53616 0.75528
vn 0.62384 0.75014 0.21935
vn -0.80824 -0.58871 -0.01291
vn 0.19058 -0.75377 -0.62889
vn 0.77155 -0.26943 -0.5763
vn 0.49995 0.80479 0.31995
vn 0.91807 0.32264 -0.23034
vn -0.49994 -0.80479 -0.31995
vn -0.49995 -0.80479 -0.31995
vn -0.19058 0.75377 0.62889
vn 0.77938 -0.25699 -0.57142
vn -0.77938 0.25699 0.57142
vn -0.90612 -0.38153 0.18269
vn -0.89487 -0.0012 0.44632
vn 0.49995 0.80479 0.31995
vn -0.77938 0.25699 0.57142
vn 0.77938 -0.25699 -0.57142
vn 0.90612 0.38153 -0.18269
vn -0.27118 0.71646 0.64276
vn 0.58935 -0.49061 -0.64185
vn -0.07365 -0.83093 -0.55148
vn -0.77155 0.26943 0.5763
vn 0.36569 0.83599 0.40913
vt 0.89911 0.38584
vt 0.89911 0.40718
vt 0.92137 0.40718
vt 0.89911 0.49314
vt 0.90563 0.51344
vt 0.92137 0.52185
vt 0.92618 0.39769
vt 0.93086 0.4023
vt 0.93414 0.4023
vt 0.94363 0.40718
vt 0.93868 0.39769
vt 0.93851 0.38698
vt 0.94332 0.37749
vt 0.93383 0.38237
vt 0.93055 0.38237
vt 0.92106 0.37749
vt 0.92601 0.38698
vt 0.96133 0.38048
vt 0.94363 0.52185
vt 0.95937 0.51344
vt 0.96588 0.49314
vt 0.90366 0.38045
vt 0.96588 0.40718
vt 0.96588 0.38584
vt 0.63574 0.01777
vt 0.61348 0.03911
vt 0.63574 0.03911
vt 0.63574 0.12507
vt 0.61348 0.15379
vt 0.62923 0.14538
vt 0.60868 0.02962
vt 0.604 0.03423
vt 0.60072 0.03423
vt 0.59618 0.02962
vt 0.59123 0.03911
vt 0.59634 0.01891
vt 0.60103 0.0143
vt 0.59154 0.00942
vt 0.6043 0.0143
vt 0.60884 0.01891
vt 0.61379 0.00942
vt 0.57352 0.01241
vt 0.59123 0.15379
vt 0.56897 0.12507
vt 0.57549 0.14538
vt 0.6312 0.01239
vt 0.56897 0.03911
vt 0.56897 0.01777
vt 0.56683 0.207
vt 0.56896 0.207
vt 0.5689 0.18755
vt 0.56677 0.18755
vt 0.73042 0.47384
vt 0.72842 0.47384
vt 0.72843 0.49189
vt 0.73043 0.49189
vt 0.73026 0.39411
vt 0.73225 0.39411
vt 0.73224 0.38876
vt 0.73025 0.38876
vt 0.72842 0.42278
vt 0.73045 0.42278
vt 0.73044 0.41575
vt 0.72841 0.41575
vt 0.56684 0.2292
vt 0.56897 0.2292
vt 0.56889 0.17923
vt 0.56676 0.17923
vt 0.73041 0.44831
vt 0.72841 0.44831
vt 0.73026 0.39786
vt 0.73225 0.39786
vt 0.72841 0.40521
vt 0.73025 0.40521
vt 0.73025 0.4
vt 0.72841 0.40001
vt 0.5689 0.16422
vt 0.56677 0.16422
vt 0.56499 0.22508
vt 0.56675 0.22508
vt 0.56675 0.13832
vt 0.56498 0.13832
vt 0.73025 0.40305
vt 0.73224 0.40305
vt 0.56499 0.24507
vt 0.56676 0.24507
vt 0.72842 0.40833
vt 0.73045 0.40833
vt 0.73045 0.40522
vt 0.72842 0.40521
vt 0.56674 0.11679
vt 0.56498 0.11679
vt 0.56897 0.10374
vt 0.56684 0.10374
vt 0.56676 0.11103
vt 0.56499 0.11103
vt 0.73043 0.42278
vt 0.72843 0.42278
vt 0.72842 0.43026
vt 0.73042 0.43025
vt 0.73025 0.38876
vt 0.72841 0.38877
vt 0.56679 0.24507
vt 0.56892 0.24507
usemtl mat0
f 2434/2434/2270 2435/2435/2270 2436/2436/2270
f 2437/2437/2271 2438/2438/2271 2439/2439/2271
f 2440/2440/2272 2436/2436/2272 2441/2441/2272
f 2442/2442/2273 2443/2443/2273 2444/2444/2273
f 2445/2445/2274 2446/2446/2274 2447/2447/2274
f 2448/2448/2275 2449/2449/2275 2450/2450/2275
f 2451/2451/2276 2446/2446/2276 2443/2443/2276
f 2452/2452/2277 2453/2453/2277 2454/2454/2277
f 2436/2436/2278 2449/2449/2278 2455/2455/2278
f 2455/2455/2279 2434/2434/2279 2436/2436/2279
f 2456/2456/2280 2457/2457/2280 2443/2443/2280
f 2457/2457/2281 2451/2451/2281 2443/2443/2281
f 2439/2439/2282 2436/2436/2282 2437/2437/2282
f 2436/2436/2283 2435/2435/2283 2437/2437/2283
f 2454/2454/2284 2456/2456/2284 2443/2443/2284
f 2443/2443/2285 2452/2452/2285 2454/2454/2285
f 2458/2458/2286 2459/2459/2286 2460/2460/2286
f 2461/2461/2287 2462/2462/2287 2463/2463/2287
f 2464/2464/2288 2465/2465/2288 2459/2459/2288
f 2466/2466/2289 2467/2467/2289 2468/2468/2289
f 2469/2469/2290 2470/2470/2290 2471/2471/2290
f 2472/2472/2291 2473/2473/2291 2474/2474/2291
f 2475/2475/2292 2468/2468/2292 2471/2471/2292
f 2476/2476/2293 2477/2477/2293 2478/2478/2293
f 2459/2459/2294 2479/2479/2294 2474/2474/2294
f 2479/2479/2295 2459/2459/2295 2458/2458/2295
f 2480/2480/2296 2468/2468/2296 2481/2481/2296
f 2481/2481/2297 2468/2468/2297 2475/2475/2297
f 2462/2462/2298 2461/2461/2298 2459/2459/2298
f 2459/2459/2299 2461/2461/2299 2460/2460/2299
f 2477/2477/2300 2468/2468/2300 2480/2480/2300
f 2468/2468/2301 2477/2477/2301 2476/2476/2301
f 2443/2443/2302 2442/2442/2302 2441/2441/2302
f 2443/2443/2302 2441/2441/2302 2436/2436/2302
f 2443/2443/2303 2436/2436/2303 2439/2439/2303
f 2443/2443/2303 2439/2439/2303 2452/2452/2303
f 2436/2436/2304 2440/2440/2304 2450/2450/2304
f 2436/2436/2304 2450/2450/2304 2449/2449/2304
f 2449/2449/2280 2448/2448/2280 2447/2447/2280
f 2449/2449/2280 2447/2447/2280 2446/2446/2280
f 2446/2446/2305 2445/2445/2305 2444/2444/2305
f 2446/2446/2305 2444/2444/2305 2443/2443/2305
f 2468/2468/2306 2459/2459/2306 2465/2465/2306
f 2468/2468/2306 2465/2465/2306 2466/2466/2306
f 2468/2468/2307 2476/2476/2307 2462/2462/2307
f 2468/2468/2307 2462/2462/2307 2459/2459/2307
f 2459/2459/2308 2474/2474/2308 2473/2473/2308
f 2459/2459/2308 2473/2473/2308 2464/2464/2308
f 2474/2474/2309 2471/2471/2309 2470/2470/2309
f 2474/2474/2309 2470/2470/2309 2472/2472/2309
f 2471/2471/2310 2468/2468/2310 2467/2467/2310
f 2471/2471/2310 2467/2467/2310 2469/2469/2310
f 2482/2482/2311 2483/2483/2311 2484/2484/2311
f 2482/2482/2311 2484/2484/2311 2485/2485/2311
f 2486/2486/2312 2487/2487/2312 2488/2488/2312
f 2486/2486/2312 2488/2488/2312 2489/2489/2312
f 2490/2490/2313 2491/2491/2313 2492/2492/2313
f 2490/2490/2313 2492/2492/2313 2493/2493/2313
f 2494/2494/2314 2495/2495/2314 2496/2496/2314
f 2494/2494/2314 2496/2496/2314 2497/2497/2314
f 2498/2498/2315 2499/2499/2315 2483/2483/2315
f 2498/2498/2315 2483/2483/2315 2482/2482/2315
f 2485/2485/2316 2484/2484/2316 2500/2500/2316
f 2485/2485/2316 2500/2500/2316 2501/2501/2316
f 2502/2502/2317 2503/2503/2317 2487/2487/2317
f 2502/2502/2317 2487/2487/2317 2486/2486/2317
f 2504/2504/2318 2505/2505/2318 2491/2491/2318
f 2504/2504/2318 2491/2491/2318 2490/2490/2318
f 2506/2506/2319 2507/2507/2319 2508/2508/2319
f 2506/2506/2319 2508/2508/2319 2509/2509/2319
f 2501/2501/2320 2500/2500/2320 2510/2510/2320
f 2501/2501/2320 2510/2510/2320 2511/2511/2320
f 2512/2512/2321 2513/2513/2321 2514/2514/2321
f 2512/2512/2321 2514/2514/2321 2515/2515/2321
f 2516/2516/2322 2517/2517/2322 2505/2505/2322
f 2516/2516/2322 2505/2505/2322 2504/2504/2322
f 2518/2518/2323 2519/2519/2323 2513/2513/2323
f 2518/2518/2323 2513/2513/2323 2512/2512/2323
f 2520/2520/2324 2521/2521/2324 2522/2522/2324
f 2520/2520/2324 2522/2522/2324 2523/2523/2324
f 2515/2515/2325 2514/2514/2325 2524/2524/2325
f 2515/2515/2325 2524/2524/2325 2525/2525/2325
f 2511/2511/2326 2510/2510/2326 2526/2526/2326
f 2511/2511/2326 2526/2526/2326 2527/2527/2326
f 2497/2497/2327 2496/2496/2327 2521/2521/2327
f 2497/2497/2327 2521/2521/2327 2520/2520/2327
f 2525/2525/2328 2524/2524/2328 2528/2528/2328
f 2525/2525/2328 2528/2528/2328 2529/2529/2328
f 2530/2530/2329 2531/2531/2329 2532/2532/2329
f 2530/2530/2329 2532/2532/2329 2533/2533/2329
f 2533/2533/2330 2532/2532/2330 2503/2503/2330
f 2533/2533/2330 2503/2503/2330 2502/2502/2330
f 2509/2509/2331 2508/2508/2331 2534/2534/2331
f 2509/2509/2331 2534/2534/2331 2535/2535/2331
f 2536/2536/2332 2537/2537/2332 2499/2499/2332
f 2536/2536/2332 2499/2499/2332 2498/2498/2332
# Vertices: 104, normals: 63, texture coordinates: 104, faces: 96

