# Blender 5.0.1
# www.blender.org
o potion_flask
v -0.576070 0.000234 0.039228
v 0.518506 0.000234 0.254062
v 0.322008 0.000234 0.479277
v 0.576070 0.000234 -0.039228
v 0.479277 0.000234 -0.322008
v 0.254062 0.000234 -0.518505
v -0.039228 0.000234 -0.576070
v -0.322008 0.000234 -0.479277
v -0.518505 0.000234 -0.254062
v -0.479277 0.000234 0.322008
v -0.254063 0.000234 0.518505
v 0.039228 0.000234 0.576070
v -0.033696 0.274070 -0.494829
v -0.057980 1.001467 -0.851445
v 0.375510 1.001467 -0.766363
v 0.218233 0.274070 -0.445383
v 0.276596 0.274070 0.411687
v 0.475935 1.001467 0.708383
v 0.057980 1.001467 0.851445
v 0.033696 0.274070 0.494829
v 0.494829 0.274070 -0.033696
v 0.851445 1.001467 -0.057980
v 0.766363 1.001467 0.375510
v 0.445383 0.274070 0.218233
v -0.411687 0.274070 0.276596
v -0.708383 1.001467 0.475935
v -0.851445 1.001467 0.057980
v -0.494829 0.274070 0.033696
v -0.276596 0.274070 -0.411686
v -0.475935 1.001467 -0.708383
v 0.411687 0.274070 -0.276596
v 0.708383 1.001467 -0.475935
v -0.218233 0.274070 0.445383
v -0.375510 1.001467 0.766363
v -0.445383 0.274070 -0.218233
v -0.766363 1.001467 -0.375510
v 0.033696 0.274070 0.494829
v 0.057980 1.001467 0.851445
v 0.358337 1.925754 -0.240753
v 0.430706 1.925754 -0.029330
v -0.189953 1.925754 0.387667
v -0.358337 1.925754 0.240753
v -0.387667 1.925754 -0.189953
v -0.240753 1.925754 -0.358337
v 0.189953 1.925754 -0.387667
v 0.029329 1.925754 0.430706
v 0.387667 1.925754 0.189953
v 0.240753 1.925754 0.358337
v -0.430706 1.925754 0.029329
v -0.029330 1.925754 -0.430706
v 0.029329 1.925754 0.430706
v 0.358337 1.925754 -0.240753
v 0.432798 1.983204 -0.290780
v 0.520204 1.983204 -0.035424
v 0.430706 1.925754 -0.029330
v -0.189953 1.925754 0.387667
v -0.229424 1.983204 0.468222
v -0.432798 1.983204 0.290780
v -0.358337 1.925754 0.240753
v -0.387667 1.925754 -0.189953
v -0.468222 1.983204 -0.229424
v -0.290780 1.983204 -0.432798
v -0.240753 1.925754 -0.358337
v 0.189953 1.925754 -0.387667
v 0.229424 1.983204 -0.468222
v 0.029329 1.925754 0.430706
v 0.035424 1.983204 0.520204
v 0.387667 1.925754 0.189953
v 0.468222 1.983204 0.229424
v 0.290780 1.983204 0.432798
v 0.240753 1.925754 0.358337
v -0.430706 1.925754 0.029329
v -0.520204 1.983204 0.035424
v -0.029330 1.925754 -0.430706
v -0.035424 1.983204 -0.520204
v 0.035424 1.983204 0.520204
v 0.029329 1.925754 0.430706
v -0.314584 2.041229 -0.468228
v -0.038324 2.041229 -0.562789
v 0.468228 2.041229 -0.314584
v 0.562789 2.041229 -0.038324
v -0.248205 2.041229 0.506552
v -0.468228 2.041229 0.314584
v -0.506552 2.041229 -0.248205
v 0.248205 2.041229 -0.506552
v 0.038324 2.041229 0.562789
v 0.506552 2.041229 0.248205
v 0.314584 2.041229 0.468228
v -0.562789 2.041229 0.038324
v 0.038324 2.041229 0.562789
v -0.304619 2.133511 -0.454289
v -0.036663 2.133510 -0.545735
v 0.454289 2.133511 -0.304619
v 0.545735 2.133511 -0.036664
v -0.241116 2.133510 0.490952
v -0.454289 2.133511 0.304619
v -0.490952 2.133511 -0.241116
v 0.241116 2.133510 -0.490952
v 0.037207 2.132430 0.546114
v 0.490952 2.133511 0.241116
v 0.304619 2.133511 0.454289
v -0.545735 2.133511 0.036663
v 0.037059 2.130488 0.546425
v 0.466775 2.239043 -0.031786
v 0.420132 2.239043 0.205860
v -0.388346 2.239043 0.260914
v -0.466775 2.239043 0.031786
v -0.260915 2.239043 -0.388346
v -0.031786 2.239043 -0.466775
v 0.388346 2.239043 -0.260915
v -0.205860 2.239043 0.420132
v -0.420132 2.239043 -0.205860
v 0.205860 2.239043 -0.420132
v 0.031785 2.239043 0.466775
v 0.260915 2.239043 0.388346
v 0.031785 2.239043 0.466775
v 0.218233 0.274070 -0.445383
v 0.262434 0.213983 -0.539326
v -0.042388 0.213983 -0.598287
v -0.033696 0.274070 -0.494829
v 0.033696 0.274070 0.494829
v 0.041040 0.209061 0.603082
v 0.335853 0.213983 0.496938
v 0.276596 0.274070 0.411687
v 0.445383 0.274070 0.218233
v 0.539326 0.213983 0.262434
v 0.598287 0.213983 -0.042388
v 0.494829 0.274070 -0.033696
v -0.494829 0.274070 0.033696
v -0.598286 0.213983 0.042388
v -0.496937 0.213983 0.335853
v -0.411687 0.274070 0.276596
v -0.335853 0.213983 -0.496938
v -0.276596 0.274070 -0.411686
v 0.496938 0.213983 -0.335853
v 0.411687 0.274070 -0.276596
v -0.262434 0.213983 0.539326
v -0.218233 0.274070 0.445383
v -0.539326 0.213983 -0.262434
v -0.445383 0.274070 -0.218233
v 0.040910 0.211783 0.600415
v 0.033696 0.274070 0.494829
v 0.295934 0.122149 -0.603959
v -0.045693 0.122149 -0.671011
v 0.045693 0.122149 0.671011
v 0.375077 0.122149 0.558266
v 0.603959 0.122149 0.295934
v 0.671011 0.122149 -0.045693
v -0.671011 0.122149 0.045693
v -0.558266 0.122149 0.375077
v -0.375077 0.122149 -0.558266
v 0.558266 0.122149 -0.375077
v -0.295934 0.122149 0.603959
v -0.603959 0.122149 -0.295934
v 0.045693 0.122149 0.671011
v -0.595534 0.070038 -0.290710
v -0.661102 0.070038 0.046005
v 0.290710 0.070038 -0.595534
v -0.046005 0.070038 -0.661102
v 0.045215 0.077839 0.663985
v 0.370393 0.070038 0.549529
v 0.595534 0.070038 0.290710
v 0.661103 0.070038 -0.046005
v -0.549529 0.070038 0.370393
v -0.370393 0.070038 -0.549529
v 0.549529 0.070038 -0.370393
v -0.290710 0.070038 0.595534
v 0.045239 0.072659 0.661899
v 0.039301 -0.002184 0.578056
v -0.254062 0.000234 0.518505
v 0.039228 0.000234 0.576070
v 0.322008 0.000234 0.479277
v 0.518505 0.000234 0.254062
v -0.518505 0.000234 -0.254062
v -0.576070 0.000234 0.039228
v 0.254062 0.000234 -0.518505
v -0.039228 0.000234 -0.576070
v 0.576070 0.000234 -0.039228
v -0.479277 0.000234 0.322008
v -0.322008 0.000234 -0.479277
v 0.479277 0.000234 -0.322008
v -0.345111 2.239043 -0.169101
v -0.214325 2.239043 -0.319002
v 0.169101 2.239043 -0.345111
v 0.319001 2.239043 -0.214325
v 0.026110 2.239043 0.383426
v -0.169101 2.239043 0.345111
v 0.345112 2.239043 0.169101
v 0.214325 2.239043 0.319001
v -0.383426 2.239043 0.026110
v -0.026110 2.239043 -0.383426
v 0.026110 2.239043 0.383426
v 0.383426 2.239043 -0.026110
v -0.319001 2.239043 0.214325
v -0.345111 2.239043 -0.169101
v -0.345111 2.091764 -0.169101
v -0.214325 2.091764 -0.319001
v -0.214325 2.239043 -0.319002
v 0.169101 2.239043 -0.345111
v 0.169101 2.091764 -0.345111
v 0.319001 2.091764 -0.214325
v 0.319001 2.239043 -0.214325
v 0.026110 2.239043 0.383426
v 0.026110 2.091764 0.383426
v -0.169101 2.091764 0.345111
v -0.169101 2.239043 0.345111
v 0.345112 2.239043 0.169101
v 0.345112 2.091764 0.169101
v 0.214325 2.091764 0.319002
v 0.214325 2.239043 0.319001
v -0.383426 2.239043 0.026110
v -0.383426 2.091764 0.026110
v -0.026110 2.239043 -0.383426
v -0.026110 2.091764 -0.383426
v 0.026110 2.091764 0.383426
v 0.026110 2.239043 0.383426
v 0.383426 2.239043 -0.026110
v 0.383426 2.091764 -0.026110
v -0.319001 2.239043 0.214325
v -0.319001 2.091764 0.214325
v 0.032615 2.061924 0.231437
v 0.214325 2.091764 0.319002
v 0.345112 2.091764 0.169101
v 0.225642 2.062731 0.032577
v 0.383426 2.091764 -0.026110
v 0.319001 2.091764 -0.214325
v 0.087473 2.061924 -0.216737
v 0.169101 2.091764 -0.345111
v -0.026110 2.091764 -0.383426
v -0.214325 2.091764 -0.319001
v -0.179123 2.062731 -0.141033
v -0.345111 2.091764 -0.169101
v -0.383426 2.091764 0.026110
v -0.211700 2.062731 0.084608
v -0.319001 2.091764 0.214325
v -0.169101 2.091764 0.345111
v 0.026110 2.091764 0.383426
v 0.198389 2.090826 0.080067
v 0.313282 2.117619 0.153505
v 0.194558 2.117619 0.289580
v 0.348063 2.117619 -0.023702
v 0.079405 2.090531 -0.196748
v 0.289580 2.117619 -0.194558
v 0.153505 2.117619 -0.313282
v -0.023702 2.117619 -0.348063
v -0.198389 2.090826 -0.080067
v -0.194558 2.117619 -0.289580
v -0.313282 2.117619 -0.153505
v -0.348063 2.117619 0.023702
v -0.079405 2.090531 0.196748
v -0.289580 2.117619 0.194558
v -0.153505 2.117619 0.313282
v 0.023702 2.117619 0.348063
v 0.113352 2.631174 0.045748
v 0.261687 2.557917 0.389496
v 0.421375 2.557917 0.206470
v 0.468157 2.557917 -0.031880
v 0.389496 2.557917 -0.261687
v 0.045373 2.631366 -0.112425
v 0.206470 2.557917 -0.421375
v -0.031880 2.557917 -0.468157
v -0.261687 2.557917 -0.389496
v -0.113352 2.631174 -0.045748
v -0.421375 2.557917 -0.206470
v -0.468156 2.557917 0.031880
v -0.389496 2.557917 0.261687
v -0.045373 2.631366 0.112425
v -0.206470 2.557917 0.421375
v 0.031880 2.557917 0.468157
v -0.219320 2.395240 -0.326437
v -0.261687 2.557917 -0.389496
v -0.031880 2.557917 -0.468157
v -0.026718 2.395240 -0.392363
v 0.326437 2.395240 -0.219320
v 0.389496 2.557917 -0.261687
v 0.468157 2.557917 -0.031880
v 0.392363 2.395240 -0.026719
v -0.173043 2.395240 0.353155
v -0.206470 2.557917 0.421375
v -0.389496 2.557917 0.261687
v -0.326437 2.395240 0.219320
v -0.353155 2.395240 -0.173042
v -0.421375 2.557917 -0.206470
v 0.173043 2.395240 -0.353155
v 0.206470 2.557917 -0.421375
v 0.026718 2.395240 0.392363
v 0.031880 2.557917 0.468157
v 0.353155 2.395240 0.173042
v 0.421375 2.557917 0.206470
v 0.261687 2.557917 0.389496
v 0.219320 2.395240 0.326437
v -0.392363 2.395240 0.026718
v -0.468156 2.557917 0.031880
v 0.031880 2.557917 0.468157
v 0.026718 2.395240 0.392363
v -0.291865 2.117251 0.194855
v -0.350190 2.117251 0.022817
v 0.350190 2.117251 -0.022817
v 0.314682 2.117251 0.155335
v 0.194855 2.117251 0.291865
v 0.023692 2.117345 0.349722
v -0.022817 2.117251 -0.350190
v 0.155335 2.117251 -0.314682
v -0.314682 2.117251 -0.155335
v 0.023762 2.117179 0.350589
v -0.155335 2.117251 0.314682
v 0.291865 2.117251 -0.194855
v -0.194855 2.117251 -0.291865
v -0.794102 0.765455 -0.761393
v -0.863594 0.715118 -0.726778
v -0.883629 0.706876 -0.726345
v -0.799865 0.769340 -0.767291
v -0.793095 0.764008 -0.760921
v -0.858476 0.722987 -0.720574
v -0.841022 0.732796 -0.737382
v -0.798974 0.777470 -0.748855
v -0.866042 0.729160 -0.715495
v -0.806938 0.786756 -0.748834
v -0.871513 0.738207 -0.715013
v -0.883346 0.735880 -0.725707
v -0.811726 0.785938 -0.762062
v -0.806252 0.777084 -0.766743
v -0.870972 0.731077 -0.733661
v -0.872798 0.706368 -0.723348
v -0.911357 0.691445 -0.719682
v -0.899992 0.676469 -0.715665
v -0.901952 0.678074 -0.706588
v -0.892854 0.685635 -0.716901
v -0.910876 0.681824 -0.701816
v -0.919666 0.687475 -0.700270
v -0.925988 0.689496 -0.713562
v -0.910643 0.671240 -0.722679
v -0.902956 0.665197 -0.717031
v -0.921692 0.670530 -0.726324
v -0.903237 0.665507 -0.719101
v -0.910149 0.658189 -0.713377
v -0.919914 0.661266 -0.708147
v -0.932748 0.663870 -0.708579
v -0.930413 0.666566 -0.726057
v -0.918920 0.669523 -0.725877
v -0.916739 0.651422 -0.724752
v -0.930884 0.652841 -0.724146
v -0.901364 0.659759 -0.730801
v -0.903077 0.665705 -0.722371
v -0.917086 0.656812 -0.744197
v -0.925890 0.668491 -0.742222
v -0.897791 0.672580 -0.729418
v -0.902609 0.682279 -0.732106
v -0.897791 0.672580 -0.729418
v -0.899703 0.671605 -0.749129
v -0.915827 0.682427 -0.745295
v -0.891897 0.687208 -0.736195
v -0.887157 0.693678 -0.747514
v -0.891897 0.687208 -0.736195
v -0.901394 0.694716 -0.762640
v -0.913734 0.698905 -0.756185
v -0.903621 0.709367 -0.745924
v -0.887774 0.709879 -0.740370
v -0.895255 0.723451 -0.739487
v -0.887774 0.709879 -0.740370
v -0.890137 0.722956 -0.758924
v -0.909280 0.725358 -0.753511
v -0.887529 0.740791 -0.740181
v -0.887458 0.757640 -0.748671
v -0.887529 0.740791 -0.740181
v -0.899758 0.742758 -0.763613
v -0.908069 0.780845 -0.759184
v -0.892992 0.778468 -0.734353
v -0.901819 0.777974 -0.732222
v -0.892992 0.778468 -0.734353
v -0.897013 0.782843 -0.751023
v -0.916639 0.783162 -0.745830
v -0.910177 0.777827 -0.738574
v -0.896297 0.844648 -0.702652
v -0.905400 0.838484 -0.704084
v -0.894751 0.844665 -0.713365
v -0.896509 0.824566 -0.714211
v -0.900935 0.849530 -0.720224
v -0.909335 0.834256 -0.735301
v -0.921058 0.834712 -0.724936
v -0.914010 0.842855 -0.708470
v -0.890390 0.881820 -0.673317
v -0.898834 0.925787 -0.668699
v -0.913752 0.898658 -0.677839
v -0.866172 0.984681 -0.581573
v -0.856372 1.018255 -0.561133
v -0.873504 0.958921 -0.606037
v -0.869267 1.001042 -0.590556
v -0.896576 0.977398 -0.608559
v -0.888497 0.970647 -0.600781
v -0.874729 0.986557 -0.577301
v -0.864826 1.058224 -0.544310
v -0.851379 1.086109 -0.485719
v -0.809289 1.144633 -0.419851
v -0.802736 1.161845 -0.402558
v -0.761742 1.260102 -0.314450
v -0.814477 1.153923 -0.435153
v -0.798294 1.220159 -0.376368
v -0.817312 1.197305 -0.386397
v -0.790115 1.213289 -0.346844
v -0.759184 1.305898 -0.263334
v -0.760599 1.258709 -0.304150
v -0.760599 1.258709 -0.304150
v -0.712156 1.385374 -0.205985
v -0.745811 1.324218 -0.268494
v -0.753516 1.343176 -0.243168
v -0.725093 1.336639 -0.228984
v -0.709454 1.388922 -0.178135
v -0.725093 1.336639 -0.228984
v -0.684430 1.467878 -0.146100
v -0.724898 1.395177 -0.189517
v -0.687561 1.457813 -0.129016
v -0.690394 1.411173 -0.163302
v -0.666221 1.463434 -0.132495
v -0.690394 1.411173 -0.163302
v -0.687754 1.478397 -0.126026
v -0.657588 1.480134 -0.111701
v -0.665442 1.481608 -0.107571
v -0.657588 1.480134 -0.111701
v -0.641429 1.533467 -0.098511
v -0.652386 1.553414 -0.086553
v -0.627564 1.541521 -0.078846
v -0.634988 1.543871 -0.074304
v -0.615858 1.565747 -0.079770
v -0.627564 1.541521 -0.078846
v -0.641723 1.554797 -0.096647
v -0.643336 1.549177 -0.077446
v -0.601488 1.593012 -0.069809
v -0.608397 1.596428 -0.065066
v -0.601488 1.593012 -0.069809
v -0.601967 1.610753 -0.084511
v -0.617885 1.601664 -0.088473
v -0.629052 1.601551 -0.078032
v -0.616130 1.616223 -0.072187
v -0.614836 1.605036 -0.067969
v -0.567705 1.663492 -0.080596
v -0.577411 1.660520 -0.074320
v -0.551934 1.701052 -0.098361
v -0.569597 1.659098 -0.079588
v -0.559448 1.706145 -0.105655
v -0.590680 1.663510 -0.097947
v -0.572827 1.718438 -0.096779
v -0.566175 1.711378 -0.088295
v -0.539095 1.731265 -0.101671
v -0.546118 1.734158 -0.096344
v -0.539739 1.729485 -0.100865
v -0.559693 1.730383 -0.118029
v -0.542136 1.791342 -0.136187
v -0.521260 1.771114 -0.122793
v -0.519983 1.791518 -0.128389
v -0.516811 1.781164 -0.139740
v -0.521260 1.771114 -0.122793
v -0.510028 1.808784 -0.167391
v -0.528416 1.779693 -0.143542
v -0.535675 1.783549 -0.147402
v -0.515690 1.821745 -0.153929
v -0.517398 1.815416 -0.146961
v -0.508547 1.795211 -0.140529
v -0.508547 1.795211 -0.140529
v -0.514596 1.824643 -0.150689
v -0.494931 1.815413 -0.160585
v -0.485581 1.840168 -0.179730
v -0.487528 1.823060 -0.182589
v -0.494931 1.815413 -0.160585
v -0.512526 1.822893 -0.185216
v -0.510474 1.835996 -0.177973
v -0.479543 1.831794 -0.182991
v -0.472041 1.838270 -0.193450
v -0.468957 1.842623 -0.226483
v -0.470423 1.859406 -0.216480
v -0.461469 1.844450 -0.207859
v -0.432569 1.865797 -0.248400
v -0.443617 1.849521 -0.243375
v -0.461553 1.852754 -0.249264
v -0.463514 1.856746 -0.254754
v -0.481955 1.857626 -0.217700
v -0.439751 1.853442 -0.235365
v -0.430101 1.856456 -0.247044
v -0.433176 1.853579 -0.270274
v -0.445820 1.871185 -0.263096
v -0.430406 1.871389 -0.264864
v -0.413404 1.858763 -0.265693
v -0.344424 1.861966 -0.333581
v -0.334031 1.856547 -0.351850
v -0.351492 1.861614 -0.327701
v -0.345131 1.857851 -0.356097
v -0.334973 1.863911 -0.376542
v -0.373655 1.875390 -0.342983
v -0.312492 1.880410 -0.386758
v -0.351764 1.874806 -0.342790
v -0.328031 1.871539 -0.350447
v -0.286735 1.868779 -0.377356
v -0.301594 1.866764 -0.366136
v -0.236505 1.871456 -0.420698
v -0.247788 1.871963 -0.422008
v -0.288651 1.885121 -0.407304
v -0.269420 1.885939 -0.402685
v -0.255538 1.873834 -0.396249
v -0.218330 1.882490 -0.447849
v -0.178921 1.886940 -0.435950
v -0.225521 1.887956 -0.416635
v -0.132998 1.889070 -0.461210
v -0.182814 1.886222 -0.434209
v -0.141254 1.890297 -0.469332
v -0.185391 1.902853 -0.461327
v -0.112823 1.914549 -0.481994
v -0.154408 1.905994 -0.458816
v -0.133715 1.895526 -0.479153
v -0.062966 1.904219 -0.470623
v -0.116522 1.906305 -0.460711
v -0.023238 1.902862 -0.483953
v -0.074665 1.902768 -0.468473
v -0.080181 1.907247 -0.497893
v -0.015523 1.905603 -0.494013
v -0.017395 1.909557 -0.501265
v -0.011209 1.925672 -0.498130
v -0.016196 1.923095 -0.486975
v -0.016035 1.919012 -0.479604
v 0.044540 1.911836 -0.475773
v 0.052924 1.920432 -0.475951
v 0.057433 1.906066 -0.480844
v 0.036973 1.911626 -0.476396
v 0.039631 1.916602 -0.506107
v 0.100605 1.907552 -0.485025
v 0.118857 1.912457 -0.490471
v 0.106819 1.926926 -0.486924
v 0.100312 1.925030 -0.477912
v 0.123404 1.908377 -0.459666
v 0.186366 1.913140 -0.444743
v 0.155038 1.899865 -0.457288
v 0.147813 1.906111 -0.452322
v 0.179188 1.900318 -0.437443
v 0.204676 1.903741 -0.426862
v 0.204898 1.892312 -0.444630
v 0.215740 1.894499 -0.447005
v 0.210219 1.900097 -0.456037
v 0.211977 1.911616 -0.445939
v 0.285183 1.872505 -0.367515
v 0.268085 1.871554 -0.389246
v 0.234579 1.886110 -0.404310
v 0.324081 1.881544 -0.367586
v 0.258910 1.894666 -0.401670
v 0.290095 1.880489 -0.364939
v 0.287616 1.871871 -0.364129
v 0.324204 1.861557 -0.356559
v 0.304528 1.871650 -0.384639
v 0.345163 1.876147 -0.330982
v 0.335570 1.863868 -0.322140
v 0.359942 1.869985 -0.302209
v 0.370417 1.854370 -0.298373
v 0.335570 1.863868 -0.322140
v 0.372045 1.861502 -0.325262
v 0.373978 1.875438 -0.313361
v 0.377609 1.860916 -0.278665
v 0.377609 1.860916 -0.278665
v 0.411319 1.855496 -0.266183
v 0.432902 1.860071 -0.254246
v 0.424962 1.874451 -0.262238
v 0.428807 1.874710 -0.235827
v 0.425039 1.862444 -0.218536
v 0.431185 1.871593 -0.212760
v 0.413384 1.861747 -0.233691
v 0.444769 1.857877 -0.201111
v 0.442588 1.865106 -0.187203
v 0.471829 1.862545 -0.169147
v 0.490126 1.869057 -0.151939
v 0.481744 1.881775 -0.169760
v 0.477549 1.873267 -0.103654
v 0.476270 1.880959 -0.116116
v 0.464963 1.869769 -0.139191
v 0.487658 1.868257 -0.097450
v 0.494204 1.887147 -0.118032
v 0.485609 1.885663 -0.117688
v 0.480267 1.874534 -0.089610
v 0.503342 1.872383 -0.065675
v 0.516404 1.878899 -0.040659
v 0.512528 1.891696 -0.064211
v 0.490123 1.879817 -0.004541
v 0.492384 1.888411 -0.011995
v 0.490066 1.879333 -0.019490
v 0.499294 1.873883 -0.009885
v 0.512855 1.894877 0.008820
v 0.501693 1.893141 -0.011580
v 0.486818 1.871733 0.077507
v 0.503798 1.875217 0.044244
v 0.511134 1.879807 0.062491
v 0.480769 1.877672 0.070038
v 0.471998 1.881910 0.119066
v 0.477174 1.876598 0.088930
v 0.495765 1.890675 0.100980
v 0.485500 1.888872 0.102869
v 0.464374 1.870972 0.127572
v 0.481045 1.866245 0.125059
v 0.483836 1.867395 0.153147
v 0.479133 1.879052 0.165269
v 0.408783 1.845354 0.246763
v 0.404714 1.835470 0.266933
v 0.438542 1.858119 0.187892
v 0.425149 1.839425 0.253168
v 0.430392 1.860568 0.250280
v 0.418645 1.857318 0.255251
v 0.393343 1.849029 0.278485
v 0.407408 1.845190 0.247546
v 0.430562 1.843936 0.260576
v 0.373663 1.838103 0.363301
v 0.375784 1.838650 0.302081
v 0.375784 1.838650 0.302081
v 0.356367 1.830593 0.363855
v 0.379842 1.834432 0.342561
v 0.379469 1.850488 0.339393
v 0.369565 1.848783 0.333105
v 0.343548 1.837336 0.350765
v 0.329330 1.846470 0.375072
v 0.343057 1.830953 0.362286
v 0.343548 1.837336 0.350765
v 0.321317 1.852188 0.401101
v 0.298760 1.841358 0.407699
v 0.310298 1.839978 0.393339
v 0.288025 1.837525 0.429371
v 0.300090 1.837703 0.430479
v 0.313713 1.840845 0.430053
v 0.308459 1.856187 0.429719
v 0.259967 1.857137 0.447352
v 0.275602 1.845299 0.429584
v 0.273705 1.857135 0.470065
v 0.264377 1.862231 0.456368
v 0.213568 1.856698 0.476161
v 0.238990 1.852039 0.459332
v 0.207762 1.852519 0.488540
v 0.226708 1.851244 0.488446
v 0.236149 1.855052 0.493620
v 0.227760 1.870984 0.493195
v 0.214617 1.870515 0.487858
v 0.181284 1.871072 0.493792
v 0.199919 1.858975 0.482478
v 0.189612 1.871803 0.518670
v 0.128775 1.868020 0.506697
v 0.142230 1.866835 0.503892
v 0.135251 1.862059 0.514801
v 0.138369 1.863587 0.522478
v 0.135708 1.869814 0.533464
v 0.136020 1.883358 0.526818
v 0.138462 1.881235 0.515931
v 0.087660 1.878744 0.513377
v 0.044709 1.863639 0.518988
v 0.060460 1.869137 0.511213
v 0.043372 1.868911 0.511250
v 0.059996 1.865279 0.528410
v 0.056248 1.871671 0.539097
v 0.055971 1.884652 0.531948
v 0.059450 1.882916 0.521874
v 0.003639 1.864837 0.506296
v -0.027071 1.869467 0.503663
v -0.023033 1.857564 0.520181
v -0.023388 1.862804 0.530241
v -0.007285 1.879540 0.528123
v -0.023144 1.875570 0.513743
v -0.123783 1.842861 0.474623
v -0.094886 1.842076 0.491319
v -0.059746 1.854351 0.493336
v -0.090307 1.865451 0.511781
v -0.118084 1.857536 0.487721
v -0.127658 1.850973 0.474274
v -0.124593 1.842494 0.473191
v -0.162689 1.833032 0.477462
v -0.159662 1.841314 0.491532
v -0.168142 1.851875 0.477945
v -0.185122 1.834663 0.447351
v -0.214788 1.840447 0.435280
v -0.240939 1.823514 0.426913
v -0.185122 1.834663 0.447351
v -0.225128 1.831585 0.457403
v -0.257161 1.843802 0.436015
v -0.220727 1.844889 0.442760
v -0.263944 1.828811 0.402217
v -0.241175 1.830159 0.416162
v -0.274952 1.824172 0.415718
v -0.317486 1.836625 0.363540
v -0.292795 1.828285 0.379905
v -0.330842 1.823045 0.371558
v -0.334199 1.829089 0.383914
v -0.324540 1.841122 0.369955
v -0.357136 1.828685 0.323165
v -0.357522 1.822572 0.331630
v -0.340064 1.828385 0.338884
v -0.381483 1.843425 0.329471
v -0.403812 1.839437 0.272750
v -0.400518 1.830571 0.273231
v -0.425130 1.825628 0.253578
v -0.416553 1.826016 0.280815
v -0.423125 1.832011 0.290825
v -0.411736 1.844028 0.277919
v -0.445728 1.833399 0.209118
v -0.461834 1.847971 0.224888
v -0.474081 1.843801 0.164648
v -0.469173 1.834853 0.169082
v -0.487549 1.830489 0.171378
v -0.494726 1.836578 0.181810
v -0.482310 1.848444 0.169088
v -0.504794 1.836160 0.095459
v -0.499366 1.829997 0.126848
v -0.523957 1.851028 0.106198
v -0.528231 1.844343 0.041101
v -0.521062 1.835868 0.054504
v -0.541454 1.831154 0.048669
v -0.549561 1.837612 0.059260
v -0.536335 1.849077 0.046012
v -0.535844 1.834255 0.009805
v -0.559557 1.825587 -0.045832
v -0.574948 1.846122 -0.045292
v -0.554148 1.830161 -0.055478
v -0.557181 1.838249 -0.058833
v -0.554148 1.830161 -0.055478
v -0.570458 1.825619 -0.050434
v -0.580381 1.832620 -0.043875
v -0.565775 1.843284 -0.054814
v -0.568219 1.807610 -0.126914
v -0.571405 1.814631 -0.131733
v -0.574263 1.802057 -0.123152
v -0.568219 1.807610 -0.126914
v -0.584528 1.803103 -0.121814
v -0.595454 1.810254 -0.118600
v -0.590948 1.820472 -0.128934
v -0.580686 1.819426 -0.130268
v -0.578834 1.754278 -0.207422
v -0.582282 1.759225 -0.214644
v -0.584750 1.749217 -0.202853
v -0.578834 1.754278 -0.207422
v -0.595084 1.750032 -0.201945
v -0.606232 1.758884 -0.198304
v -0.602099 1.765101 -0.212819
v -0.591761 1.764313 -0.213689
v -0.587317 1.675505 -0.293693
v -0.594318 1.639333 -0.341121
v -0.596090 1.637200 -0.322419
v -0.587317 1.675505 -0.293693
v -0.606846 1.634068 -0.325384
v -0.613118 1.677105 -0.287094
v -0.614098 1.684844 -0.299792
v -0.601803 1.665516 -0.320399
v -0.595151 1.577250 -0.381884
v -0.595151 1.577250 -0.381884
v -0.623830 1.532405 -0.414128
v -0.618747 1.587310 -0.388462
v -0.616198 1.484612 -0.470831
v -0.604016 1.465574 -0.468306
v -0.610649 1.423993 -0.508752
v -0.614089 1.408019 -0.501658
v -0.604016 1.465574 -0.468306
v -0.624318 1.396112 -0.509862
v -0.625535 1.412045 -0.499504
v -0.638389 1.377026 -0.525890
v -0.635310 1.430924 -0.506910
v -0.629837 1.423189 -0.513743
v -0.614830 1.345839 -0.549907
v -0.614830 1.345839 -0.549907
v -0.651838 1.160841 -0.650704
v -0.631931 1.302074 -0.592220
v -0.628621 1.223450 -0.623609
v -0.641691 1.155316 -0.671047
v -0.643209 1.151834 -0.655685
v -0.628621 1.223450 -0.623609
v -0.664036 1.152353 -0.658490
v -0.671987 1.119823 -0.689707
v -0.651703 1.237275 -0.628598
v -0.646734 1.104020 -0.686150
v -0.646734 1.104020 -0.686150
v -0.673832 1.037578 -0.729901
v -0.670568 0.993064 -0.734280
v -0.674089 0.997337 -0.741420
v -0.677113 0.987303 -0.728844
v -0.670568 0.993064 -0.734280
v -0.686065 0.993938 -0.725767
v -0.695964 0.996757 -0.727741
v -0.694313 1.010678 -0.738151
v -0.701692 0.895902 -0.764706
v -0.705360 0.899531 -0.772113
v -0.707683 0.893384 -0.757739
v -0.701692 0.895902 -0.764706
v -0.716157 0.899818 -0.755288
v -0.725750 0.903718 -0.756875
v -0.724864 0.912393 -0.769905
v -0.714965 0.903406 -0.773705
v -0.742165 0.817683 -0.773782
v -0.746190 0.820490 -0.781341
v -0.747061 0.818657 -0.765947
v -0.742165 0.817683 -0.773782
v -0.753568 0.827184 -0.763923
v -0.762416 0.832461 -0.765300
v -0.763326 0.835777 -0.779653
v -0.755086 0.825783 -0.782712
v -0.794102 0.765455 -0.761393
v -0.799427 0.768919 -0.766914
v -0.793725 0.769110 -0.753137
v -0.794102 0.765455 -0.761393
v -0.798730 0.777267 -0.748553
v -0.807861 0.787403 -0.749856
v -0.807814 0.779549 -0.765618
v -0.757571 0.671085 -0.828751
v -1.149925 0.461373 -1.127183
v -1.246182 0.432280 -1.162165
v -1.330170 0.442273 -1.134142
v -0.892409 0.693324 -0.773266
v -0.925110 0.692230 -0.770827
v -0.936193 0.697738 -0.760126
v -1.375737 0.573492 -0.909092
v -0.934684 0.714332 -0.732449
v -0.894951 0.734876 -0.703137
v -0.876507 0.761467 -0.661027
v -0.862249 0.735969 -0.705576
v -0.851167 0.730462 -0.716277
v -0.801234 0.724061 -0.733705
v -0.852676 0.713868 -0.743954
v -0.948380 0.786106 -0.610627
v -1.405443 0.479679 -1.061465
v -1.427926 0.522595 -0.986687
v -0.753245 0.689214 -0.798902
v -0.983390 0.783302 -0.610718
v -0.756976 0.663628 -0.824297
v -1.149331 0.453916 -1.122729
v -1.329575 0.434816 -1.129689
v -1.245587 0.424823 -1.157711
v -0.891814 0.685867 -0.768812
v -0.924515 0.684773 -0.766373
v -0.935598 0.690281 -0.755672
v -0.934089 0.706875 -0.727995
v -1.375143 0.566035 -0.904638
v -0.894356 0.727419 -0.698683
v -0.861655 0.728513 -0.701122
v -0.875912 0.754010 -0.656573
v -0.850572 0.723005 -0.711823
v -0.852081 0.706411 -0.739500
v -0.800639 0.716604 -0.729251
v -0.947785 0.778649 -0.606173
v -1.404848 0.472222 -1.057011
v -1.427332 0.515138 -0.982233
v -0.752651 0.681757 -0.794448
v -0.982795 0.775845 -0.606264
v -0.828332 0.740727 -0.702046
v -0.840946 0.739865 -0.684786
v -0.752651 0.681757 -0.794448
v -0.750499 0.676469 -0.820691
v -1.405443 0.479679 -1.061465
v -1.404848 0.472222 -1.057011
v -1.427332 0.515138 -0.982233
v -1.427926 0.522595 -0.986687
v -0.856055 0.734794 -0.708360
v -0.852917 0.726059 -0.706385
v -0.894356 0.727419 -0.698683
v -0.894951 0.734876 -0.703137
v -0.894951 0.734876 -0.703137
v -0.894356 0.727419 -0.698683
v -0.934089 0.706875 -0.727995
v -0.934684 0.714332 -0.732449
v -0.756976 0.663628 -0.824297
v -1.330170 0.442273 -1.134142
v -1.329575 0.434816 -1.129689
v -0.925110 0.692230 -0.770827
v -0.924515 0.684773 -0.766373
v -0.891814 0.685867 -0.768812
v -0.892409 0.693324 -0.773266
v -1.375721 0.573287 -0.908970
v -1.375126 0.565831 -0.904516
v -0.982795 0.775845 -0.606264
v -0.983390 0.783302 -0.610718
v -0.852676 0.713868 -0.743954
v -0.852081 0.706411 -0.739500
v -1.427926 0.522595 -0.986687
v -1.427332 0.515138 -0.982233
v -0.926866 0.691348 -0.772083
v -0.927584 0.683228 -0.768566
v -1.149308 0.453614 -1.122549
v -1.149902 0.461071 -1.127003
v -0.947785 0.778649 -0.606173
v -0.948380 0.786106 -0.610627
v -1.149902 0.461071 -1.127003
v -1.149308 0.453614 -1.122549
v -1.245587 0.424823 -1.157711
v -1.246182 0.432280 -1.162165
v -0.852081 0.706411 -0.739500
v -0.852676 0.713868 -0.743954
v -0.948380 0.786106 -0.610627
v -0.947785 0.778649 -0.606173
vn -0.0000 -1.0000 -0.0000
vn -0.0610 -0.4410 -0.8954
vn -0.0679 -0.0134 -0.9976
vn 0.4400 -0.0134 -0.8979
vn 0.3949 -0.4410 -0.8059
vn 0.5005 -0.4410 0.7450
vn 0.5576 -0.0134 0.8300
vn 0.0680 -0.0135 0.9976
vn 0.0610 -0.4410 0.8954
vn 0.8954 -0.4410 -0.0610
vn 0.9976 -0.0134 -0.0679
vn 0.8979 -0.0134 0.4400
vn 0.8059 -0.4410 0.3949
vn -0.7450 -0.4410 0.5005
vn -0.8300 -0.0134 0.5576
vn -0.9976 -0.0134 0.0679
vn -0.8954 -0.4410 0.0610
vn -0.5005 -0.4410 -0.7450
vn -0.5576 -0.0134 -0.8300
vn 0.7450 -0.4410 -0.5005
vn 0.8300 -0.0134 -0.5576
vn -0.3949 -0.4410 0.8059
vn -0.4400 -0.0134 0.8979
vn -0.8059 -0.4410 -0.3949
vn -0.8979 -0.0134 -0.4400
vn 0.0609 -0.4410 0.8954
vn 0.0679 -0.0134 0.9976
vn 0.7552 0.4151 -0.5074
vn 0.9077 0.4151 -0.0618
vn -0.4003 0.4151 0.8170
vn -0.7552 0.4151 0.5074
vn -0.8170 0.4151 -0.4003
vn -0.5074 0.4151 -0.7552
vn 0.4003 0.4151 -0.8170
vn 0.0618 0.4151 0.9077
vn 0.8170 0.4151 0.4003
vn 0.5074 0.4151 0.7552
vn -0.9077 0.4151 0.0618
vn -0.0618 0.4151 -0.9077
vn 0.0619 0.4151 0.9077
vn 0.4477 -0.8421 -0.3008
vn 0.5805 -0.7148 -0.3900
vn 0.6977 -0.7148 -0.0475
vn 0.5381 -0.8421 -0.0366
vn -0.2373 -0.8421 0.4843
vn -0.3077 -0.7148 0.6280
vn -0.5805 -0.7148 0.3900
vn -0.4477 -0.8421 0.3008
vn -0.4843 -0.8421 -0.2373
vn -0.6280 -0.7148 -0.3077
vn -0.3900 -0.7148 -0.5805
vn -0.3008 -0.8421 -0.4477
vn 0.2373 -0.8421 -0.4843
vn 0.3077 -0.7148 -0.6280
vn 0.0366 -0.8421 0.5381
vn 0.0475 -0.7148 0.6977
vn 0.4843 -0.8421 0.2373
vn 0.6280 -0.7148 0.3077
vn 0.3900 -0.7148 0.5805
vn 0.3008 -0.8421 0.4477
vn -0.5381 -0.8421 0.0366
vn -0.6977 -0.7148 0.0475
vn -0.0366 -0.8421 -0.5381
vn -0.0475 -0.7148 -0.6977
vn 0.0367 -0.8421 0.5381
vn -0.5454 -0.2103 -0.8113
vn -0.0667 -0.2103 -0.9754
vn 0.8113 -0.2103 -0.5454
vn 0.9754 -0.2103 -0.0667
vn -0.4299 -0.2103 0.8780
vn -0.8113 -0.2103 0.5454
vn -0.8780 -0.2103 -0.4299
vn 0.4299 -0.2103 -0.8780
vn 0.0668 -0.2111 0.9752
vn 0.8780 -0.2103 0.4299
vn 0.5456 -0.2104 0.8112
vn -0.9754 -0.2103 0.0667
vn 0.0662 -0.2110 0.9752
vn -0.5129 0.3883 -0.7656
vn -0.0614 0.3883 -0.9195
vn 0.7656 0.3883 -0.5129
vn 0.9195 0.3883 -0.0614
vn -0.4063 0.3885 0.8271
vn -0.7656 0.3883 0.5129
vn -0.8270 0.3883 -0.4066
vn 0.4066 0.3883 -0.8270
vn 0.0599 0.3865 0.9203
vn 0.8270 0.3883 0.4066
vn 0.5128 0.3885 0.7656
vn -0.9195 0.3883 0.0614
vn 0.0570 0.3830 0.9220
vn 0.5017 0.8644 -0.0343
vn 0.4516 0.8644 0.2211
vn -0.4173 0.8644 0.2806
vn -0.5017 0.8644 0.0343
vn -0.2806 0.8644 -0.4173
vn -0.0343 0.8644 -0.5017
vn 0.4173 0.8644 -0.2806
vn -0.2208 0.8643 0.4520
vn -0.4516 0.8644 -0.2211
vn 0.2211 0.8644 -0.4516
vn 0.0304 0.8637 0.5031
vn 0.2806 0.8644 0.4173
vn 0.0355 0.8624 0.5049
vn 0.2213 0.8653 -0.4498
vn 0.2925 0.7419 -0.6033
vn -0.0483 0.7419 -0.6688
vn -0.0333 0.8653 -0.5002
vn 0.0367 0.8593 0.5101
vn 0.0269 0.7342 0.6784
vn 0.3760 0.7421 0.5550
vn 0.2789 0.8653 0.4166
vn 0.4498 0.8653 0.2213
vn 0.6033 0.7419 0.2925
vn 0.6688 0.7419 -0.0483
vn 0.5002 0.8653 -0.0333
vn -0.5002 0.8653 0.0333
vn -0.6688 0.7419 0.0483
vn -0.5550 0.7419 0.3763
vn -0.4166 0.8653 0.2789
vn -0.3763 0.7419 -0.5550
vn -0.2789 0.8653 -0.4166
vn 0.5550 0.7419 -0.3763
vn 0.4166 0.8653 -0.2789
vn -0.2921 0.7421 0.6033
vn -0.2206 0.8650 0.4507
vn -0.6033 0.7419 -0.2925
vn -0.4498 0.8653 -0.2213
vn 0.0510 0.7389 0.6719
vn 0.0293 0.8619 0.5063
vn 0.4304 0.2241 -0.8744
vn -0.0645 0.2241 -0.9724
vn 0.0665 0.2349 0.9697
vn 0.5422 0.2240 0.8098
vn 0.8744 0.2241 0.4304
vn 0.9724 0.2242 -0.0645
vn -0.9724 0.2241 0.0645
vn -0.8099 0.2241 0.5421
vn -0.5421 0.2241 -0.8099
vn 0.8099 0.2241 -0.5421
vn -0.4306 0.2243 0.8742
vn -0.8744 0.2241 -0.4304
vn 0.0710 0.2257 0.9716
vn -0.7856 -0.4870 -0.3817
vn -0.8712 -0.4870 0.0622
vn 0.3817 -0.4870 -0.7856
vn -0.0622 -0.4870 -0.8712
vn 0.0496 -0.4457 0.8938
vn 0.4905 -0.4861 0.7233
vn 0.7856 -0.4870 0.3817
vn 0.8712 -0.4870 -0.0622
vn -0.7233 -0.4871 0.4895
vn -0.4895 -0.4871 -0.7233
vn 0.7233 -0.4870 -0.4895
vn -0.3818 -0.4873 0.7854
vn 0.0550 -0.4793 0.8759
vn 0.0768 -0.8089 0.5829
vn -0.1780 -0.9151 0.3617
vn 0.0184 -0.9105 0.4131
vn 0.2297 -0.9139 0.3347
vn 0.3617 -0.9151 0.1780
vn -0.3617 -0.9151 -0.1780
vn -0.4023 -0.9151 0.0267
vn 0.1780 -0.9151 -0.3617
vn -0.0267 -0.9151 -0.4023
vn 0.4023 -0.9151 -0.0267
vn -0.3350 -0.9151 0.2243
vn -0.2243 -0.9151 -0.3350
vn 0.3350 -0.9151 -0.2243
vn -0.0000 1.0000 -0.0000
vn 0.8980 -0.0000 0.4400
vn 0.5577 -0.0000 0.8301
vn -0.4400 -0.0000 0.8980
vn -0.8301 -0.0000 0.5577
vn -0.0679 -0.0000 -0.9977
vn 0.4400 -0.0000 -0.8980
vn -0.8980 -0.0000 -0.4400
vn -0.5577 -0.0000 -0.8301
vn 0.9977 -0.0000 -0.0679
vn 0.0679 -0.0000 0.9977
vn -0.0680 -0.0000 -0.9977
vn -0.9977 -0.0000 0.0679
vn 0.8301 -0.0000 -0.5577
vn -0.0161 0.9941 -0.1071
vn -0.1001 0.9866 -0.1285
vn -0.1433 0.9863 -0.0817
vn -0.1044 0.9944 -0.0162
vn -0.1743 0.9845 0.0185
vn -0.1369 0.9868 0.0860
vn -0.0396 0.9941 0.1008
vn -0.0876 0.9811 0.1724
vn 0.0224 0.9866 0.1613
vn 0.0833 0.9863 0.1424
vn 0.0814 0.9944 0.0679
vn 0.1602 0.9845 0.0711
vn 0.1713 0.9852 -0.0051
vn 0.0972 0.9944 -0.0412
vn 0.1417 0.9845 -0.1032
vn 0.0756 0.9868 -0.1430
vn -0.0103 0.9811 -0.1931
vn 0.1014 -0.9940 0.0405
vn 0.1727 -0.9811 0.0878
vn 0.0782 -0.9882 0.1319
vn 0.1610 -0.9867 -0.0226
vn 0.0401 -0.9941 -0.1004
vn 0.1320 -0.9882 -0.0781
vn 0.0876 -0.9811 -0.1724
vn -0.0224 -0.9866 -0.1613
vn -0.1014 -0.9940 -0.0405
vn -0.0782 -0.9882 -0.1319
vn -0.1727 -0.9811 -0.0878
vn -0.1610 -0.9867 0.0226
vn -0.0401 -0.9941 0.1004
vn -0.1320 -0.9882 0.0781
vn -0.0876 -0.9811 0.1724
vn 0.0224 -0.9866 0.1613
vn 0.1109 0.9928 0.0444
vn 0.1074 0.9803 0.1655
vn 0.1850 0.9785 0.0914
vn 0.1985 0.9799 -0.0174
vn 0.1655 0.9803 -0.1074
vn 0.0441 0.9930 -0.1099
vn 0.0914 0.9785 -0.1850
vn -0.0173 0.9799 -0.1986
vn -0.1074 0.9803 -0.1655
vn -0.1109 0.9928 -0.0444
vn -0.1850 0.9785 -0.0914
vn -0.1985 0.9799 0.0174
vn -0.1655 0.9803 0.1074
vn -0.0441 0.9930 0.1099
vn -0.0914 0.9785 0.1850
vn 0.0173 0.9799 0.1986
vn -0.5327 -0.2962 -0.7928
vn -0.5053 -0.4231 -0.7521
vn -0.0616 -0.4231 -0.9040
vn -0.0649 -0.2962 -0.9529
vn 0.7928 -0.2962 -0.5327
vn 0.7521 -0.4231 -0.5053
vn 0.9040 -0.4231 -0.0616
vn 0.9529 -0.2962 -0.0649
vn -0.4203 -0.2961 0.8577
vn -0.3987 -0.4231 0.8136
vn -0.7521 -0.4231 0.5053
vn -0.7928 -0.2962 0.5327
vn -0.8577 -0.2962 -0.4202
vn -0.8136 -0.4231 -0.3987
vn 0.4202 -0.2962 -0.8577
vn 0.3987 -0.4231 -0.8136
vn 0.0661 -0.2958 0.9530
vn 0.0615 -0.4231 0.9040
vn 0.8577 -0.2962 0.4202
vn 0.8136 -0.4231 0.3987
vn 0.5053 -0.4231 0.7521
vn 0.5327 -0.2962 0.7928
vn -0.9529 -0.2962 0.0649
vn -0.9040 -0.4231 0.0616
vn 0.0616 -0.4231 0.9040
vn 0.0640 -0.2965 0.9529
vn -0.8222 -0.1512 0.5488
vn -0.9864 -0.1512 0.0642
vn 0.9864 -0.1512 -0.0642
vn 0.8863 -0.1512 0.4376
vn 0.5486 -0.1514 0.8223
vn 0.1315 -0.3226 0.9373
vn -0.0642 -0.1512 -0.9864
vn 0.4376 -0.1512 -0.8863
vn -0.8863 -0.1512 -0.4376
vn -0.0095 -0.3212 0.9469
vn -0.4381 -0.1512 0.8861
vn 0.8222 -0.1512 -0.5488
vn -0.5488 -0.1512 -0.8222
vn 0.4882 -0.7548 -0.4381
vn 0.4535 -0.8164 -0.3576
vn 0.0135 -0.3267 -0.9450
vn 0.0580 -0.4666 -0.8826
vn 0.6278 -0.3411 0.6997
vn 0.6296 -0.4080 0.6612
vn 0.5299 -0.8429 -0.0935
vn 0.3949 0.0246 0.9184
vn 0.3723 0.0013 0.9281
vn -0.2696 0.6697 0.6920
vn -0.1303 0.5636 0.8157
vn -0.7083 0.6569 -0.2585
vn -0.6398 0.5503 -0.5365
vn -0.3252 -0.1226 -0.9377
vn -0.4374 0.0262 -0.8989
vn 0.6832 -0.7252 -0.0855
vn 0.7365 -0.4733 -0.4833
vn 0.5696 -0.3758 0.7309
vn 0.7661 -0.6411 -0.0453
vn 0.2158 -0.1892 0.9579
vn -0.3953 0.2530 0.8830
vn -0.8145 0.5573 -0.1613
vn -0.2988 0.1696 -0.9391
vn 0.2616 0.8806 -0.3952
vn 0.7652 -0.3898 0.5124
vn 0.9152 0.3971 -0.0684
vn 0.4347 -0.7098 0.5543
vn 0.0073 -0.6215 0.7834
vn -0.7687 -0.3092 0.5599
vn -0.9186 0.3056 -0.2507
vn -0.2589 0.9161 -0.3062
vn 0.2102 0.9757 -0.0625
vn 0.1612 -0.9834 0.0837
vn -0.6828 -0.7303 0.0208
vn 0.7075 -0.7035 -0.0669
vn 0.8852 -0.1994 0.4203
vn -0.0626 -0.7527 -0.6554
vn -0.8425 0.0570 -0.5357
vn 0.7131 0.2577 0.6520
vn 0.0861 0.4300 0.8987
vn 0.8829 -0.1228 0.4532
vn 0.5742 -0.5578 -0.5992
vn -0.7788 0.5165 0.3560
vn 0.5522 0.0624 0.8314
vn 0.9288 -0.2384 -0.2837
vn 0.8596 -0.1381 0.4919
vn 0.1896 -0.2404 -0.9520
vn -0.8565 0.0424 -0.5144
vn -0.6703 0.2045 0.7134
vn 0.5621 0.0552 0.8253
vn -0.1725 -0.0291 0.9846
vn 0.9134 0.0001 0.4071
vn 0.7535 -0.0227 -0.6571
vn -0.8848 -0.0064 0.4660
vn 0.5400 -0.0533 0.8400
vn 0.9392 0.1428 -0.3123
vn 0.9436 -0.0001 0.3312
vn 0.1435 0.0927 -0.9853
vn -0.2166 0.2287 -0.9491
vn 0.5126 -0.1926 0.8367
vn -0.1997 -0.3035 0.9317
vn 0.6320 -0.2320 0.7394
vn 0.6755 0.2934 -0.6765
vn -0.9960 -0.0752 -0.0490
vn -0.7035 -0.2316 0.6719
vn 0.5356 -0.5347 0.6536
vn -0.2316 -0.4918 0.8393
vn 0.9507 0.1179 -0.2869
vn 0.7872 -0.2260 0.5738
vn 0.6410 0.3947 -0.6583
vn -0.0028 0.4705 -0.8824
vn -0.9774 0.1372 -0.1608
vn -0.7259 -0.3410 0.5974
vn 0.5984 -0.5906 0.5414
vn -0.0560 0.6548 -0.7538
vn -0.9813 0.1816 -0.0632
vn 0.4595 -0.6672 0.5863
vn -0.2294 -0.6369 0.7360
vn 0.9371 0.0132 -0.3487
vn 0.5491 -0.6183 0.5623
vn 0.6496 0.4246 -0.6307
vn -0.9695 0.2441 0.0202
vn -0.7065 -0.3652 0.6062
vn -0.3157 0.7260 -0.6109
vn 0.5487 -0.6899 0.4721
vn 0.3695 -0.7395 0.5627
vn 0.6297 0.4291 -0.6475
vn 0.9550 -0.1566 -0.2518
vn -0.0972 0.7202 -0.6869
vn -0.9577 0.2358 0.1652
vn -0.8479 -0.2064 0.4883
vn -0.3236 -0.6027 0.7295
vn 0.3488 -0.7250 0.5939
vn 0.8817 -0.4650 0.0793
vn 0.5858 0.3712 -0.7204
vn 0.6705 0.3352 -0.6619
vn -0.6854 -0.3185 0.6548
vn 0.3147 -0.7305 0.6061
vn -0.2342 -0.5756 0.7835
vn 0.8235 -0.5415 0.1693
vn 0.1914 0.5195 -0.8328
vn -0.9349 0.0668 0.3486
vn -0.7771 -0.1614 0.6083
vn 0.4492 -0.6663 0.5952
vn 0.9296 -0.2457 -0.2746
vn 0.8080 -0.5500 0.2112
vn -0.8749 0.1516 0.4600
vn -0.5615 -0.3073 0.7683
vn 0.5084 -0.6243 0.5931
vn -0.1679 -0.4504 0.8769
vn 0.8137 -0.5390 0.2178
vn 0.4567 0.2058 -0.8655
vn -0.9080 0.3869 0.1609
vn 0.5598 -0.5078 0.6548
vn -0.0367 -0.3095 0.9502
vn 0.8653 -0.3770 -0.3303
vn 0.8247 -0.4986 0.2669
vn -0.2229 0.3615 -0.9053
vn -0.5531 -0.0068 0.8331
vn 0.6529 -0.3327 0.6805
vn 0.0891 -0.0733 0.9933
vn 0.8725 -0.4364 0.2198
vn 0.1447 -0.1896 -0.9711
vn -0.2434 0.1504 -0.9582
vn -0.9144 0.3574 0.1903
vn -0.5530 0.3542 0.7541
vn -0.3970 0.1977 0.8963
vn 0.7346 -0.1491 0.6619
vn 0.1043 0.1272 0.9864
vn 0.7763 -0.4732 -0.4166
vn 0.9119 -0.3854 0.1412
vn -0.4584 0.0672 -0.8862
vn 0.3646 -0.4559 -0.8120
vn -0.7847 0.4939 0.3745
vn -0.2146 0.3842 0.8980
vn 0.7873 -0.0671 0.6129
vn 0.1647 0.3656 0.9161
vn 0.9137 -0.2798 0.2946
vn -0.0105 -0.3649 -0.9310
vn -0.7819 0.5483 0.2967
vn 0.7421 0.0186 0.6701
vn 0.1740 0.4727 0.8639
vn 0.7878 -0.5659 -0.2431
vn 0.9312 -0.2693 0.2456
vn 0.0954 -0.7492 -0.6554
vn -0.4816 -0.3396 -0.8079
vn -0.4117 -0.3404 -0.8453
vn -0.7566 0.6449 0.1078
vn 0.5446 0.3212 0.7748
vn 0.8101 0.0620 0.5831
vn 0.9011 -0.3276 0.2840
vn -0.0751 0.7526 0.6542
vn 0.7306 0.1469 0.6668
vn 0.2295 0.7402 0.6320
vn 0.6335 -0.7737 0.0019
vn 0.8994 -0.3026 0.3154
vn -0.7107 -0.2617 -0.6530
vn -0.5644 0.8187 0.1061
vn 0.8140 0.0141 0.5807
vn 0.8002 -0.2487 0.5457
vn 0.1238 0.8997 0.4186
vn 0.7243 0.2079 0.6574
vn 0.3903 0.7333 0.5567
vn -0.0723 -0.8759 -0.4770
vn 0.3125 -0.9488 -0.0468
vn -0.2648 -0.8352 -0.4820
vn -0.7627 -0.1053 -0.6381
vn -0.6058 0.7943 -0.0464
vn 0.7720 0.0032 0.6356
vn 0.6393 -0.5739 0.5118
vn -0.0768 -0.9857 -0.1499
vn -0.4004 0.8950 -0.1965
vn 0.1300 0.9635 0.2342
vn 0.7140 -0.1196 0.6898
vn 0.6864 -0.1775 0.7052
vn 0.2190 -0.9655 0.1408
vn 0.6481 -0.3847 0.6573
vn -0.1890 -0.9371 -0.2935
vn -0.4733 -0.4998 -0.7253
vn -0.5711 0.5952 -0.5654
vn 0.1263 0.9371 0.3253
vn 0.3571 0.8340 0.4207
vn 0.4199 0.6324 0.6509
vn 0.5510 -0.2615 0.7925
vn 0.5398 -0.4878 0.6861
vn -0.1165 -0.8990 -0.4222
vn 0.0883 -0.9839 -0.1553
vn -0.4817 0.6418 -0.5967
vn 0.0394 0.9365 0.3486
vn 0.1566 0.8045 0.5730
vn -0.3259 -0.4635 -0.8240
vn 0.2481 0.6705 0.6992
vn 0.3994 -0.2670 0.8770
vn 0.1761 -0.9811 0.0806
vn 0.4257 0.2400 0.8725
vn 0.0167 -0.9290 -0.3698
vn -0.3578 0.6596 -0.6610
vn 0.0256 0.9108 0.4120
vn -0.2331 0.8904 -0.3910
vn -0.2361 -0.4062 -0.8828
vn 0.1008 0.6690 0.7364
vn 0.1226 -0.7608 0.6373
vn 0.0880 -0.9944 0.0588
vn 0.2311 -0.4031 0.8855
vn -0.1573 -0.1305 -0.9789
vn 0.0442 -0.9290 -0.3675
vn -0.0023 -0.6526 -0.7577
vn -0.0852 0.8704 -0.4849
vn -0.0495 0.9411 0.3344
vn -0.0374 0.8930 0.4485
vn -0.0158 -0.2444 0.9695
vn -0.1024 0.5385 0.8364
vn -0.0507 -0.9818 0.1828
vn -0.0344 -0.4749 0.8794
vn 0.0876 -0.0423 -0.9953
vn 0.0364 -0.9078 -0.4177
vn 0.2731 -0.2399 -0.9316
vn 0.1685 0.8861 -0.4318
vn -0.0290 0.9419 0.3347
vn -0.2156 -0.4632 0.8597
vn -0.0581 0.9079 0.4151
vn -0.2516 -0.9386 0.2361
vn -0.3178 -0.5724 0.7558
vn -0.4164 -0.2689 0.8685
vn -0.2601 0.6736 0.6918
vn 0.0047 -0.9220 -0.3871
vn 0.1492 -0.8324 -0.5336
vn 0.4158 -0.1597 -0.8953
vn 0.3551 0.8898 -0.2866
vn -0.6301 -0.1602 0.7598
vn -0.2347 -0.9718 -0.0231
vn -0.5550 -0.3238 0.7662
vn -0.0890 0.8688 0.4871
vn 0.5633 0.6657 -0.4895
vn -0.4744 0.5229 0.7082
vn -0.5649 -0.6177 0.5471
vn 0.0767 -0.9605 -0.2674
vn 0.4154 -0.5518 -0.7231
vn -0.0889 0.9713 0.2205
vn -0.6747 -0.1250 0.7274
vn -0.5490 0.6380 0.5399
vn -0.1229 -0.9911 0.0512
vn -0.6041 -0.5749 0.5518
vn 0.6032 -0.5045 -0.6178
vn -0.3323 0.8748 0.3526
vn -0.7670 -0.1756 0.6172
vn -0.6557 -0.5116 0.5552
vn 0.1942 -0.9695 -0.1494
vn 0.7155 -0.5346 -0.4497
vn 0.5520 0.7093 -0.4384
vn -0.2215 0.9715 0.0851
vn -0.8155 -0.0876 0.5721
vn -0.6999 0.6386 0.3199
vn -0.5595 0.7751 0.2935
vn -0.0722 -0.9900 0.1214
vn -0.6941 -0.5859 0.4183
vn 0.3090 -0.9485 -0.0699
vn 0.8407 -0.4844 -0.2419
vn 0.6743 0.6258 -0.3920
vn -0.9684 -0.1230 0.2170
vn -0.6982 0.6893 0.1935
vn -0.8842 0.4029 0.2364
vn -0.1370 -0.9818 0.1313
vn 0.0125 0.9960 -0.0885
vn -0.2972 0.9547 0.0142
vn -0.7418 -0.6358 0.2135
vn 0.3536 -0.9354 -0.0012
vn 0.9052 -0.4244 -0.0220
vn 0.6860 0.7047 -0.1812
vn -0.9928 -0.0996 -0.0673
vn -0.7481 0.6635 0.0098
vn -0.8775 0.4794 -0.0126
vn 0.1481 -0.9887 0.0234
vn 0.6151 0.7874 0.0421
vn -0.2440 0.9692 -0.0340
vn -0.2759 -0.9527 -0.1275
vn 0.3467 -0.9378 0.0169
vn 0.9544 -0.2542 0.1566
vn -0.7790 -0.6142 -0.1259
vn -0.7059 0.6967 -0.1276
vn -0.8593 -0.3804 -0.3419
vn 0.4872 0.8459 0.2171
vn -0.3124 0.9493 0.0343
vn -0.9257 0.1017 -0.3642
vn 0.3222 -0.9457 -0.0425
vn 0.8358 -0.5076 0.2094
vn 0.6126 0.6805 0.4020
vn -0.8527 -0.2354 -0.4663
vn -0.1799 -0.9660 -0.1857
vn -0.9135 0.1940 -0.3577
vn 0.3188 -0.9478 0.0037
vn -0.7099 0.6508 -0.2692
vn -0.2703 0.9627 0.0134
vn -0.6790 0.6543 -0.3329
vn -0.7148 -0.4982 -0.4908
vn 0.8027 -0.4598 0.3798
vn 0.7511 -0.2987 0.5887
vn -0.8237 -0.1172 -0.5547
vn -0.7095 -0.5263 -0.4685
vn 0.3998 -0.9012 0.1672
vn 0.3278 -0.8991 0.2903
vn 0.4554 0.8218 0.3423
vn -0.7185 0.5147 -0.4677
vn -0.8270 -0.1092 -0.5515
vn -0.5496 0.6955 -0.4629
vn -0.3147 -0.9273 -0.2028
vn -0.7182 -0.4720 -0.5113
vn -0.1629 0.9584 -0.2344
vn -0.7128 -0.2695 -0.6476
vn -0.7316 -0.2125 -0.6477
vn -0.2544 -0.9648 -0.0669
vn 0.6115 -0.4966 0.6161
vn 0.1205 -0.9491 0.2909
vn 0.4786 0.8206 0.3124
vn -0.4617 0.5540 -0.6928
vn -0.6048 -0.5631 -0.5631
vn 0.6359 0.2001 0.7454
vn 0.0657 0.9881 -0.1389
vn -0.5146 -0.3132 -0.7982
vn -0.4303 0.3599 -0.8278
vn 0.0274 -0.9444 0.3278
vn -0.2163 -0.9713 -0.0991
vn 0.3967 -0.4671 0.7902
vn 0.3413 0.8756 0.3417
vn -0.0008 0.9574 -0.2888
vn -0.1673 0.6875 -0.7066
vn -0.4103 -0.6333 -0.6562
vn 0.3767 0.2836 0.8818
vn -0.2149 -0.4240 -0.8798
vn -0.1274 0.4866 -0.8643
vn 0.0147 -0.9273 0.3741
vn -0.0161 -0.9637 0.2665
vn 0.1320 -0.2802 0.9508
vn 0.1179 0.8833 0.4538
vn 0.0154 0.9509 -0.3092
vn -0.0377 0.6587 -0.7514
vn 0.0710 -0.9672 -0.2438
vn 0.0751 -0.2553 -0.9639
vn 0.0875 -0.6227 -0.7775
vn 0.0152 -0.9342 0.3565
vn 0.0035 -0.2330 0.9725
vn -0.0314 0.8980 0.4388
vn -0.0243 0.9410 -0.3376
vn 0.1251 -0.2268 -0.9659
vn 0.0568 0.6813 -0.7298
vn 0.0568 -0.9229 0.3808
vn -0.1572 0.8385 0.5217
vn -0.1251 -0.3651 0.9225
vn -0.0744 0.9427 -0.3251
vn 0.3496 -0.1626 -0.9227
vn 0.1959 -0.9774 -0.0795
vn 0.2455 -0.3506 -0.9038
vn -0.3073 0.6739 0.6719
vn 0.0158 0.8302 -0.5573
vn 0.2343 0.5622 -0.7931
vn 0.3741 -0.5339 -0.7583
vn 0.0089 -0.9610 0.2763
vn -0.3280 -0.2442 0.9126
vn 0.2806 0.5631 -0.7773
vn 0.4218 -0.1557 -0.8932
vn 0.3030 0.7060 -0.6401
vn 0.1135 -0.9921 -0.0529
vn 0.4200 -0.4439 -0.7915
vn -0.3817 -0.5210 0.7634
vn -0.4154 0.6999 0.5811
vn 0.0778 0.9546 -0.2877
vn 0.5477 -0.3363 -0.7661
vn 0.4598 -0.5841 -0.6689
vn -0.2143 -0.9129 0.3473
vn 0.4343 0.7384 -0.5159
vn 0.6463 -0.0578 -0.7609
vn -0.1863 -0.9635 0.1923
vn -0.6341 -0.2417 0.7345
vn 0.2451 0.9264 -0.2859
vn 0.6822 -0.3186 -0.6581
vn 0.1074 -0.9833 -0.1472
vn 0.5837 -0.4737 -0.6595
vn -0.4128 0.8094 0.4176
vn 0.5328 0.7508 -0.3904
vn 0.6570 -0.4980 -0.5660
vn -0.2523 -0.9537 0.1635
vn 0.1293 -0.9830 -0.1306
vn -0.7638 -0.2438 0.5976
vn 0.2570 0.9528 -0.1616
vn 0.8012 -0.2813 -0.5281
vn -0.4495 0.8315 0.3264
vn 0.6346 0.7035 -0.3200
vn 0.7949 -0.3819 -0.4714
vn -0.2980 -0.9451 0.1340
vn 0.1689 -0.9820 -0.0848
vn -0.8581 -0.2274 0.4604
vn 0.2524 0.9611 -0.1122
vn 0.8774 -0.2870 -0.3844
vn -0.4783 0.8514 0.2154
vn 0.6958 0.6661 -0.2686
vn 0.9313 -0.1656 -0.3245
vn -0.3347 -0.9313 0.1437
vn -0.9230 -0.1980 0.3298
vn 0.2126 0.9714 -0.1059
vn 0.9543 -0.1001 -0.2817
vn 0.2733 -0.9608 0.0467
vn -0.4914 0.8709 -0.0000
vn 0.9730 -0.0280 -0.2292
vn 0.7074 0.6399 -0.3002
vn 0.8521 -0.5190 -0.0682
vn -0.2720 -0.9243 0.2679
vn -0.9269 -0.2682 0.2626
vn 0.2245 0.9429 -0.2459
vn 0.9867 -0.0010 -0.1624
vn 0.6837 0.6010 -0.4140
vn 0.3845 -0.8564 0.3446
vn 0.8965 -0.4390 0.0598
vn -0.2188 -0.8605 0.4601
vn -0.9362 -0.2320 0.2642
vn -0.5356 0.7913 -0.2950
vn 0.1908 0.8750 -0.4450
vn 0.9920 0.0143 -0.1252
vn 0.6790 0.5299 -0.5082
vn 0.4146 -0.7374 0.5333
vn 0.9100 -0.3716 0.1838
vn -0.1849 -0.7534 0.6310
vn -0.9241 -0.2407 0.2967
vn -0.5601 0.6845 -0.4666
vn 0.1680 0.7689 -0.6169
vn 0.9823 0.0913 -0.1633
vn 0.6233 0.4810 -0.6165
vn 0.3269 -0.6579 0.6785
vn 0.9505 -0.2694 0.1549
vn -0.0123 -0.6599 0.7513
vn -0.8554 -0.3431 0.3881
vn -0.7187 0.5328 -0.4467
vn 0.1414 0.6832 -0.7164
vn 0.9680 0.0975 -0.2314
vn 0.9663 -0.1961 0.1667
vn -0.0237 -0.6026 0.7977
vn 0.1608 0.5918 -0.7899
vn -0.4129 0.6010 -0.6844
vn 0.9895 0.0369 -0.1399
vn 0.6885 0.3610 -0.6290
vn 0.4118 -0.5552 0.7226
vn 0.9559 -0.2292 0.1834
vn 0.5329 -0.4913 0.6890
vn -0.7998 -0.2974 0.5214
vn -0.7546 0.4285 -0.4969
vn -0.7889 -0.2535 0.5598
vn -0.0297 0.5520 -0.8333
vn 0.9107 0.1294 -0.3924
vn 0.9386 -0.2438 0.2443
vn -0.1210 -0.4705 0.8741
vn 0.3190 0.4663 -0.8251
vn 0.9020 0.1445 -0.4068
vn 0.5693 0.3094 -0.7617
vn 0.4595 -0.4530 0.7640
vn 0.9362 -0.2600 0.2367
vn -0.7131 -0.2336 0.6610
vn -0.6141 0.4611 -0.6406
vn -0.2513 0.4824 -0.8392
vn 0.9433 -0.0466 -0.3286
vn 0.9084 -0.3042 0.2868
vn 0.2165 0.3505 -0.9112
vn 0.9581 -0.1748 -0.2267
vn 0.5915 0.1189 -0.7975
vn 0.4727 -0.4126 0.7787
vn 0.9078 -0.3343 0.2532
vn -0.1116 -0.3357 0.9353
vn -0.7556 -0.0325 0.6543
vn -0.7009 0.3725 -0.6083
vn 0.9057 -0.3218 -0.2760
vn 0.5729 -0.0580 -0.8176
vn 0.4967 -0.3722 0.7841
vn 0.8828 -0.4130 0.2239
vn -0.0583 -0.1975 0.9786
vn -0.6915 0.1502 0.7066
vn -0.6846 0.4193 -0.5963
vn 0.0460 0.1871 -0.9813
vn 0.7382 -0.5688 -0.3628
vn 0.4013 -0.4163 -0.8159
vn 0.5727 -0.3662 0.7334
vn 0.8014 -0.5764 0.1596
vn 0.0116 0.0602 0.9981
vn -0.4653 0.4376 0.7694
vn -0.6893 0.4567 -0.5624
vn -0.1123 0.0258 -0.9933
vn 0.4884 -0.7575 -0.4332
vn 0.0573 -0.4721 -0.8797
vn 0.6464 -0.4281 0.6316
vn 0.6310 -0.7738 0.0549
vn 0.4475 -0.0431 0.8932
vn -0.5186 0.7064 0.4818
vn -0.6620 0.2348 -0.7117
vn -0.5137 0.8150 -0.2681
vn -0.3793 0.5303 -0.7582
vn -0.3795 0.5324 -0.7567
vn -0.3749 0.5344 -0.7575
vn -0.3770 0.5348 -0.7562
vn -0.3783 0.5356 -0.7550
vn 0.4300 0.7812 -0.4527
vn -0.3786 0.5362 -0.7544
vn -0.3766 0.5359 -0.7556
vn -0.3774 0.5351 -0.7558
vn -0.3775 0.5347 -0.7560
vn -0.3780 0.5353 -0.7554
vn -0.3782 0.5348 -0.7556
vn -0.3769 0.5353 -0.7559
vn -0.3761 0.5341 -0.7572
vn -0.3794 0.5329 -0.7563
vn -0.3807 0.5327 -0.7559
vn -0.3797 0.5356 -0.7543
vn -0.3790 0.5354 -0.7548
vn -0.3766 0.5340 -0.7570
vn 0.1307 -0.4915 0.8610
vn 0.3794 -0.5325 0.7566
vn 0.3793 -0.5303 0.7582
vn 0.3746 -0.5348 0.7574
vn 0.3771 -0.5348 0.7562
vn 0.3783 -0.5356 0.7550
vn 0.3785 -0.5364 0.7543
vn -0.0986 -0.9937 0.0529
vn 0.3766 -0.5359 0.7556
vn 0.3775 -0.5347 0.7560
vn 0.3774 -0.5351 0.7558
vn 0.3780 -0.5353 0.7554
vn 0.3768 -0.5354 0.7559
vn 0.3783 -0.5348 0.7556
vn 0.3762 -0.5339 0.7572
vn 0.3793 -0.5331 0.7563
vn 0.3807 -0.5327 0.7559
vn 0.3798 -0.5355 0.7543
vn 0.3792 -0.5351 0.7549
vn 0.3768 -0.5337 0.7571
vn 0.8225 0.5051 0.2614
vn 0.9594 0.2558 0.1191
vn 0.6896 0.5842 0.4279
vn 0.0343 0.9427 -0.3320
vn 0.3007 0.7444 -0.5962
vn 0.0980 0.8865 -0.4521
vn -0.8082 -0.5887 -0.0129
vn -0.8083 -0.5887 -0.0129
vn 0.1278 -0.5199 -0.8446
vn 0.0906 -0.5549 -0.8270
vn 0.0439 -0.5872 -0.8083
vn 0.1175 -0.7673 -0.6305
vn 0.1167 -0.7677 -0.6301
vn 0.1266 -0.7623 -0.6347
vn 0.7715 -0.2694 -0.5763
vn 0.7715 -0.2695 -0.5763
vn 0.9706 -0.2308 0.0691
vn 0.8872 -0.4271 -0.1744
vn 0.6496 -0.0121 -0.7602
vn -0.5000 -0.8048 -0.3199
vn -0.4999 -0.8048 -0.3200
vn -0.1905 0.7538 0.6289
vn -0.1906 0.7538 0.6289
vn -0.1906 0.7537 0.6289
vn -0.7793 0.2568 0.5715
vn -0.7794 0.2570 0.5714
vn -0.7794 0.2570 0.5715
vn -0.7793 0.2567 0.5716
vn -0.6271 0.2914 0.7224
vn -0.5976 0.5516 0.5819
vn -0.9013 -0.4138 0.1284
vn -0.9013 -0.4140 0.1277
vn -0.9013 -0.4129 0.1309
vn -0.7556 -0.6210 0.2084
vn -0.7557 -0.6322 0.1712
vn -0.7593 -0.6428 0.1013
vn -0.8949 -0.0012 0.4463
vn 0.7816 -0.2530 -0.5702
vn 0.7820 -0.2552 -0.5687
vn 0.8811 0.4725 -0.0186
vn 0.8832 0.4677 -0.0353
vn 0.8803 0.4742 -0.0118
vn 0.9320 0.3523 0.0854
vn 0.9268 0.3586 0.1116
vn 0.9316 0.3528 0.0873
vn -0.2711 0.7165 0.6428
vn -0.2712 0.7164 0.6428
vn -0.2711 0.7164 0.6428
vn 0.5893 -0.4906 -0.6419
vn -0.0736 -0.8309 -0.5515
vn -0.0737 -0.8309 -0.5515
vn -0.7715 0.2694 0.5763
vn -0.7715 0.2695 0.5763
vn 0.3777 0.8318 0.4067
vn 0.3845 0.8320 0.3999
vn 0.3750 0.8317 0.4094
vn 0.2775 0.9425 0.1864
vn 0.6190 0.7846 -0.0346
vn 0.3879 0.9184 0.0784
vt 0.568970 0.235570
vt 0.762460 0.347270
vt 0.710610 0.377210
vt 0.792390 0.295430
vt 0.792390 0.235570
vt 0.762460 0.183720
vt 0.710610 0.153790
vt 0.650750 0.153790
vt 0.598910 0.183720
vt 0.598910 0.347270
vt 0.568970 0.295430
vt 0.650750 0.377210
vt 0.423210 0.506310
vt 0.260750 0.508760
vt 0.258720 0.439170
vt 0.424340 0.432720
vt 0.421560 0.123030
vt 0.221740 0.122720
vt 0.199590 0.004650
vt 0.426940 0.039830
vt 0.422890 0.281470
vt 0.247310 0.294060
vt 0.236840 0.214210
vt 0.421430 0.203360
vt 0.412720 0.791110
vt 0.251910 0.797450
vt 0.256130 0.720110
vt 0.414430 0.720720
vt 0.420830 0.578730
vt 0.260810 0.577970
vt 0.424130 0.357820
vt 0.254390 0.368120
vt 0.415200 0.862340
vt 0.246720 0.885800
vt 0.417620 0.650110
vt 0.259170 0.647900
vt 0.426940 0.932400
vt 0.240160 1.000000
vt 0.063530 0.397300
vt 0.056330 0.339550
vt 0.029900 0.809900
vt 0.044580 0.749750
vt 0.062050 0.630760
vt 0.066400 0.571930
vt 0.067300 0.455260
vt 0.008840 0.870120
vt 0.044710 0.281960
vt 0.026780 0.224450
vt 0.054940 0.690020
vt 0.068170 0.513450
vt 0.000000 0.170320
vt 0.575040 0.789310
vt 0.597870 0.785570
vt 0.606220 0.836920
vt 0.583580 0.842210
vt 0.614690 0.426850
vt 0.636220 0.432190
vt 0.621600 0.481370
vt 0.599820 0.476140
vt 0.577500 0.578040
vt 0.600070 0.580600
vt 0.594240 0.631320
vt 0.571440 0.630300
vt 0.570170 0.736200
vt 0.593100 0.734050
vt 0.626390 0.377210
vt 0.650700 0.377490
vt 0.595640 0.894660
vt 0.618100 0.888030
vt 0.633330 0.939610
vt 0.610430 0.946710
vt 0.587060 0.526570
vt 0.609280 0.530600
vt 0.568970 0.683110
vt 0.591890 0.682550
vt 0.651250 0.998130
vt 0.624520 1.000000
vt 0.607580 0.632310
vt 0.605330 0.682620
vt 0.611320 0.783780
vt 0.619600 0.834190
vt 0.649210 0.436010
vt 0.634440 0.484870
vt 0.613260 0.582500
vt 0.606570 0.733180
vt 0.666930 0.379330
vt 0.631460 0.884410
vt 0.647260 0.935270
vt 0.622280 0.533360
vt 0.668870 0.994680
vt 0.624219 0.633764
vt 0.622101 0.682922
vt 0.628124 0.781748
vt 0.636328 0.830980
vt 0.665774 0.441781
vt 0.650452 0.489588
vt 0.629687 0.585080
vt 0.623396 0.732322
vt 0.687086 0.387289
vt 0.648157 0.879954
vt 0.664286 0.929381
vt 0.638457 0.537034
vt 0.688370 0.984942
vt 0.660760 0.825870
vt 0.672370 0.872900
vt 0.673970 0.496450
vt 0.662260 0.542140
vt 0.648640 0.635540
vt 0.646700 0.683000
vt 0.652720 0.778400
vt 0.689540 0.451060
vt 0.653840 0.588520
vt 0.648050 0.730700
vt 0.713420 0.403340
vt 0.688620 0.919360
vt 0.714490 0.966100
vt 0.507620 0.686070
vt 0.482602 0.688171
vt 0.480596 0.627761
vt 0.505820 0.627070
vt 0.568970 0.967190
vt 0.546137 0.983007
vt 0.524499 0.923096
vt 0.547510 0.914970
vt 0.532610 0.859340
vt 0.508752 0.865558
vt 0.496704 0.807247
vt 0.521070 0.802390
vt 0.520520 0.449010
vt 0.495177 0.445384
vt 0.507013 0.384830
vt 0.532190 0.389980
vt 0.482003 0.567036
vt 0.507350 0.567770
vt 0.487991 0.748062
vt 0.512720 0.744570
vt 0.522671 0.324420
vt 0.547510 0.331790
vt 0.486853 0.506171
vt 0.512250 0.508350
vt 0.544489 0.260372
vt 0.568970 0.275770
vt 0.460630 0.689640
vt 0.458460 0.628000
vt 0.525450 0.994910
vt 0.503680 0.929710
vt 0.487630 0.870690
vt 0.475250 0.811150
vt 0.472980 0.441830
vt 0.484920 0.379960
vt 0.459780 0.566010
vt 0.466240 0.750760
vt 0.500350 0.317910
vt 0.464610 0.503890
vt 0.520710 0.248500
vt 0.454690 0.502813
vt 0.463092 0.440181
vt 0.450819 0.690238
vt 0.448587 0.628037
vt 0.515930 0.997640
vt 0.494172 0.932428
vt 0.478185 0.872920
vt 0.465665 0.812835
vt 0.475057 0.377770
vt 0.449861 0.565495
vt 0.456534 0.751898
vt 0.490450 0.315263
vt 0.509546 0.246168
vt 0.490375 0.999998
vt 0.468700 0.310090
vt 0.484260 0.245070
vt 0.473400 0.938340
vt 0.457550 0.878060
vt 0.432920 0.500820
vt 0.441350 0.436950
vt 0.429340 0.691920
vt 0.426940 0.628500
vt 0.444730 0.816870
vt 0.453390 0.373350
vt 0.428120 0.564730
vt 0.435290 0.754770
vt 0.671460 0.590480
vt 0.666430 0.636270
vt 0.665930 0.728950
vt 0.670510 0.775400
vt 0.728410 0.416750
vt 0.706310 0.457890
vt 0.689580 0.867230
vt 0.704940 0.911560
vt 0.679650 0.545340
vt 0.664580 0.682500
vt 0.728410 0.952160
vt 0.678350 0.821600
vt 0.691060 0.501050
vt 0.899110 0.681240
vt 0.928610 0.681240
vt 0.928610 0.721080
vt 0.899110 0.721080
vt 0.899110 0.800770
vt 0.928610 0.800770
vt 0.928610 0.840620
vt 0.899110 0.840620
vt 0.899110 0.521850
vt 0.928610 0.521850
vt 0.928610 0.561700
vt 0.899110 0.561700
vt 0.899110 0.920310
vt 0.928610 0.920310
vt 0.928610 0.960150
vt 0.899110 0.960150
vt 0.899110 0.641390
vt 0.928610 0.641390
vt 0.899110 0.760930
vt 0.928610 0.760930
vt 0.928610 1.000000
vt 0.899110 1.000000
vt 0.899110 0.880460
vt 0.928610 0.880460
vt 0.899110 0.601550
vt 0.928610 0.601550
vt 0.898053 0.092129
vt 0.941940 0.098900
vt 0.941940 0.138970
vt 0.903303 0.142405
vt 0.921900 0.173670
vt 0.887200 0.193720
vt 0.853358 0.157006
vt 0.847130 0.193730
vt 0.812430 0.173690
vt 0.792400 0.139000
vt 0.824132 0.116699
vt 0.792390 0.098920
vt 0.812420 0.064220
vt 0.847587 0.080555
vt 0.847120 0.044180
vt 0.887180 0.044180
vt 0.921890 0.064210
vt 0.507374 0.142661
vt 0.512990 0.109310
vt 0.476620 0.109310
vt 0.544490 0.127500
vt 0.529336 0.189722
vt 0.562680 0.159010
vt 0.562680 0.195380
vt 0.544490 0.226880
vt 0.482229 0.211724
vt 0.512990 0.245070
vt 0.476610 0.245070
vt 0.445110 0.226880
vt 0.460281 0.164664
vt 0.426940 0.195370
vt 0.426950 0.159010
vt 0.445120 0.127510
vt 0.877041 0.265840
vt 0.908710 0.193730
vt 0.859550 0.193730
vt 0.816970 0.218320
vt 0.792390 0.260900
vt 0.864487 0.292527
vt 0.792390 0.310040
vt 0.816970 0.352620
vt 0.859550 0.377210
vt 0.891205 0.305098
vt 0.908710 0.377210
vt 0.951280 0.352630
vt 0.975870 0.310050
vt 0.903771 0.278407
vt 0.975860 0.260880
vt 0.951280 0.218300
vt 0.767390 0.703520
vt 0.731530 0.698330
vt 0.728410 0.745590
vt 0.764640 0.746020
vt 0.775870 0.830220
vt 0.740800 0.839240
vt 0.756120 0.884030
vt 0.789680 0.870420
vt 0.831400 0.548190
vt 0.803800 0.525940
vt 0.777260 0.564790
vt 0.808120 0.583300
vt 0.775690 0.661740
vt 0.740840 0.651890
vt 0.767470 0.788500
vt 0.731520 0.792830
vt 0.858150 0.517560
vt 0.835490 0.491890
vt 0.808690 0.908320
vt 0.777310 0.926410
vt 0.804280 0.965550
vt 0.832570 0.942940
vt 0.789370 0.621420
vt 0.756160 0.607100
vt 0.837550 1.000000
vt 0.860170 0.972760
vt 0.857175 0.611417
vt 0.841645 0.643078
vt 0.841705 0.848772
vt 0.857215 0.880163
vt 0.876545 0.909203
vt 0.899104 0.935576
vt 0.821164 0.746040
vt 0.823484 0.781111
vt 0.830324 0.676428
vt 0.899103 0.554564
vt 0.876525 0.581867
vt 0.830374 0.815561
vt 0.823454 0.710939
vt 0.998490 0.001050
vt 0.998490 0.012218
vt 0.996866 0.016325
vt 0.997116 0.001050
vt 0.984156 0.001050
vt 0.986041 0.011622
vt 0.984160 0.007620
vt 0.987518 0.001050
vt 0.987847 0.011824
vt 0.990380 0.001050
vt 0.990168 0.011444
vt 0.992093 0.011850
vt 0.992452 0.001050
vt 0.994681 0.001050
vt 0.993665 0.011348
vt 0.984160 0.014190
vt 0.998490 0.025204
vt 0.985569 0.025306
vt 0.984160 0.020760
vt 0.987867 0.025741
vt 0.990051 0.025359
vt 0.992205 0.025336
vt 0.994448 0.023671
vt 0.997161 0.036916
vt 0.984160 0.037171
vt 0.998490 0.042178
vt 0.985457 0.037570
vt 0.987644 0.033910
vt 0.990435 0.033910
vt 0.992660 0.038769
vt 0.994358 0.040795
vt 0.995630 0.040461
vt 0.987736 0.042678
vt 0.990438 0.040480
vt 0.985460 0.049497
vt 0.984160 0.047050
vt 0.990025 0.049326
vt 0.991876 0.049007
vt 0.998490 0.053620
vt 0.997208 0.056796
vt 0.984160 0.053620
vt 0.987422 0.056436
vt 0.993124 0.056180
vt 0.998490 0.060200
vt 0.985488 0.063039
vt 0.984160 0.060200
vt 0.990000 0.063075
vt 0.991830 0.062762
vt 0.994795 0.065806
vt 0.998490 0.066770
vt 0.997179 0.069923
vt 0.984160 0.066770
vt 0.987989 0.069395
vt 0.992890 0.069615
vt 0.998490 0.073340
vt 0.985531 0.076301
vt 0.984160 0.073340
vt 0.990078 0.073340
vt 0.990627 0.079702
vt 0.998490 0.079910
vt 0.997268 0.079910
vt 0.984160 0.079910
vt 0.988001 0.079910
vt 0.992860 0.079910
vt 0.995155 0.079910
vt 0.998490 0.088629
vt 0.997232 0.087800
vt 0.985722 0.088507
vt 0.984160 0.086490
vt 0.987946 0.088146
vt 0.990059 0.086490
vt 0.992193 0.086490
vt 0.995111 0.088133
vt 0.984160 0.093060
vt 0.990380 0.095554
vt 0.992031 0.093280
vt 0.998490 0.102814
vt 0.996581 0.102792
vt 0.985629 0.105189
vt 0.984160 0.100521
vt 0.987754 0.103091
vt 0.991698 0.101010
vt 0.994914 0.101104
vt 0.990743 0.108134
vt 0.998490 0.116514
vt 0.984160 0.117916
vt 0.987960 0.116204
vt 0.985697 0.125473
vt 0.990513 0.121167
vt 0.992996 0.119614
vt 0.994817 0.111099
vt 0.996400 0.122161
vt 0.998490 0.125920
vt 0.984160 0.125920
vt 0.988701 0.136101
vt 0.989065 0.130299
vt 0.995226 0.129368
vt 0.998490 0.132490
vt 0.997215 0.137013
vt 0.984160 0.132490
vt 0.990066 0.143082
vt 0.991832 0.131812
vt 0.993114 0.137291
vt 0.998490 0.139060
vt 0.985582 0.143397
vt 0.984160 0.139060
vt 0.992540 0.144366
vt 0.995465 0.143050
vt 0.998490 0.145640
vt 0.997349 0.145640
vt 0.984160 0.145640
vt 0.988204 0.150548
vt 0.992442 0.152009
vt 0.998490 0.152210
vt 0.997243 0.152210
vt 0.985497 0.154955
vt 0.984160 0.152210
vt 0.990075 0.152210
vt 0.995324 0.152210
vt 0.998490 0.158780
vt 0.997252 0.158780
vt 0.984160 0.158780
vt 0.987711 0.160958
vt 0.990084 0.158780
vt 0.991878 0.158780
vt 0.993265 0.161086
vt 0.995067 0.159280
vt 0.998490 0.169891
vt 0.997509 0.168823
vt 0.985255 0.177112
vt 0.984160 0.169158
vt 0.990353 0.168797
vt 0.988093 0.177898
vt 0.992631 0.178392
vt 0.994978 0.177222
vt 0.998490 0.182559
vt 0.997258 0.182031
vt 0.984160 0.182194
vt 0.990169 0.182225
vt 0.992544 0.194742
vt 0.998490 0.191640
vt 0.997167 0.195095
vt 0.985464 0.194897
vt 0.984160 0.191640
vt 0.987574 0.203405
vt 0.990018 0.195601
vt 0.988460 0.194637
vt 0.994190 0.202823
vt 0.995630 0.201037
vt 0.998490 0.198220
vt 0.984160 0.198220
vt 0.994910 0.202887
vt 0.998490 0.204790
vt 0.997035 0.210318
vt 0.985653 0.209146
vt 0.984160 0.204790
vt 0.990527 0.208383
vt 0.992624 0.208165
vt 0.998490 0.211360
vt 0.984160 0.214199
vt 0.994552 0.219079
vt 0.998490 0.217930
vt 0.997320 0.226926
vt 0.987664 0.219493
vt 0.985654 0.224372
vt 0.989690 0.224047
vt 0.991020 0.224563
vt 0.992449 0.217930
vt 0.998490 0.224500
vt 0.984160 0.227002
vt 0.988017 0.229272
vt 0.992804 0.227811
vt 0.994910 0.229058
vt 0.998490 0.231080
vt 0.998490 0.244173
vt 0.985346 0.246411
vt 0.984160 0.242989
vt 0.988233 0.245753
vt 0.990099 0.248214
vt 0.992051 0.241991
vt 0.992903 0.251224
vt 0.995108 0.244282
vt 0.997107 0.247265
vt 0.998490 0.253006
vt 0.984160 0.250790
vt 0.987838 0.259526
vt 0.986157 0.260547
vt 0.991538 0.254386
vt 0.994750 0.256204
vt 0.984160 0.257370
vt 0.990093 0.263796
vt 0.996919 0.262020
vt 0.998490 0.267464
vt 0.985608 0.273354
vt 0.984160 0.266966
vt 0.987835 0.272866
vt 0.991953 0.267881
vt 0.994705 0.270974
vt 0.992633 0.276511
vt 0.989532 0.273903
vt 0.996961 0.275489
vt 0.998490 0.281582
vt 0.985763 0.286332
vt 0.984160 0.280191
vt 0.990788 0.280261
vt 0.987409 0.287281
vt 0.989534 0.287204
vt 0.992087 0.287975
vt 0.994572 0.287269
vt 0.996700 0.287150
vt 0.998490 0.294147
vt 0.997226 0.295035
vt 0.985403 0.295560
vt 0.984160 0.293263
vt 0.990755 0.293780
vt 0.987458 0.300230
vt 0.990300 0.302210
vt 0.992604 0.300312
vt 0.994621 0.300221
vt 0.998490 0.303370
vt 0.994610 0.309961
vt 0.985408 0.307101
vt 0.984160 0.306132
vt 0.998490 0.309940
vt 0.996956 0.312472
vt 0.987710 0.311972
vt 0.989534 0.312703
vt 0.990750 0.312084
vt 0.992107 0.312071
vt 0.998490 0.322701
vt 0.985425 0.320522
vt 0.984160 0.316520
vt 0.994876 0.318068
vt 0.991976 0.325255
vt 0.997421 0.323090
vt 0.984160 0.323090
vt 0.987301 0.326746
vt 0.990256 0.323090
vt 0.994787 0.329523
vt 0.998490 0.329660
vt 0.997298 0.333055
vt 0.985488 0.334703
vt 0.984160 0.329660
vt 0.990331 0.332112
vt 0.993156 0.332336
vt 0.998490 0.336230
vt 0.984160 0.336230
vt 0.987991 0.340015
vt 0.989996 0.342105
vt 0.991700 0.340641
vt 0.994712 0.343476
vt 0.998490 0.345084
vt 0.997120 0.346055
vt 0.984160 0.342810
vt 0.985631 0.348650
vt 0.984160 0.349380
vt 0.987917 0.353132
vt 0.990060 0.355574
vt 0.991890 0.353157
vt 0.998490 0.360720
vt 0.996947 0.359133
vt 0.984160 0.355950
vt 0.985608 0.362000
vt 0.993135 0.359386
vt 0.994749 0.359184
vt 0.984160 0.362520
vt 0.987778 0.365973
vt 0.990126 0.369085
vt 0.991883 0.366443
vt 0.998490 0.373282
vt 0.996916 0.372143
vt 0.984160 0.371434
vt 0.985952 0.372652
vt 0.992347 0.374552
vt 0.994599 0.372441
vt 0.985458 0.382858
vt 0.987402 0.378913
vt 0.990345 0.381130
vt 0.998490 0.382240
vt 0.996839 0.387011
vt 0.984160 0.384331
vt 0.992730 0.384748
vt 0.994519 0.385370
vt 0.998490 0.388810
vt 0.987757 0.388469
vt 0.990281 0.390620
vt 0.991848 0.391360
vt 0.998490 0.401832
vt 0.985644 0.404470
vt 0.984160 0.395380
vt 0.987731 0.402158
vt 0.993165 0.400307
vt 0.994546 0.401933
vt 0.997236 0.405631
vt 0.984160 0.401960
vt 0.990224 0.401960
vt 0.990921 0.414489
vt 0.998490 0.408530
vt 0.984160 0.408530
vt 0.989521 0.411713
vt 0.987702 0.415874
vt 0.992757 0.411267
vt 0.995630 0.411831
vt 0.998490 0.415100
vt 0.997294 0.418591
vt 0.985414 0.416719
vt 0.984160 0.415100
vt 0.994834 0.421509
vt 0.998490 0.424069
vt 0.984160 0.421670
vt 0.985621 0.427681
vt 0.990158 0.424906
vt 0.988097 0.426227
vt 0.992818 0.424731
vt 0.997068 0.431590
vt 0.984160 0.428250
vt 0.991330 0.432225
vt 0.994416 0.431730
vt 0.998490 0.439225
vt 0.984160 0.434820
vt 0.987880 0.438622
vt 0.985600 0.440952
vt 0.990189 0.437859
vt 0.992538 0.438603
vt 0.995009 0.440018
vt 0.996956 0.444508
vt 0.984160 0.441390
vt 0.991330 0.444899
vt 0.998490 0.452139
vt 0.984160 0.450221
vt 0.987481 0.451242
vt 0.985951 0.451447
vt 0.990582 0.451794
vt 0.992440 0.451714
vt 0.994645 0.451227
vt 0.996935 0.457342
vt 0.985308 0.462900
vt 0.998490 0.461110
vt 0.984160 0.463062
vt 0.987385 0.461110
vt 0.990447 0.461876
vt 0.992485 0.461110
vt 0.994548 0.461110
vt 0.998490 0.467680
vt 0.996918 0.470465
vt 0.987655 0.470091
vt 0.992104 0.467977
vt 0.990602 0.469857
vt 0.994410 0.469812
vt 0.998490 0.480701
vt 0.985616 0.478270
vt 0.984160 0.474250
vt 0.991725 0.476312
vt 0.995138 0.479313
vt 0.997498 0.480820
vt 0.984160 0.480820
vt 0.988346 0.484177
vt 0.990981 0.483246
vt 0.993071 0.483601
vt 0.998490 0.487400
vt 0.997122 0.490581
vt 0.985683 0.494200
vt 0.984160 0.487400
vt 0.990171 0.490392
vt 0.991653 0.494097
vt 0.995506 0.490691
vt 0.998490 0.496747
vt 0.984160 0.493970
vt 0.988275 0.496947
vt 0.996996 0.503608
vt 0.984160 0.500540
vt 0.987837 0.504236
vt 0.990487 0.503476
vt 0.994798 0.503692
vt 0.998490 0.509543
vt 0.985763 0.508950
vt 0.984160 0.507110
vt 0.992641 0.510309
vt 0.996848 0.516718
vt 0.984160 0.516468
vt 0.987781 0.516895
vt 0.986037 0.519659
vt 0.990510 0.516498
vt 0.994276 0.516493
vt 0.998490 0.524597
vt 0.992490 0.523855
vt 0.996710 0.529844
vt 0.984160 0.529336
vt 0.987726 0.530012
vt 0.986017 0.534532
vt 0.990529 0.529578
vt 0.994465 0.529701
vt 0.998490 0.537568
vt 0.992181 0.537209
vt 0.996784 0.543229
vt 0.984160 0.541928
vt 0.988192 0.543519
vt 0.990470 0.542733
vt 0.994918 0.543231
vt 0.998490 0.546550
vt 0.985584 0.552303
vt 0.992604 0.552454
vt 0.998490 0.553120
vt 0.997118 0.553120
vt 0.984160 0.553120
vt 0.987315 0.553120
vt 0.990443 0.553120
vt 0.994478 0.553120
vt 0.998490 0.559690
vt 0.997159 0.559690
vt 0.985406 0.559690
vt 0.984160 0.559690
vt 0.987335 0.559690
vt 0.990410 0.559690
vt 0.992569 0.559690
vt 0.994496 0.559690
vt 0.998490 0.566260
vt 0.997143 0.566260
vt 0.985320 0.566260
vt 0.984160 0.566260
vt 0.987154 0.566260
vt 0.990349 0.566260
vt 0.992485 0.566260
vt 0.994309 0.566260
vt 0.998490 0.572840
vt 0.997223 0.575589
vt 0.985251 0.575172
vt 0.984160 0.572840
vt 0.987016 0.575471
vt 0.989999 0.572840
vt 0.992381 0.572880
vt 0.994520 0.574157
vt 0.998490 0.579410
vt 0.984160 0.579410
vt 0.989846 0.582331
vt 0.995025 0.585371
vt 0.992432 0.579410
vt 0.998490 0.585980
vt 0.997418 0.588450
vt 0.985552 0.588719
vt 0.984160 0.585980
vt 0.987030 0.589695
vt 0.988460 0.588840
vt 0.992125 0.588388
vt 0.990108 0.591033
vt 0.993120 0.589252
vt 0.998490 0.592550
vt 0.984160 0.592550
vt 0.987496 0.602565
vt 0.995521 0.595354
vt 0.998490 0.599130
vt 0.997529 0.603166
vt 0.985594 0.602652
vt 0.984160 0.599130
vt 0.990361 0.603153
vt 0.992669 0.605556
vt 0.992719 0.599130
vt 0.998490 0.605700
vt 0.984160 0.605700
vt 0.995521 0.610086
vt 0.998490 0.612270
vt 0.997395 0.612270
vt 0.985644 0.612270
vt 0.984160 0.612270
vt 0.988326 0.612270
vt 0.990228 0.612270
vt 0.992177 0.612270
vt 0.998490 0.618840
vt 0.997276 0.618840
vt 0.985594 0.618840
vt 0.984160 0.618840
vt 0.988146 0.618840
vt 0.990111 0.618840
vt 0.992211 0.618840
vt 0.995314 0.618840
vt 0.998490 0.625410
vt 0.997213 0.625410
vt 0.985596 0.625410
vt 0.984160 0.625410
vt 0.988075 0.625410
vt 0.990043 0.625410
vt 0.992232 0.625410
vt 0.995231 0.625410
vt 0.998490 0.631990
vt 0.997291 0.631990
vt 0.985457 0.631990
vt 0.984160 0.631990
vt 0.987479 0.631990
vt 0.990570 0.631990
vt 0.994536 0.631990
vt 0.899110 0.493140
vt 0.905630 0.513440
vt 0.921370 0.521850
vt 0.926180 0.397690
vt 0.930860 0.402300
vt 0.934140 0.402300
vt 0.965880 0.493140
vt 0.938680 0.397690
vt 0.938510 0.386980
vt 0.943320 0.377490
vt 0.933830 0.382370
vt 0.930550 0.382370
vt 0.921060 0.377490
vt 0.926010 0.386980
vt 0.961330 0.380480
vt 0.943630 0.521850
vt 0.959370 0.513440
vt 0.903660 0.380450
vt 0.899110 0.385840
vt 0.965880 0.385840
vt 0.635740 0.125070
vt 0.613480 0.153790
vt 0.629230 0.145380
vt 0.608680 0.029620
vt 0.604000 0.034230
vt 0.600720 0.034230
vt 0.596180 0.029620
vt 0.568970 0.125070
vt 0.596340 0.018910
vt 0.601030 0.014300
vt 0.591540 0.009420
vt 0.604300 0.014300
vt 0.608840 0.018910
vt 0.613790 0.009420
vt 0.573520 0.012410
vt 0.591230 0.153790
vt 0.575490 0.145380
vt 0.631200 0.012390
vt 0.635740 0.017770
vt 0.568970 0.017770
vt 0.566834 0.215925
vt 0.568966 0.219830
vt 0.568900 0.187550
vt 0.566763 0.181708
vt 0.730420 0.473840
vt 0.728420 0.473840
vt 0.728430 0.491890
vt 0.730430 0.491890
vt 0.730260 0.395580
vt 0.732250 0.396445
vt 0.732240 0.388760
vt 0.730250 0.388760
vt 0.728420 0.422780
vt 0.730450 0.422780
vt 0.730440 0.415750
vt 0.728410 0.415750
vt 0.568890 0.179230
vt 0.730410 0.448310
vt 0.728410 0.448310
vt 0.728410 0.405210
vt 0.730250 0.405210
vt 0.730250 0.400000
vt 0.728410 0.400010
vt 0.564990 0.225080
vt 0.566750 0.225080
vt 0.566740 0.116790
vt 0.564980 0.116790
vt 0.730250 0.403050
vt 0.732240 0.403050
vt 0.564990 0.245070
vt 0.566760 0.245070
vt 0.568970 0.103740
vt 0.566840 0.103740
vt 0.730450 0.405244
vt 0.728420 0.405224
vt 0.566760 0.111030
vt 0.564990 0.111030
vt 0.730430 0.422780
vt 0.728430 0.422780
vt 0.728420 0.430260
vt 0.730420 0.430250
vt 0.728410 0.388770
vt 0.566790 0.245070
vt 0.568920 0.245070
s 1
f 1/1/1 2/2/1 3/3/1
f 1/1/1 4/4/1 2/2/1
f 1/1/1 5/5/1 4/4/1
f 1/1/1 6/6/1 5/5/1
f 1/1/1 7/7/1 6/6/1
f 1/1/1 8/8/1 7/7/1
f 1/1/1 9/9/1 8/8/1
f 1/1/1 11/10/1 10/11/1
f 1/1/1 12/12/1 11/10/1
f 1/1/1 3/3/1 12/12/1
f 13/13/2 14/14/3 15/15/4
f 13/13/2 15/15/4 16/16/5
f 17/17/6 18/18/7 19/19/8
f 17/17/6 19/19/8 20/20/9
f 21/21/10 22/22/11 23/23/12
f 21/21/10 23/23/12 24/24/13
f 25/25/14 26/26/15 27/27/16
f 25/25/14 27/27/16 28/28/17
f 29/29/18 30/30/19 14/14/3
f 29/29/18 14/14/3 13/13/2
f 31/31/20 32/32/21 22/22/11
f 31/31/20 22/22/11 21/21/10
f 33/33/22 34/34/23 26/26/15
f 33/33/22 26/26/15 25/25/14
f 35/35/24 36/36/25 30/30/19
f 35/35/24 30/30/19 29/29/18
f 16/16/5 15/15/4 32/32/21
f 16/16/5 32/32/21 31/31/20
f 37/37/26 38/38/27 34/34/23
f 37/37/26 34/34/23 33/33/22
f 24/24/13 23/23/12 18/18/7
f 24/24/13 18/18/7 17/17/6
f 28/28/17 27/27/16 36/36/25
f 28/28/17 36/36/25 35/35/24
f 32/32/21 39/39/28 40/40/29
f 32/32/21 40/40/29 22/22/11
f 34/34/23 41/41/30 42/42/31
f 34/34/23 42/42/31 26/26/15
f 36/36/25 43/43/32 44/44/33
f 36/36/25 44/44/33 30/30/19
f 15/15/4 45/45/34 39/39/28
f 15/15/4 39/39/28 32/32/21
f 38/38/27 46/46/35 41/41/30
f 38/38/27 41/41/30 34/34/23
f 23/23/12 47/47/36 48/48/37
f 23/23/12 48/48/37 18/18/7
f 27/27/16 49/49/38 43/43/32
f 27/27/16 43/43/32 36/36/25
f 14/14/3 50/50/39 45/45/34
f 14/14/3 45/45/34 15/15/4
f 18/18/7 48/48/37 51/51/40
f 18/18/7 51/51/40 19/19/8
f 22/22/11 40/40/29 47/47/36
f 22/22/11 47/47/36 23/23/12
f 26/26/15 42/42/31 49/49/38
f 26/26/15 49/49/38 27/27/16
f 30/30/19 44/44/33 50/50/39
f 30/30/19 50/50/39 14/14/3
f 52/52/41 53/53/42 54/54/43
f 52/52/41 54/54/43 55/55/44
f 56/56/45 57/57/46 58/58/47
f 56/56/45 58/58/47 59/59/48
f 60/60/49 61/61/50 62/62/51
f 60/60/49 62/62/51 63/63/52
f 64/64/53 65/65/54 53/53/42
f 64/64/53 53/53/42 52/52/41
f 66/66/55 67/67/56 57/57/46
f 66/66/55 57/57/46 56/56/45
f 68/68/57 69/69/58 70/70/59
f 68/68/57 70/70/59 71/71/60
f 72/72/61 73/73/62 61/61/50
f 72/72/61 61/61/50 60/60/49
f 74/74/63 75/75/64 65/65/54
f 74/74/63 65/65/54 64/64/53
f 71/71/60 70/70/59 76/76/56
f 71/71/60 76/76/56 77/77/65
f 55/55/44 54/54/43 69/69/58
f 55/55/44 69/69/58 68/68/57
f 59/59/48 58/58/47 73/73/62
f 59/59/48 73/73/62 72/72/61
f 63/63/52 62/62/51 75/75/64
f 63/63/52 75/75/64 74/74/63
f 62/62/51 78/78/66 79/79/67
f 62/62/51 79/79/67 75/75/64
f 53/53/42 80/80/68 81/81/69
f 53/53/42 81/81/69 54/54/43
f 57/57/46 82/82/70 83/83/71
f 57/57/46 83/83/71 58/58/47
f 61/61/50 84/84/72 78/78/66
f 61/61/50 78/78/66 62/62/51
f 65/65/54 85/85/73 80/80/68
f 65/65/54 80/80/68 53/53/42
f 67/67/56 86/86/74 82/82/70
f 67/67/56 82/82/70 57/57/46
f 69/69/58 87/87/75 88/88/76
f 69/69/58 88/88/76 70/70/59
f 73/73/62 89/89/77 84/84/72
f 73/73/62 84/84/72 61/61/50
f 75/75/64 79/79/67 85/85/73
f 75/75/64 85/85/73 65/65/54
f 70/70/59 88/88/76 90/90/78
f 70/70/59 90/90/78 76/76/56
f 54/54/43 81/81/69 87/87/75
f 54/54/43 87/87/75 69/69/58
f 58/58/47 83/83/71 89/89/77
f 58/58/47 89/89/77 73/73/62
f 78/78/66 91/91/79 92/92/80
f 78/78/66 92/92/80 79/79/67
f 80/80/68 93/93/81 94/94/82
f 80/80/68 94/94/82 81/81/69
f 82/82/70 95/95/83 96/96/84
f 82/82/70 96/96/84 83/83/71
f 84/84/72 97/97/85 91/91/79
f 84/84/72 91/91/79 78/78/66
f 85/85/73 98/98/86 93/93/81
f 85/85/73 93/93/81 80/80/68
f 86/86/74 99/99/87 95/95/83
f 86/86/74 95/95/83 82/82/70
f 87/87/75 100/100/88 101/101/89
f 87/87/75 101/101/89 88/88/76
f 89/89/77 102/102/90 97/97/85
f 89/89/77 97/97/85 84/84/72
f 79/79/67 92/92/80 98/98/86
f 79/79/67 98/98/86 85/85/73
f 88/88/76 101/101/89 103/103/91
f 88/88/76 103/103/91 90/90/78
f 81/81/69 94/94/82 100/100/88
f 81/81/69 100/100/88 87/87/75
f 83/83/71 96/96/84 102/102/90
f 83/83/71 102/102/90 89/89/77
f 94/94/82 104/104/92 105/105/93
f 94/94/82 105/105/93 100/100/88
f 96/96/84 106/106/94 107/107/95
f 96/96/84 107/107/95 102/102/90
f 91/91/79 108/108/96 109/109/97
f 91/91/79 109/109/97 92/92/80
f 93/93/81 110/110/98 104/104/92
f 93/93/81 104/104/92 94/94/82
f 95/95/83 111/111/99 106/106/94
f 95/95/83 106/106/94 96/96/84
f 97/97/85 112/112/100 108/108/96
f 97/97/85 108/108/96 91/91/79
f 98/98/86 113/113/101 110/110/98
f 98/98/86 110/110/98 93/93/81
f 99/99/87 114/114/102 111/111/99
f 99/99/87 111/111/99 95/95/83
f 100/100/88 105/105/93 115/115/103
f 100/100/88 115/115/103 101/101/89
f 102/102/90 107/107/95 112/112/100
f 102/102/90 112/112/100 97/97/85
f 92/92/80 109/109/97 113/113/101
f 92/92/80 113/113/101 98/98/86
f 101/101/89 115/115/103 116/116/104
f 101/101/89 116/116/104 103/103/91
f 117/117/105 118/118/106 119/119/107
f 117/117/105 119/119/107 120/120/108
f 121/121/109 122/122/110 123/123/111
f 121/121/109 123/123/111 124/124/112
f 125/125/113 126/126/114 127/127/115
f 125/125/113 127/127/115 128/128/116
f 129/129/117 130/130/118 131/131/119
f 129/129/117 131/131/119 132/132/120
f 120/120/108 119/119/107 133/133/121
f 120/120/108 133/133/121 134/134/122
f 128/128/116 127/127/115 135/135/123
f 128/128/116 135/135/123 136/136/124
f 132/132/120 131/131/119 137/137/125
f 132/132/120 137/137/125 138/138/126
f 134/134/122 133/133/121 139/139/127
f 134/134/122 139/139/127 140/140/128
f 136/136/124 135/135/123 118/118/106
f 136/136/124 118/118/106 117/117/105
f 138/138/126 137/137/125 141/141/129
f 138/138/126 141/141/129 142/142/130
f 124/124/112 123/123/111 126/126/114
f 124/124/112 126/126/114 125/125/113
f 140/140/128 139/139/127 130/130/118
f 140/140/128 130/130/118 129/129/117
f 118/118/106 143/143/131 144/144/132
f 118/118/106 144/144/132 119/119/107
f 122/122/110 145/145/133 146/146/134
f 122/122/110 146/146/134 123/123/111
f 126/126/114 147/147/135 148/148/136
f 126/126/114 148/148/136 127/127/115
f 130/130/118 149/149/137 150/150/138
f 130/130/118 150/150/138 131/131/119
f 119/119/107 144/144/132 151/151/139
f 119/119/107 151/151/139 133/133/121
f 127/127/115 148/148/136 152/152/140
f 127/127/115 152/152/140 135/135/123
f 131/131/119 150/150/138 153/153/141
f 131/131/119 153/153/141 137/137/125
f 133/133/121 151/151/139 154/154/142
f 133/133/121 154/154/142 139/139/127
f 135/135/123 152/152/140 143/143/131
f 135/135/123 143/143/131 118/118/106
f 137/137/125 153/153/141 155/155/143
f 137/137/125 155/155/143 141/141/129
f 123/123/111 146/146/134 147/147/135
f 123/123/111 147/147/135 126/126/114
f 139/139/127 154/154/142 149/149/137
f 139/139/127 149/149/137 130/130/118
f 154/154/142 156/156/144 157/157/145
f 154/154/142 157/157/145 149/149/137
f 143/143/131 158/158/146 159/159/147
f 143/143/131 159/159/147 144/144/132
f 145/145/133 160/160/148 161/161/149
f 145/145/133 161/161/149 146/146/134
f 147/147/135 162/162/150 163/163/151
f 147/147/135 163/163/151 148/148/136
f 149/149/137 157/157/145 164/164/152
f 149/149/137 164/164/152 150/150/138
f 144/144/132 159/159/147 165/165/153
f 144/144/132 165/165/153 151/151/139
f 148/148/136 163/163/151 166/166/154
f 148/148/136 166/166/154 152/152/140
f 150/150/138 164/164/152 167/167/155
f 150/150/138 167/167/155 153/153/141
f 151/151/139 165/165/153 156/156/144
f 151/151/139 156/156/144 154/154/142
f 152/152/140 166/166/154 158/158/146
f 152/152/140 158/158/146 143/143/131
f 153/153/141 167/167/155 168/168/156
f 153/153/141 168/168/156 155/155/143
f 146/146/134 161/161/149 162/162/150
f 146/146/134 162/162/150 147/147/135
f 160/160/148 169/169/157 161/161/149
f 167/167/155 170/170/158 171/171/159
f 167/167/155 171/171/159 168/168/156
f 161/161/149 172/172/160 173/173/161
f 161/161/149 173/173/161 162/162/150
f 156/156/144 174/174/162 175/175/163
f 156/156/144 175/175/163 157/157/145
f 158/158/146 176/176/164 177/177/165
f 158/158/146 177/177/165 159/159/147
f 169/169/157 172/172/160 161/161/149
f 162/162/150 173/173/161 178/178/166
f 162/162/150 178/178/166 163/163/151
f 157/157/145 175/175/163 179/179/167
f 157/157/145 179/179/167 164/164/152
f 159/159/147 177/177/165 180/180/168
f 159/159/147 180/180/168 165/165/153
f 163/163/151 178/178/166 181/181/169
f 163/163/151 181/181/169 166/166/154
f 164/164/152 179/179/167 170/170/158
f 164/164/152 170/170/158 167/167/155
f 165/165/153 180/180/168 174/174/162
f 165/165/153 174/174/162 156/156/144
f 166/166/154 181/181/169 176/176/164
f 166/166/154 176/176/164 158/158/146
f 112/112/100 182/182/170 183/183/170
f 112/112/100 183/183/170 108/108/96
f 113/113/101 184/184/170 185/185/170
f 113/113/101 185/185/170 110/110/98
f 114/114/102 186/186/170 187/187/170
f 114/114/102 187/187/170 111/111/99
f 105/105/93 188/188/170 189/189/170
f 105/105/93 189/189/170 115/115/103
f 107/107/95 190/190/170 182/182/170
f 107/107/95 182/182/170 112/112/100
f 109/109/97 191/191/170 184/184/170
f 109/109/97 184/184/170 113/113/101
f 115/115/103 189/189/170 192/192/170
f 115/115/103 192/192/170 116/116/104
f 104/104/92 193/193/170 188/188/170
f 104/104/92 188/188/170 105/105/93
f 106/106/94 194/194/170 190/190/170
f 106/106/94 190/190/170 107/107/95
f 108/108/96 183/183/170 191/191/170
f 108/108/96 191/191/170 109/109/97
f 110/110/98 185/185/170 193/193/170
f 110/110/98 193/193/170 104/104/92
f 111/111/99 187/187/170 194/194/170
f 111/111/99 194/194/170 106/106/94
f 195/195/171 196/196/171 197/197/172
f 195/195/171 197/197/172 198/198/172
f 199/199/173 200/200/173 201/201/174
f 199/199/173 201/201/174 202/202/174
f 203/203/175 204/204/175 205/205/176
f 203/203/175 205/205/176 206/206/176
f 207/207/177 208/208/177 209/209/178
f 207/207/177 209/209/178 210/210/178
f 211/211/179 212/212/179 196/196/171
f 211/211/179 196/196/171 195/195/171
f 213/213/180 214/214/180 200/200/173
f 213/213/180 200/200/173 199/199/173
f 210/210/178 209/209/178 215/215/181
f 210/210/178 215/215/181 216/216/181
f 217/217/182 218/218/182 208/208/177
f 217/217/182 208/208/177 207/207/177
f 219/219/183 220/220/183 212/212/179
f 219/219/183 212/212/179 211/211/179
f 198/198/172 197/197/172 214/214/180
f 198/198/172 214/214/180 213/213/180
f 202/202/174 201/201/174 218/218/182
f 202/202/174 218/218/182 217/217/182
f 206/206/176 205/205/176 220/220/183
f 206/206/176 220/220/183 219/219/183
f 221/221/184 222/222/185 223/223/186
f 221/221/184 223/223/186 224/224/187
f 224/224/187 223/223/186 225/225/188
f 224/224/187 225/225/188 226/226/189
f 224/224/187 226/226/189 227/227/190
f 227/227/190 226/226/189 228/228/191
f 227/227/190 228/228/191 229/229/192
f 227/227/190 229/229/192 230/230/193
f 227/227/190 230/230/193 231/231/194
f 231/231/194 230/230/193 232/232/195
f 231/231/194 232/232/195 233/233/196
f 231/231/194 233/233/196 234/234/197
f 234/234/197 233/233/196 235/235/198
f 234/234/197 235/235/198 236/236/199
f 234/234/197 236/236/199 221/221/184
f 221/221/184 236/236/199 237/237/200
f 221/221/184 237/237/200 222/222/185
f 238/238/201 239/239/202 240/240/203
f 238/238/201 241/241/204 239/239/202
f 238/238/201 242/242/205 243/243/206
f 238/238/201 243/243/206 241/241/204
f 242/242/205 244/244/207 243/243/206
f 242/242/205 245/245/208 244/244/207
f 242/242/205 246/246/209 247/247/210
f 242/242/205 247/247/210 245/245/208
f 246/246/209 248/248/211 247/247/210
f 246/246/209 249/249/212 248/248/211
f 246/246/209 250/250/213 251/251/214
f 246/246/209 251/251/214 249/249/212
f 250/250/213 252/252/215 251/251/214
f 250/250/213 253/253/216 252/252/215
f 250/250/213 238/238/201 240/240/203
f 250/250/213 240/240/203 253/253/216
f 254/254/217 255/255/218 256/256/219
f 254/254/217 256/256/219 257/257/220
f 254/254/217 257/257/220 258/258/221
f 254/254/217 258/258/221 259/259/222
f 259/259/222 258/258/221 260/260/223
f 259/259/222 260/260/223 261/261/224
f 259/259/222 261/261/224 262/262/225
f 259/259/222 262/262/225 263/263/226
f 263/263/226 262/262/225 264/264/227
f 263/263/226 264/264/227 265/265/228
f 263/263/226 265/265/228 266/266/229
f 263/263/226 266/266/229 267/267/230
f 267/267/230 266/266/229 268/268/231
f 267/267/230 268/268/231 269/269/232
f 267/267/230 269/269/232 255/255/218
f 267/267/230 255/255/218 254/254/217
f 270/270/233 271/271/234 272/272/235
f 270/270/233 272/272/235 273/273/236
f 274/274/237 275/275/238 276/276/239
f 274/274/237 276/276/239 277/277/240
f 278/278/241 279/279/242 280/280/243
f 278/278/241 280/280/243 281/281/244
f 282/282/245 283/283/246 271/271/234
f 282/282/245 271/271/234 270/270/233
f 284/284/247 285/285/248 275/275/238
f 284/284/247 275/275/238 274/274/237
f 286/286/249 287/287/250 279/279/242
f 286/286/249 279/279/242 278/278/241
f 288/288/251 289/289/252 290/290/253
f 288/288/251 290/290/253 291/291/254
f 292/292/255 293/293/256 283/283/246
f 292/292/255 283/283/246 282/282/245
f 273/273/236 272/272/235 285/285/248
f 273/273/236 285/285/248 284/284/247
f 291/291/254 290/290/253 294/294/257
f 291/291/254 294/294/257 295/295/258
f 277/277/240 276/276/239 289/289/252
f 277/277/240 289/289/252 288/288/251
f 281/281/244 280/280/243 293/293/256
f 281/281/244 293/293/256 292/292/255
f 296/296/259 281/281/244 292/292/255
f 296/296/259 292/292/255 297/297/260
f 298/298/261 277/277/240 288/288/251
f 298/298/261 288/288/251 299/299/262
f 300/300/263 291/291/254 295/295/258
f 300/300/263 295/295/258 301/301/264
f 302/302/265 273/273/236 284/284/247
f 302/302/265 284/284/247 303/303/266
f 297/297/260 292/292/255 282/282/245
f 297/297/260 282/282/245 304/304/267
f 299/299/262 288/288/251 291/291/254
f 299/299/262 291/291/254 300/300/263
f 305/305/268 286/286/249 278/278/241
f 305/305/268 278/278/241 306/306/269
f 303/303/266 284/284/247 274/274/237
f 303/303/266 274/274/237 307/307/270
f 304/304/267 282/282/245 270/270/233
f 304/304/267 270/270/233 308/308/271
f 306/306/269 278/278/241 281/281/244
f 306/306/269 281/281/244 296/296/259
f 307/307/270 274/274/237 277/277/240
f 307/307/270 277/277/240 298/298/261
f 308/308/271 270/270/233 273/273/236
f 308/308/271 273/273/236 302/302/265
f 227/227/190 231/231/194 224/224/187
f 224/224/187 231/231/194 234/234/197
f 224/224/187 234/234/197 221/221/184
f 246/246/209 242/242/205 238/238/201
f 246/246/209 238/238/201 250/250/213
f 259/259/222 263/263/226 254/254/217
f 254/254/217 263/263/226 267/267/230
f 309/309/272 310/310/273 311/311/274
f 309/309/272 311/311/274 312/312/275
f 313/313/276 314/314/277 315/315/278
f 316/316/279 317/317/280 314/314/277
f 316/316/279 314/314/277 313/313/276
f 318/318/281 319/319/282 317/317/280
f 318/318/281 317/317/280 316/316/279
f 318/318/281 320/320/283 319/319/282
f 321/321/284 320/320/283 318/318/281
f 322/322/285 323/323/286 320/320/283
f 322/322/285 320/320/283 321/321/284
f 312/312/275 311/311/274 323/323/286
f 312/312/275 323/323/286 322/322/285
f 314/314/277 324/324/287 315/315/278
f 310/310/273 326/325/288 311/311/274
f 314/314/277 327/326/289 328/327/290
f 314/314/277 328/327/290 324/324/287
f 317/317/280 329/328/291 327/326/289
f 317/317/280 327/326/289 314/314/277
f 319/319/282 330/329/292 329/328/291
f 319/319/282 329/328/291 317/317/280
f 320/320/283 331/330/293 330/329/292
f 320/320/283 330/329/292 319/319/282
f 323/323/286 325/331/294 331/330/293
f 323/323/286 331/330/293 320/320/283
f 311/311/274 325/331/294 323/323/286
f 326/325/288 332/332/295 311/311/274
f 327/326/289 333/333/296 328/327/290
f 311/311/274 332/332/295 325/331/294
f 326/325/288 335/334/297 332/332/295
f 327/326/289 336/335/298 333/333/296
f 329/328/291 337/336/299 336/335/298
f 329/328/291 336/335/298 327/326/289
f 330/329/292 338/337/300 337/336/299
f 330/329/292 337/336/299 329/328/291
f 331/330/293 338/337/300 330/329/292
f 331/330/293 339/338/301 338/337/300
f 325/331/294 334/339/302 339/338/301
f 325/331/294 339/338/301 331/330/293
f 325/331/294 340/340/303 334/339/302
f 332/332/295 340/340/303 325/331/294
f 337/336/299 341/341/304 336/335/298
f 338/337/300 342/342/305 341/341/304
f 338/337/300 341/341/304 337/336/299
f 339/338/301 342/342/305 338/337/300
f 336/335/298 343/343/306 344/344/307
f 336/335/298 344/344/307 333/333/296
f 341/341/304 343/343/306 336/335/298
f 342/342/305 345/345/308 341/341/304
f 342/342/305 346/346/309 345/345/308
f 339/338/301 346/346/309 342/342/305
f 335/334/297 347/347/310 348/348/311
f 335/334/297 348/348/311 332/332/295
f 343/343/306 349/349/312 344/344/307
f 341/341/304 350/350/313 343/343/306
f 345/345/308 350/350/313 341/341/304
f 339/338/301 351/351/314 346/346/309
f 334/339/302 351/351/314 339/338/301
f 332/332/295 348/348/311 340/340/303
f 347/347/310 352/352/315 348/348/311
f 343/343/306 353/353/316 354/354/317
f 343/343/306 354/354/317 349/349/312
f 350/350/313 353/353/316 343/343/306
f 345/345/308 355/355/318 350/350/313
f 346/346/309 356/356/319 355/355/318
f 346/346/309 355/355/318 345/345/308
f 351/351/314 356/356/319 346/346/309
f 334/339/302 357/357/320 351/351/314
f 340/340/303 357/357/320 334/339/302
f 348/348/311 357/357/320 340/340/303
f 352/352/315 358/358/321 359/359/322
f 352/352/315 359/359/322 348/348/311
f 353/353/316 360/360/323 354/354/317
f 350/350/313 361/361/324 353/353/316
f 355/355/318 361/361/324 350/350/313
f 351/351/314 362/362/325 356/356/319
f 357/357/320 362/362/325 351/351/314
f 348/348/311 359/359/322 357/357/320
f 358/358/321 363/363/326 359/359/322
f 353/353/316 364/364/327 365/365/328
f 353/353/316 365/365/328 360/360/323
f 361/361/324 364/364/327 353/353/316
f 355/355/318 366/366/329 361/361/324
f 356/356/319 367/367/330 366/366/329
f 356/356/319 366/366/329 355/355/318
f 356/356/319 362/362/325 367/367/330
f 363/363/326 368/368/331 369/369/332
f 363/363/326 369/369/332 359/359/322
f 364/364/327 370/370/333 365/365/328
f 361/361/324 371/371/334 364/364/327
f 366/366/329 367/367/330 371/371/334
f 366/366/329 371/371/334 361/361/324
f 362/362/325 372/372/335 367/367/330
f 357/357/320 373/373/336 372/372/335
f 357/357/320 372/372/335 362/362/325
f 359/359/322 369/369/332 373/373/336
f 359/359/322 373/373/336 357/357/320
f 368/368/331 374/374/337 375/375/338
f 368/368/331 375/375/338 369/369/332
f 364/364/327 376/376/339 377/377/340
f 364/364/327 377/377/340 370/370/333
f 371/371/334 378/378/341 376/376/339
f 371/371/334 376/376/339 364/364/327
f 367/367/330 379/379/342 378/378/341
f 367/367/330 378/378/341 371/371/334
f 367/367/330 380/380/343 379/379/342
f 372/372/335 380/380/343 367/367/330
f 373/373/336 381/381/344 380/380/343
f 373/373/336 380/380/343 372/372/335
f 369/369/332 375/375/338 381/381/344
f 369/369/332 381/381/344 373/373/336
f 376/376/339 382/382/345 377/377/340
f 379/379/342 383/383/346 378/378/341
f 380/380/343 384/384/347 383/383/346
f 380/380/343 383/383/346 379/379/342
f 381/381/344 384/384/347 380/380/343
f 374/374/337 385/385/348 391/386/349
f 374/374/337 391/386/349 375/375/338
f 376/376/339 386/387/350 387/388/351
f 376/376/339 387/388/351 382/382/345
f 378/378/341 388/389/352 386/387/350
f 378/378/341 386/387/350 376/376/339
f 383/383/346 388/389/352 378/378/341
f 384/384/347 389/390/353 383/383/346
f 381/381/344 390/391/354 384/384/347
f 375/375/338 391/386/349 390/391/354
f 375/375/338 390/391/354 381/381/344
f 389/390/353 392/392/355 383/383/346
f 390/391/354 389/390/353 384/384/347
f 385/385/348 394/393/356 391/386/349
f 386/387/350 395/394/357 387/388/351
f 388/389/352 397/395/358 396/396/359
f 388/389/352 396/396/359 386/387/350
f 383/383/346 398/397/360 397/395/358
f 383/383/346 397/395/358 388/389/352
f 392/392/355 398/397/360 383/383/346
f 389/390/353 399/398/361 392/392/355
f 390/391/354 393/399/362 399/398/361
f 390/391/354 399/398/361 389/390/353
f 391/386/349 400/400/363 393/399/362
f 391/386/349 393/399/362 390/391/354
f 394/393/356 400/400/363 391/386/349
f 392/392/355 399/398/361 398/397/360
f 394/393/356 402/401/364 400/400/363
f 386/387/350 396/396/359 403/402/365
f 386/387/350 403/402/365 395/394/357
f 397/395/358 404/403/366 396/396/359
f 398/397/360 405/404/367 397/395/358
f 393/399/362 401/405/368 399/398/361
f 400/400/363 401/405/368 393/399/362
f 402/401/364 407/406/369 408/407/370
f 402/401/364 408/407/370 400/400/363
f 396/396/359 409/408/371 403/402/365
f 405/404/367 404/403/366 397/395/358
f 398/397/360 410/409/372 405/404/367
f 399/398/361 406/410/373 410/409/372
f 399/398/361 410/409/372 398/397/360
f 399/398/361 411/411/374 406/410/373
f 401/405/368 411/411/374 399/398/361
f 400/400/363 408/407/370 401/405/368
f 407/406/369 413/412/375 408/407/370
f 396/396/359 414/413/376 415/414/377
f 396/396/359 415/414/377 409/408/371
f 404/403/366 414/413/376 396/396/359
f 405/404/367 410/409/372 404/403/366
f 411/411/374 416/415/378 406/410/373
f 401/405/368 412/416/379 411/411/374
f 408/407/370 412/416/379 401/405/368
f 413/412/375 417/417/380 418/418/381
f 413/412/375 418/418/381 408/407/370
f 414/413/376 419/419/382 415/414/377
f 404/403/366 420/420/383 414/413/376
f 410/409/372 420/420/383 404/403/366
f 406/410/373 421/421/384 410/409/372
f 416/415/378 421/421/384 406/410/373
f 412/416/379 416/415/378 411/411/374
f 408/407/370 418/418/381 412/416/379
f 417/417/380 422/422/385 423/423/386
f 417/417/380 423/423/386 418/418/381
f 414/413/376 424/424/387 425/425/388
f 414/413/376 425/425/388 419/419/382
f 420/420/383 424/424/387 414/413/376
f 410/409/372 426/426/389 420/420/383
f 421/421/384 426/426/389 410/409/372
f 412/416/379 427/427/390 421/421/384
f 412/416/379 421/421/384 416/415/378
f 418/418/381 423/423/386 427/427/390
f 418/418/381 427/427/390 412/416/379
f 422/422/385 428/428/391 429/429/392
f 422/422/385 429/429/392 423/423/386
f 424/424/387 430/430/393 425/425/388
f 420/420/383 431/431/394 424/424/387
f 426/426/389 432/432/395 431/431/394
f 426/426/389 431/431/394 420/420/383
f 421/421/384 433/433/396 432/432/395
f 421/421/384 432/432/395 426/426/389
f 421/421/384 434/434/397 433/433/396
f 427/427/390 435/435/398 434/434/397
f 427/427/390 434/434/397 421/421/384
f 423/423/386 429/429/392 435/435/398
f 423/423/386 435/435/398 427/427/390
f 428/428/391 436/436/399 437/437/400
f 428/428/391 437/437/400 429/429/392
f 424/424/387 438/438/401 439/439/402
f 424/424/387 439/439/402 430/430/393
f 431/431/394 438/438/401 424/424/387
f 432/432/395 441/440/403 440/441/404
f 432/432/395 440/441/404 431/431/394
f 433/433/396 441/440/403 432/432/395
f 433/433/396 442/442/405 441/440/403
f 434/434/397 442/442/405 433/433/396
f 435/435/398 443/443/406 434/434/397
f 429/429/392 437/437/400 443/443/406
f 429/429/392 443/443/406 435/435/398
f 436/436/399 444/444/407 445/445/408
f 436/436/399 445/445/408 437/437/400
f 438/438/401 446/446/409 439/439/402
f 431/431/394 440/441/404 438/438/401
f 441/440/403 447/447/410 440/441/404
f 441/440/403 448/448/411 447/447/410
f 442/442/405 448/448/411 441/440/403
f 443/443/406 442/442/405 434/434/397
f 437/437/400 445/445/408 443/443/406
f 444/444/407 449/449/412 450/450/413
f 444/444/407 450/450/413 445/445/408
f 438/438/401 451/451/414 452/452/415
f 438/438/401 452/452/415 446/446/409
f 440/441/404 453/453/416 451/451/414
f 440/441/404 451/451/414 438/438/401
f 447/447/410 455/454/417 454/455/418
f 447/447/410 454/455/418 440/441/404
f 448/448/411 455/454/417 447/447/410
f 443/443/406 456/456/419 448/448/411
f 443/443/406 448/448/411 442/442/405
f 445/445/408 450/450/413 457/457/420
f 445/445/408 457/457/420 443/443/406
f 449/449/412 458/458/421 450/450/413
f 451/451/414 459/459/422 452/452/415
f 454/455/418 453/453/416 440/441/404
f 443/443/406 460/460/423 456/456/419
f 457/457/420 460/460/423 443/443/406
f 458/458/421 461/461/424 462/462/425
f 458/458/421 462/462/425 450/450/413
f 451/451/414 463/463/426 464/464/427
f 451/451/414 464/464/427 459/459/422
f 453/453/416 463/463/426 451/451/414
f 455/454/417 465/465/428 453/453/416
f 455/454/417 453/453/416 454/455/418
f 448/448/411 465/465/428 455/454/417
f 448/448/411 466/466/429 465/465/428
f 456/456/419 466/466/429 448/448/411
f 450/450/413 462/462/425 457/457/420
f 461/461/424 467/467/430 462/462/425
f 463/463/426 468/468/431 464/464/427
f 460/460/423 470/469/432 456/456/419
f 457/457/420 470/469/432 460/460/423
f 467/467/430 471/470/433 472/471/434
f 467/467/430 472/471/434 462/462/425
f 453/453/416 469/472/435 473/473/436
f 453/453/416 473/473/436 463/463/426
f 465/465/428 474/474/437 469/472/435
f 465/465/428 469/472/435 453/453/416
f 465/465/428 475/475/438 474/474/437
f 466/466/429 476/476/439 475/475/438
f 466/466/429 475/475/438 465/465/428
f 456/456/419 470/469/432 476/476/439
f 456/456/419 476/476/439 466/466/429
f 462/462/425 470/469/432 457/457/420
f 471/470/433 477/477/440 472/471/434
f 463/463/426 473/473/436 478/478/441
f 463/463/426 478/478/441 468/468/431
f 474/474/437 479/479/442 469/472/435
f 476/476/439 480/480/443 475/475/438
f 470/469/432 480/480/443 476/476/439
f 462/462/425 472/471/434 481/481/444
f 462/462/425 481/481/444 470/469/432
f 477/477/440 482/482/445 472/471/434
f 469/472/435 479/479/442 473/473/436
f 470/469/432 481/481/444 480/480/443
f 482/482/445 483/483/446 472/471/434
f 473/473/436 484/484/447 485/485/448
f 473/473/436 485/485/448 478/478/441
f 479/479/442 484/484/447 473/473/436
f 474/474/437 486/486/449 479/479/442
f 475/475/438 487/487/450 474/474/437
f 480/480/443 488/488/451 475/475/438
f 481/481/444 489/489/452 480/480/443
f 472/471/434 490/490/453 481/481/444
f 483/483/446 491/491/454 472/471/434
f 479/479/442 486/486/449 484/484/447
f 474/474/437 487/487/450 486/486/449
f 488/488/451 487/487/450 475/475/438
f 480/480/443 489/489/452 488/488/451
f 481/481/444 490/490/453 489/489/452
f 472/471/434 491/491/454 490/490/453
f 483/483/446 492/492/455 491/491/454
f 484/484/447 493/493/456 485/485/448
f 486/486/449 495/494/457 494/495/458
f 486/486/449 494/495/458 484/484/447
f 488/488/451 496/496/459 487/487/450
f 489/489/452 496/496/459 488/488/451
f 490/490/453 497/497/460 489/489/452
f 484/484/447 498/498/461 493/493/456
f 487/487/450 499/499/462 495/494/457
f 487/487/450 495/494/457 486/486/449
f 491/491/454 501/500/463 497/497/460
f 491/491/454 497/497/460 490/490/453
f 492/492/455 500/501/464 501/500/463
f 492/492/455 501/500/463 491/491/454
f 484/484/447 502/502/465 503/503/466
f 484/484/447 503/503/466 498/498/461
f 494/495/458 502/502/465 484/484/447
f 495/494/457 504/504/467 494/495/458
f 496/496/459 505/505/468 499/499/462
f 496/496/459 499/499/462 487/487/450
f 489/489/452 505/505/468 496/496/459
f 497/497/460 507/506/469 506/507/470
f 497/497/460 506/507/470 489/489/452
f 499/499/462 508/508/471 504/504/467
f 499/499/462 504/504/467 495/494/457
f 489/489/452 506/507/470 505/505/468
f 501/500/463 510/509/472 507/506/469
f 501/500/463 507/506/469 497/497/460
f 500/501/464 509/510/473 510/509/472
f 500/501/464 510/509/472 501/500/463
f 502/502/465 511/511/474 512/512/475
f 502/502/465 512/512/475 503/503/466
f 504/504/467 502/502/465 494/495/458
f 499/499/462 513/513/476 508/508/471
f 505/505/468 513/513/476 499/499/462
f 505/505/468 506/507/470 513/513/476
f 504/504/467 514/514/477 511/511/474
f 504/504/467 511/511/474 502/502/465
f 508/508/471 515/515/478 514/514/477
f 508/508/471 514/514/477 504/504/467
f 513/513/476 515/515/478 508/508/471
f 506/507/470 516/516/479 513/513/476
f 507/506/469 517/517/480 506/507/470
f 510/509/472 518/518/481 517/517/480
f 510/509/472 517/517/480 507/506/469
f 509/510/473 519/519/482 520/520/483
f 509/510/473 520/520/483 510/509/472
f 511/511/474 521/521/484 522/522/485
f 511/511/474 522/522/485 512/512/475
f 513/513/476 523/523/486 515/515/478
f 516/516/479 523/523/486 513/513/476
f 517/517/480 516/516/479 506/507/470
f 510/509/472 520/520/483 518/518/481
f 514/514/477 524/524/487 521/521/484
f 514/514/477 521/521/484 511/511/474
f 515/515/478 525/525/488 524/524/487
f 515/515/478 524/524/487 514/514/477
f 523/523/486 525/525/488 515/515/478
f 516/516/479 526/526/489 523/523/486
f 517/517/480 527/527/490 526/526/489
f 517/517/480 526/526/489 516/516/479
f 518/518/481 520/520/483 527/527/490
f 518/518/481 527/527/490 517/517/480
f 519/519/482 528/528/491 529/529/492
f 519/519/482 529/529/492 520/520/483
f 521/521/484 530/530/493 531/531/494
f 521/521/484 531/531/494 522/522/485
f 524/524/487 530/530/493 521/521/484
f 526/526/489 525/525/488 523/523/486
f 520/520/483 529/529/492 527/527/490
f 528/528/491 532/532/495 533/533/496
f 528/528/491 533/533/496 529/529/492
f 524/524/487 534/534/497 530/530/493
f 525/525/488 535/535/498 534/534/497
f 525/525/488 534/534/497 524/524/487
f 525/525/488 536/536/499 535/535/498
f 526/526/489 537/537/500 536/536/499
f 526/526/489 536/536/499 525/525/488
f 527/527/490 529/529/492 537/537/500
f 527/527/490 537/537/500 526/526/489
f 532/532/495 538/538/501 533/533/496
f 530/530/493 539/539/502 540/540/503
f 530/530/493 540/540/503 531/531/494
f 534/534/497 539/539/502 530/530/493
f 529/529/492 542/541/504 541/542/505
f 529/529/492 541/542/505 537/537/500
f 533/533/496 542/541/504 529/529/492
f 538/538/501 543/543/506 533/533/496
f 539/539/502 544/544/507 540/540/503
f 534/534/497 545/545/508 539/539/502
f 535/535/498 546/546/509 545/545/508
f 535/535/498 545/545/508 534/534/497
f 536/536/499 546/546/509 535/535/498
f 536/536/499 541/542/505 546/546/509
f 537/537/500 541/542/505 536/536/499
f 542/541/504 547/547/510 541/542/505
f 533/533/496 543/543/506 542/541/504
f 538/538/501 548/548/511 549/549/512
f 538/538/501 549/549/512 543/543/506
f 539/539/502 550/550/513 551/551/514
f 539/539/502 551/551/514 544/544/507
f 545/545/508 550/550/513 539/539/502
f 546/546/509 552/552/515 545/545/508
f 541/542/505 552/552/515 546/546/509
f 547/547/510 553/553/516 541/542/505
f 543/543/506 549/549/512 547/547/510
f 543/543/506 547/547/510 542/541/504
f 548/548/511 554/554/517 549/549/512
f 550/550/513 555/555/518 551/551/514
f 545/545/508 556/556/519 550/550/513
f 552/552/515 557/557/520 556/556/519
f 552/552/515 556/556/519 545/545/508
f 541/542/505 558/558/521 552/552/515
f 553/553/516 558/558/521 541/542/505
f 547/547/510 559/559/522 553/553/516
f 554/554/517 560/560/523 561/561/524
f 554/554/517 561/561/524 549/549/512
f 550/550/513 562/562/525 555/555/518
f 556/556/519 563/563/526 550/550/513
f 558/558/521 557/557/520 552/552/515
f 559/559/522 558/558/521 553/553/516
f 549/549/512 561/561/524 559/559/522
f 549/549/512 559/559/522 547/547/510
f 550/550/513 563/563/526 564/564/527
f 550/550/513 564/564/527 562/562/525
f 556/556/519 565/565/528 563/563/526
f 557/557/520 566/566/529 565/565/528
f 557/557/520 565/565/528 556/556/519
f 558/558/521 567/567/530 557/557/520
f 560/560/523 568/568/531 569/569/532
f 560/560/523 569/569/532 561/561/524
f 563/563/526 570/570/533 564/564/527
f 565/565/528 571/571/534 563/563/526
f 567/567/530 566/566/529 557/557/520
f 558/558/521 572/572/535 567/567/530
f 559/559/522 573/573/536 572/572/535
f 559/559/522 572/572/535 558/558/521
f 561/561/524 569/569/532 573/573/536
f 561/561/524 573/573/536 559/559/522
f 563/563/526 571/571/534 574/574/537
f 563/563/526 574/574/537 570/570/533
f 565/565/528 575/575/538 571/571/534
f 566/566/529 576/576/539 575/575/538
f 566/566/529 575/575/538 565/565/528
f 567/567/530 577/577/540 566/566/529
f 572/572/535 577/577/540 567/567/530
f 568/568/531 578/578/541 579/579/542
f 568/568/531 579/579/542 569/569/532
f 571/571/534 580/580/543 574/574/537
f 575/575/538 581/581/544 571/571/534
f 577/577/540 576/576/539 566/566/529
f 572/572/535 582/582/545 577/577/540
f 573/573/536 583/583/546 582/582/545
f 573/573/536 582/582/545 572/572/535
f 569/569/532 579/579/542 583/583/546
f 569/569/532 583/583/546 573/573/536
f 571/571/534 584/584/547 580/580/543
f 581/581/544 584/584/547 571/571/534
f 575/575/538 585/585/548 581/581/544
f 576/576/539 586/586/549 585/585/548
f 576/576/539 585/585/548 575/575/538
f 577/577/540 582/582/545 576/576/539
f 578/578/541 587/587/550 588/588/551
f 578/578/541 588/588/551 579/579/542
f 584/584/547 589/589/552 580/580/543
f 585/585/548 584/584/547 581/581/544
f 582/582/545 586/586/549 576/576/539
f 582/582/545 590/590/553 586/586/549
f 583/583/546 591/591/554 590/590/553
f 583/583/546 590/590/553 582/582/545
f 579/579/542 588/588/551 591/591/554
f 579/579/542 591/591/554 583/583/546
f 587/587/550 592/592/555 588/588/551
f 585/585/548 593/593/556 584/584/547
f 586/586/549 594/594/557 593/593/556
f 586/586/549 593/593/556 585/585/548
f 586/586/549 595/595/558 594/594/557
f 590/590/553 595/595/558 586/586/549
f 592/592/555 596/596/559 588/588/551
f 584/584/547 597/597/560 598/598/561
f 584/584/547 598/598/561 589/589/552
f 593/593/556 597/597/560 584/584/547
f 594/594/557 599/599/562 593/593/556
f 590/590/553 600/600/563 595/595/558
f 591/591/554 601/601/564 600/600/563
f 591/591/554 600/600/563 590/590/553
f 588/588/551 601/601/564 591/591/554
f 596/596/559 602/602/565 588/588/551
f 597/597/560 603/603/566 598/598/561
f 599/599/562 597/597/560 593/593/556
f 594/594/557 604/604/567 599/599/562
f 595/595/558 605/605/568 604/604/567
f 595/595/558 604/604/567 594/594/557
f 588/588/551 602/602/565 601/601/564
f 596/596/559 606/606/569 602/602/565
f 597/597/560 607/607/570 603/603/566
f 604/604/567 609/608/571 608/609/572
f 604/604/567 608/609/572 599/599/562
f 604/604/567 605/605/568 609/608/571
f 595/595/558 610/610/573 605/605/568
f 600/600/563 610/610/573 595/595/558
f 601/601/564 610/610/573 600/600/563
f 602/602/565 611/611/574 601/601/564
f 606/606/569 612/612/575 613/613/576
f 606/606/569 613/613/576 602/602/565
f 597/597/560 614/614/577 615/615/578
f 597/597/560 615/615/578 607/607/570
f 599/599/562 608/609/572 614/614/577
f 599/599/562 614/614/577 597/597/560
f 601/601/564 616/616/579 610/610/573
f 611/611/574 616/616/579 601/601/564
f 602/602/565 613/613/576 611/611/574
f 612/612/575 617/617/580 613/613/576
f 614/614/577 618/618/581 615/615/578
f 608/609/572 619/619/582 614/614/577
f 609/608/571 621/620/583 620/621/584
f 609/608/571 620/621/584 608/609/572
f 605/605/568 621/620/583 609/608/571
f 610/610/573 622/622/585 605/605/568
f 616/616/579 622/622/585 610/610/573
f 613/613/576 616/616/579 611/611/574
f 617/617/580 623/623/586 613/613/576
f 614/614/577 619/619/582 624/624/587
f 614/614/577 624/624/587 618/618/581
f 608/609/572 620/621/584 619/619/582
f 605/605/568 625/625/588 621/620/583
f 622/622/585 625/625/588 605/605/568
f 616/616/579 626/626/589 622/622/585
f 613/613/576 623/623/586 616/616/579
f 617/617/580 627/627/590 623/623/586
f 619/619/582 628/628/591 624/624/587
f 620/621/584 630/629/592 629/630/593
f 620/621/584 629/630/593 619/619/582
f 621/620/583 631/631/594 630/629/592
f 621/620/583 630/629/592 620/621/584
f 625/625/588 631/631/594 621/620/583
f 622/622/585 632/632/595 625/625/588
f 626/626/589 632/632/595 622/622/585
f 616/616/579 633/633/596 626/626/589
f 623/623/586 633/633/596 616/616/579
f 627/627/590 634/634/597 623/623/586
f 619/619/582 629/630/593 635/635/598
f 619/619/582 635/635/598 628/628/591
f 625/625/588 636/636/599 631/631/594
f 632/632/595 636/636/599 625/625/588
f 626/626/589 633/633/596 632/632/595
f 623/623/586 634/634/597 633/633/596
f 627/627/590 637/637/600 634/634/597
f 629/630/593 638/638/601 635/635/598
f 630/629/592 640/639/602 639/640/603
f 630/629/592 639/640/603 629/630/593
f 631/631/594 641/641/604 640/639/602
f 631/631/594 640/639/602 630/629/592
f 636/636/599 641/641/604 631/631/594
f 632/632/595 642/642/605 636/636/599
f 633/633/596 643/643/606 642/642/605
f 633/633/596 642/642/605 632/632/595
f 634/634/597 643/643/606 633/633/596
f 637/637/600 644/644/607 634/634/597
f 629/630/593 645/645/608 638/638/601
f 639/640/603 645/645/608 629/630/593
f 642/642/605 641/641/604 636/636/599
f 634/634/597 644/644/607 643/643/606
f 637/637/600 646/646/609 644/644/607
f 645/645/608 647/647/610 638/638/601
f 640/639/602 648/648/611 645/645/608
f 640/639/602 645/645/608 639/640/603
f 641/641/604 649/649/612 648/648/611
f 641/641/604 648/648/611 640/639/602
f 642/642/605 650/650/613 649/649/612
f 642/642/605 649/649/612 641/641/604
f 643/643/606 651/651/614 650/650/613
f 643/643/606 650/650/613 642/642/605
f 644/644/607 651/651/614 643/643/606
f 646/646/609 652/652/615 653/653/616
f 646/646/609 653/653/616 644/644/607
f 648/648/611 654/654/617 645/645/608
f 649/649/612 654/654/617 648/648/611
f 649/649/612 656/655/618 655/656/619
f 650/650/613 656/655/618 649/649/612
f 651/651/614 657/657/620 656/655/618
f 651/651/614 656/655/618 650/650/613
f 644/644/607 653/653/616 657/657/620
f 644/644/607 657/657/620 651/651/614
f 652/652/615 658/658/621 653/653/616
f 645/645/608 659/659/622 660/660/623
f 645/645/608 660/660/623 647/647/610
f 654/654/617 659/659/622 645/645/608
f 649/649/612 655/656/619 654/654/617
f 656/655/618 661/661/624 655/656/619
f 653/653/616 662/662/625 657/657/620
f 658/658/621 663/663/626 653/653/616
f 659/659/622 664/664/627 660/660/623
f 654/654/617 665/665/628 659/659/622
f 655/656/619 666/666/629 665/665/628
f 655/656/619 665/665/628 654/654/617
f 661/661/624 666/666/629 655/656/619
f 656/655/618 667/667/630 661/661/624
f 657/657/620 662/662/625 667/667/630
f 657/657/620 667/667/630 656/655/618
f 653/653/616 663/663/626 662/662/625
f 658/658/621 668/668/631 669/669/632
f 658/658/621 669/669/632 663/663/626
f 659/659/622 670/670/633 671/671/634
f 659/659/622 671/671/634 664/664/627
f 665/665/628 670/670/633 659/659/622
f 666/666/629 672/672/635 665/665/628
f 661/661/624 673/673/636 666/666/629
f 667/667/630 673/673/636 661/661/624
f 662/662/625 674/674/637 667/667/630
f 663/663/626 669/669/632 674/674/637
f 663/663/626 674/674/637 662/662/625
f 668/668/631 675/675/638 669/669/632
f 670/670/633 676/676/639 671/671/634
f 665/665/628 677/677/640 670/670/633
f 672/672/635 677/677/640 665/665/628
f 666/666/629 673/673/636 672/672/635
f 674/674/637 673/673/636 667/667/630
f 675/675/638 678/678/641 669/669/632
f 670/670/633 679/679/642 676/676/639
f 677/677/640 680/680/643 670/670/633
f 672/672/635 681/681/644 677/677/640
f 673/673/636 681/681/644 672/672/635
f 674/674/637 682/682/645 673/673/636
f 669/669/632 678/678/641 682/682/645
f 669/669/632 682/682/645 674/674/637
f 675/675/638 683/683/646 678/678/641
f 670/670/633 684/684/647 685/685/648
f 670/670/633 685/685/648 679/679/642
f 680/680/643 684/684/647 670/670/633
f 681/681/644 680/680/643 677/677/640
f 673/673/636 686/686/649 681/681/644
f 682/682/645 686/686/649 673/673/636
f 683/683/646 687/687/650 678/678/641
f 684/684/647 688/688/651 685/685/648
f 680/680/643 690/689/652 689/690/653
f 680/680/643 689/690/653 684/684/647
f 681/681/644 691/691/654 690/689/652
f 681/681/644 690/689/652 680/680/643
f 686/686/649 691/691/654 681/681/644
f 682/682/645 692/692/655 686/686/649
f 678/678/641 687/687/650 692/692/655
f 678/678/641 692/692/655 682/682/645
f 683/683/646 693/693/656 687/687/650
f 684/684/647 689/690/653 688/688/651
f 686/686/649 694/694/657 691/691/654
f 692/692/655 694/694/657 686/686/649
f 693/693/656 695/695/658 687/687/650
f 689/690/653 696/696/659 688/688/651
f 690/689/652 697/697/660 701/698/661
f 690/689/652 701/698/661 689/690/653
f 691/691/654 698/699/662 697/697/660
f 691/691/654 697/697/660 690/689/652
f 694/694/657 698/699/662 691/691/654
f 692/692/655 699/700/663 694/694/657
f 687/687/650 695/695/658 699/700/663
f 687/687/650 699/700/663 692/692/655
f 693/693/656 700/701/664 695/695/658
f 689/690/653 701/698/661 696/696/659
f 694/694/657 702/702/665 698/699/662
f 699/700/663 702/702/665 694/694/657
f 700/701/664 703/703/666 695/695/658
f 701/698/661 704/704/667 696/696/659
f 697/697/660 705/705/668 701/698/661
f 698/699/662 706/706/669 705/705/668
f 698/699/662 705/705/668 697/697/660
f 702/702/665 706/706/669 698/699/662
f 699/700/663 707/707/670 702/702/665
f 695/695/658 703/703/666 707/707/670
f 695/695/658 707/707/670 699/700/663
f 700/701/664 708/708/671 703/703/666
f 701/698/661 709/709/672 704/704/667
f 705/705/668 709/709/672 701/698/661
f 702/702/665 710/710/673 706/706/669
f 707/707/670 710/710/673 702/702/665
f 708/708/671 711/711/674 712/712/675
f 708/708/671 712/712/675 703/703/666
f 709/709/672 713/713/676 704/704/667
f 705/705/668 714/714/677 709/709/672
f 706/706/669 715/715/678 714/714/677
f 706/706/669 714/714/677 705/705/668
f 710/710/673 715/715/678 706/706/669
f 707/707/670 716/716/679 710/710/673
f 703/703/666 712/712/675 716/716/679
f 703/703/666 716/716/679 707/707/670
f 711/711/674 717/717/680 718/718/681
f 711/711/674 718/718/681 712/712/675
f 709/709/672 719/719/682 720/720/683
f 709/709/672 720/720/683 713/713/676
f 714/714/677 721/721/684 719/719/682
f 714/714/677 719/719/682 709/709/672
f 715/715/678 722/722/685 721/721/684
f 715/715/678 721/721/684 714/714/677
f 710/710/673 723/723/686 722/722/685
f 710/710/673 722/722/685 715/715/678
f 716/716/679 724/724/687 723/723/686
f 716/716/679 723/723/686 710/710/673
f 712/712/675 718/718/681 724/724/687
f 712/712/675 724/724/687 716/716/679
f 717/717/680 725/725/688 726/726/689
f 717/717/680 726/726/689 718/718/681
f 719/719/682 727/727/690 728/728/691
f 719/719/682 728/728/691 720/720/683
f 721/721/684 729/729/692 727/727/690
f 721/721/684 727/727/690 719/719/682
f 722/722/685 730/730/693 729/729/692
f 722/722/685 729/729/692 721/721/684
f 723/723/686 731/731/694 730/730/693
f 723/723/686 730/730/693 722/722/685
f 724/724/687 732/732/695 731/731/694
f 724/724/687 731/731/694 723/723/686
f 718/718/681 726/726/689 732/732/695
f 718/718/681 732/732/695 724/724/687
f 725/725/688 733/733/696 734/734/697
f 725/725/688 734/734/697 726/726/689
f 727/727/690 735/735/698 736/736/699
f 727/727/690 736/736/699 728/728/691
f 729/729/692 737/737/700 735/735/698
f 729/729/692 735/735/698 727/727/690
f 730/730/693 738/738/701 737/737/700
f 730/730/693 737/737/700 729/729/692
f 730/730/693 739/739/702 738/738/701
f 731/731/694 739/739/702 730/730/693
f 732/732/695 740/740/703 739/739/702
f 732/732/695 739/739/702 731/731/694
f 726/726/689 734/734/697 740/740/703
f 726/726/689 740/740/703 732/732/695
f 733/733/696 741/741/704 734/734/697
f 735/735/698 742/742/705 736/736/699
f 738/738/701 743/743/706 737/737/700
f 739/739/702 743/743/706 738/738/701
f 740/740/703 745/744/707 744/745/708
f 740/740/703 744/745/708 739/739/702
f 741/741/704 746/746/709 747/747/710
f 741/741/704 747/747/710 734/734/697
f 735/735/698 748/748/711 749/749/712
f 735/735/698 749/749/712 742/742/705
f 737/737/700 750/750/713 748/748/711
f 737/737/700 748/748/711 735/735/698
f 743/743/706 751/751/714 737/737/700
f 739/739/702 753/752/715 752/753/716
f 739/739/702 752/753/716 743/743/706
f 744/745/708 753/752/715 739/739/702
f 744/745/708 754/754/717 753/752/715
f 745/744/707 754/754/717 744/745/708
f 734/734/697 747/747/710 745/744/707
f 734/734/697 745/744/707 740/740/703
f 746/746/709 755/755/718 747/747/710
f 748/748/711 756/756/719 749/749/712
f 737/737/700 757/757/720 750/750/713
f 751/751/714 757/757/720 737/737/700
f 743/743/706 752/753/716 751/751/714
f 745/744/707 758/758/721 754/754/717
f 747/747/710 758/758/721 745/744/707
f 755/755/718 759/759/722 760/760/723
f 755/755/718 760/760/723 747/747/710
f 748/748/711 761/761/724 762/762/725
f 748/748/711 762/762/725 756/756/719
f 750/750/713 757/757/720 761/761/724
f 750/750/713 761/761/724 748/748/711
f 752/753/716 763/763/726 757/757/720
f 752/753/716 757/757/720 751/751/714
f 753/752/715 764/764/727 763/763/726
f 753/752/715 763/763/726 752/753/716
f 753/752/715 765/765/728 764/764/727
f 754/754/717 765/765/728 753/752/715
f 758/758/721 765/765/728 754/754/717
f 747/747/710 760/760/723 758/758/721
f 759/759/722 766/766/729 760/760/723
f 761/761/724 767/767/730 762/762/725
f 758/758/721 768/768/731 764/764/727
f 758/758/721 764/764/727 765/765/728
f 760/760/723 768/768/731 758/758/721
f 766/766/729 769/769/732 770/770/733
f 766/766/729 770/770/733 760/760/723
f 761/761/724 771/771/734 772/772/735
f 761/761/724 772/772/735 767/767/730
f 757/757/720 773/773/736 771/771/734
f 757/757/720 771/771/734 761/761/724
f 763/763/726 774/774/737 773/773/736
f 763/763/726 773/773/736 757/757/720
f 764/764/727 775/775/738 774/774/737
f 764/764/727 774/774/737 763/763/726
f 768/768/731 775/775/738 764/764/727
f 760/760/723 770/770/733 768/768/731
f 769/769/732 776/776/739 777/777/740
f 769/769/732 777/777/740 770/770/733
f 771/771/734 778/778/741 779/779/742
f 771/771/734 779/779/742 772/772/735
f 773/773/736 780/780/743 778/778/741
f 773/773/736 778/778/741 771/771/734
f 774/774/737 781/781/744 780/780/743
f 774/774/737 780/780/743 773/773/736
f 775/775/738 782/782/745 781/781/744
f 775/775/738 781/781/744 774/774/737
f 768/768/731 783/783/746 782/782/745
f 768/768/731 782/782/745 775/775/738
f 770/770/733 777/777/740 783/783/746
f 770/770/733 783/783/746 768/768/731
f 776/776/739 784/784/747 785/785/748
f 776/776/739 785/785/748 777/777/740
f 778/778/741 786/786/749 787/787/750
f 778/778/741 787/787/750 779/779/742
f 780/780/743 788/788/751 786/786/749
f 780/780/743 786/786/749 778/778/741
f 781/781/744 789/789/752 788/788/751
f 781/781/744 788/788/751 780/780/743
f 782/782/745 790/790/753 789/789/752
f 782/782/745 789/789/752 781/781/744
f 783/783/746 791/791/754 790/790/753
f 783/783/746 790/790/753 782/782/745
f 777/777/740 785/785/748 791/791/754
f 777/777/740 791/791/754 783/783/746
f 784/784/747 792/792/755 793/793/756
f 784/784/747 793/793/756 785/785/748
f 786/786/749 794/794/757 795/795/758
f 786/786/749 795/795/758 787/787/750
f 788/788/751 796/796/759 794/794/757
f 788/788/751 794/794/757 786/786/749
f 789/789/752 797/797/760 796/796/759
f 789/789/752 796/796/759 788/788/751
f 790/790/753 797/797/760 789/789/752
f 790/790/753 798/798/761 797/797/760
f 791/791/754 798/798/761 790/790/753
f 785/785/748 793/793/756 798/798/761
f 785/785/748 798/798/761 791/791/754
f 800/799/762 801/800/763 802/801/764
f 803/802/765 800/799/762 804/803/766
f 805/804/767 806/805/768 807/806/769
f 808/807/770 809/808/771 810/809/772
f 811/810/773 812/811/774 813/812/775
f 814/813/776 809/808/771 806/805/768
f 815/814/777 816/815/778 806/805/768
f 800/799/762 812/811/774 817/816/779
f 817/816/779 799/817/780 800/799/762
f 818/818/781 814/813/776 806/805/768
f 820/819/782 821/820/783 822/821/784
f 823/822/785 824/823/786 820/819/782
f 825/824/787 826/825/788 827/826/789
f 828/827/790 829/828/791 830/829/792
f 831/830/793 832/831/794 833/832/795
f 834/833/796 827/826/789 830/829/792
f 835/834/797 827/826/789 836/835/798
f 820/819/782 837/836/799 833/832/795
f 837/836/799 820/819/782 819/837/800
f 838/838/801 827/826/789 834/833/796
f 806/805/768 805/804/767 804/803/766
f 806/805/768 804/803/766 800/799/762
f 806/805/768 800/799/762 802/801/764
f 806/805/768 802/801/764 815/814/777
f 800/799/762 803/802/765 813/812/775
f 800/799/762 813/812/775 812/811/774
f 812/811/774 811/810/773 810/809/772
f 812/811/774 810/809/772 809/808/771
f 809/808/771 808/807/770 807/806/769
f 809/808/771 807/806/769 806/805/768
f 827/826/789 820/819/782 824/823/786
f 827/826/789 824/823/786 825/824/787
f 827/826/789 835/834/797 821/820/783
f 827/826/789 821/820/783 820/819/782
f 820/819/782 833/832/795 832/831/794
f 820/819/782 832/831/794 823/822/785
f 833/832/795 830/829/792 829/828/791
f 833/832/795 829/828/791 831/830/793
f 830/829/792 827/826/789 826/825/788
f 830/829/792 826/825/788 828/827/790
f 839/839/802 840/840/803 841/841/804
f 839/839/805 841/841/806 842/842/807
f 843/843/808 844/844/808 845/845/808
f 843/843/809 845/845/809 846/846/809
f 847/847/810 848/848/811 849/849/812
f 847/847/813 849/849/814 850/850/815
f 851/851/816 852/852/816 853/853/816
f 851/851/816 853/853/817 854/854/816
f 842/842/818 841/841/819 855/855/820
f 856/856/821 857/857/822 844/844/821
f 856/856/822 844/844/822 843/843/822
f 858/858/823 859/859/824 860/860/823
f 858/858/825 860/860/824 861/861/823
f 862/862/826 863/863/827 864/864/828
f 862/862/829 864/864/830 865/865/831
f 866/866/832 867/867/833 848/848/834
f 866/866/835 848/848/836 847/847/837
f 868/868/838 869/869/838 863/863/838
f 868/868/838 863/863/838 862/862/838
f 842/842/818 855/855/820 872/870/839
f 842/842/818 872/870/839 873/871/840
f 854/854/841 853/853/842 871/872/843
f 854/854/844 871/872/845 870/873/846
f 865/865/831 864/864/830 874/874/847
f 865/865/847 874/874/848 875/875/849
f 876/876/850 877/877/850 878/878/850
f 876/876/850 878/878/850 879/879/850
f 879/879/851 878/878/851 857/857/851
f 879/879/851 857/857/852 856/856/851
f 861/861/853 860/860/853 880/850/854
f 861/861/854 880/850/854 881/880/853
f 882/881/855 883/882/856 840/840/857
f 882/881/858 840/840/859 839/839/860
